Hours,Scenarios,CT
1,1,971
1,2,1015
1,3,1014
1,4,965
1,5,978
1,6,1077
1,7,1060
1,8,1024
1,9,975
1,10,964
1,11,957
1,12,947
1,13,1037
1,14,1015
1,15,983
1,16,1002
1,17,986
1,18,928
1,19,903
1,20,928
1,21,944
1,22,956
1,23,927
1,24,961
1,25,982
1,26,927
1,27,978
1,28,974
1,29,979
1,30,976
1,31,1021
1,32,996
1,33,985
1,34,1012
1,35,1042
1,36,1006
1,37,1012
1,38,1095
1,39,1036
1,40,1033
1,41,975
1,42,1028
1,43,1039
1,44,1022
1,45,1054
1,46,1033
1,47,1008
1,48,1020
1,49,1056
1,50,974
1,51,981
1,52,1010
1,53,995
1,54,1007
1,55,1003
1,56,1034
1,57,992
1,58,1037
1,59,1127
1,60,1058
1,61,930
1,62,909
1,63,939
1,64,926
1,65,994
1,66,988
1,67,986
1,68,992
1,69,1015
1,70,979
1,71,959
1,72,952
1,73,947
1,74,938
1,75,931
1,76,924
1,77,923
1,78,944
1,79,952
1,80,939
1,81,928
1,82,939
1,83,921
1,84,939
1,85,950
1,86,954
1,87,968
1,88,967
1,89,993
1,90,952
2,1,949
2,2,986
2,3,980
2,4,957
2,5,950
2,6,1039
2,7,1033
2,8,986
2,9,945
2,10,927
2,11,917
2,12,933
2,13,1017
2,14,999
2,15,957
2,16,976
2,17,954
2,18,897
2,19,884
2,20,898
2,21,912
2,22,921
2,23,897
2,24,921
2,25,946
2,26,902
2,27,949
2,28,955
2,29,956
2,30,938
2,31,994
2,32,968
2,33,982
2,34,980
2,35,1004
2,36,975
2,37,986
2,38,1060
2,39,1000
2,40,999
2,41,969
2,42,1004
2,43,1011
2,44,982
2,45,1026
2,46,995
2,47,980
2,48,991
2,49,1023
2,50,947
2,51,950
2,52,983
2,53,965
2,54,967
2,55,979
2,56,1003
2,57,977
2,58,1007
2,59,1083
2,60,1017
2,61,891
2,62,917
2,63,910
2,64,913
2,65,964
2,66,959
2,67,952
2,68,968
2,69,986
2,70,952
2,71,935
2,72,934
2,73,917
2,74,908
2,75,898
2,76,885
2,77,898
2,78,910
2,79,923
2,80,907
2,81,899
2,82,908
2,83,891
2,84,914
2,85,922
2,86,940
2,87,938
2,88,930
2,89,961
2,90,926
3,1,942
3,2,977
3,3,958
3,4,937
3,5,942
3,6,1027
3,7,1022
3,8,976
3,9,936
3,10,921
3,11,910
3,12,932
3,13,1013
3,14,988
3,15,954
3,16,966
3,17,937
3,18,878
3,19,880
3,20,884
3,21,906
3,22,898
3,23,887
3,24,920
3,25,935
3,26,901
3,27,920
3,28,949
3,29,945
3,30,915
3,31,974
3,32,948
3,33,945
3,34,970
3,35,973
3,36,971
3,37,984
3,38,1048
3,39,991
3,40,980
3,41,962
3,42,988
3,43,992
3,44,978
3,45,1019
3,46,983
3,47,967
3,48,989
3,49,1012
3,50,945
3,51,942
3,52,972
3,53,946
3,54,941
3,55,978
3,56,997
3,57,981
3,58,992
3,59,1078
3,60,1000
3,61,880
3,62,887
3,63,902
3,64,908
3,65,951
3,66,946
3,67,937
3,68,951
3,69,954
3,70,946
3,71,924
3,72,924
3,73,903
3,74,896
3,75,879
3,76,876
3,77,891
3,78,898
3,79,906
3,80,887
3,81,867
3,82,898
3,83,880
3,84,903
3,85,911
3,86,921
3,87,931
3,88,909
3,89,940
3,90,909
4,1,963
4,2,980
4,3,947
4,4,925
4,5,950
4,6,1022
4,7,1017
4,8,981
4,9,935
4,10,924
4,11,915
4,12,927
4,13,1012
4,14,979
4,15,955
4,16,966
4,17,935
4,18,871
4,19,879
4,20,878
4,21,907
4,22,893
4,23,882
4,24,910
4,25,926
4,26,919
4,27,918
4,28,938
4,29,951
4,30,917
4,31,968
4,32,948
4,33,946
4,34,973
4,35,971
4,36,959
4,37,977
4,38,1036
4,39,984
4,40,971
4,41,966
4,42,994
4,43,995
4,44,976
4,45,1021
4,46,986
4,47,952
4,48,994
4,49,1026
4,50,930
4,51,1011
4,52,966
4,53,947
4,54,940
4,55,987
4,56,990
4,57,985
4,58,993
4,59,1080
4,60,955
4,61,869
4,62,870
4,63,913
4,64,908
4,65,950
4,66,948
4,67,937
4,68,954
4,69,949
4,70,947
4,71,933
4,72,935
4,73,904
4,74,904
4,75,873
4,76,864
4,77,899
4,78,898
4,79,897
4,80,885
4,81,879
4,82,899
4,83,871
4,84,903
4,85,913
4,86,924
4,87,928
4,88,911
4,89,940
4,90,904
5,1,1008
5,2,1023
5,3,963
5,4,927
5,5,993
5,6,1047
5,7,1057
5,8,1022
5,9,974
5,10,940
5,11,929
5,12,976
5,13,1050
5,14,1019
5,15,1003
5,16,1004
5,17,951
5,18,883
5,19,916
5,20,905
5,21,946
5,22,933
5,23,907
5,24,920
5,25,935
5,26,958
5,27,952
5,28,966
5,29,991
5,30,953
5,31,1012
5,32,966
5,33,959
5,34,1022
5,35,1013
5,36,999
5,37,1017
5,38,1075
5,39,1000
5,40,982
5,41,1021
5,42,1025
5,43,1022
5,44,1023
5,45,1074
5,46,996
5,47,968
5,48,1023
5,49,1066
5,50,971
5,51,1048
5,52,1000
5,53,958
5,54,944
5,55,1021
5,56,1031
5,57,1029
5,58,1029
5,59,1113
5,60,964
5,61,879
5,62,863
5,63,951
5,64,947
5,65,980
5,66,987
5,67,972
5,68,960
5,69,951
5,70,992
5,71,979
5,72,974
5,73,946
5,74,930
5,75,886
5,76,872
5,77,928
5,78,937
5,79,931
5,80,929
5,81,911
5,82,910
5,83,886
5,84,946
5,85,959
5,86,965
5,87,970
5,88,968
5,89,945
5,90,913
6,1,1129
6,2,1152
6,3,1004
6,4,952
6,5,1115
6,6,1167
6,7,1184
6,8,1160
6,9,1097
6,10,974
6,11,959
6,12,1109
6,13,1145
6,14,1135
6,15,1130
6,16,1126
6,17,995
6,18,906
6,19,1011
6,20,1001
6,21,1043
6,22,1039
6,23,1002
6,24,963
6,25,956
6,26,1082
6,27,1078
6,28,1073
6,29,1093
6,30,1055
6,31,1136
6,32,995
6,33,977
6,34,1135
6,35,1136
6,36,1114
6,37,1123
6,38,1200
6,39,1027
6,40,1010
6,41,1144
6,42,1140
6,43,1143
6,44,1146
6,45,1198
6,46,1049
6,47,1019
6,48,1115
6,49,1167
6,50,1068
6,51,1149
6,52,1098
6,53,995
6,54,964
6,55,1143
6,56,1157
6,57,1137
6,58,1161
6,59,1232
6,60,1000
6,61,916
6,62,898
6,63,1077
6,64,1073
6,65,1119
6,66,1108
6,67,1099
6,68,1015
6,69,986
6,70,1117
6,71,1112
6,72,1109
6,73,1073
6,74,1061
6,75,928
6,76,904
6,77,1025
6,78,1043
6,79,1032
6,80,1038
6,81,1012
6,82,958
6,83,911
6,84,1079
6,85,1083
6,86,1096
6,87,1084
6,88,1087
6,89,972
6,90,928
7,1,1318
7,2,1357
7,3,1089
7,4,979
7,5,1333
7,6,1353
7,7,1373
7,8,1356
7,9,1275
7,10,1039
7,11,1008
7,12,1313
7,13,1347
7,14,1312
7,15,1338
7,16,1305
7,17,1067
7,18,939
7,19,1137
7,20,1142
7,21,1183
7,22,1171
7,23,1132
7,24,1025
7,25,993
7,26,1291
7,27,1281
7,28,1254
7,29,1284
7,30,1244
7,31,1332
7,32,1093
7,33,1027
7,34,1325
7,35,1341
7,36,1307
7,37,1313
7,38,1392
7,39,1093
7,40,1043
7,41,1343
7,42,1329
7,43,1332
7,44,1332
7,45,1375
7,46,1104
7,47,1069
7,48,1210
7,49,1288
7,50,1206
7,51,1270
7,52,1218
7,53,1064
7,54,1000
7,55,1341
7,56,1342
7,57,1333
7,58,1364
7,59,1417
7,60,1075
7,61,1001
7,62,931
7,63,1259
7,64,1275
7,65,1305
7,66,1299
7,67,1284
7,68,1100
7,69,1038
7,70,1306
7,71,1301
7,72,1297
7,73,1275
7,74,1218
7,75,1001
7,76,951
7,77,1146
7,78,1184
7,79,1176
7,80,1152
7,81,1146
7,82,1027
7,83,955
7,84,1288
7,85,1254
7,86,1271
7,87,1264
7,88,1273
7,89,1032
7,90,968
8,1,1402
8,2,1452
8,3,1217
8,4,1057
8,5,1432
8,6,1444
8,7,1444
8,8,1423
8,9,1361
8,10,1148
8,11,1121
8,12,1401
8,13,1435
8,14,1441
8,15,1439
8,16,1413
8,17,1169
8,18,1046
8,19,1263
8,20,1265
8,21,1297
8,22,1294
8,23,1267
8,24,1143
8,25,1092
8,26,1408
8,27,1393
8,28,1340
8,29,1381
8,30,1341
8,31,1424
8,32,1222
8,33,1095
8,34,1427
8,35,1410
8,36,1397
8,37,1397
8,38,1471
8,39,1199
8,40,1131
8,41,1435
8,42,1415
8,43,1420
8,44,1414
8,45,1450
8,46,1203
8,47,1165
8,48,1324
8,49,1386
8,50,1312
8,51,1369
8,52,1342
8,53,1175
8,54,1104
8,55,1451
8,56,1415
8,57,1428
8,58,1460
8,59,1496
8,60,1187
8,61,1121
8,62,1018
8,63,1352
8,64,1374
8,65,1388
8,66,1374
8,67,1376
8,68,1217
8,69,1145
8,70,1390
8,71,1365
8,72,1370
8,73,1364
8,74,1320
8,75,1123
8,76,1065
8,77,1259
8,78,1286
8,79,1276
8,80,1261
8,81,1252
8,82,1133
8,83,1061
8,84,1385
8,85,1347
8,86,1358
8,87,1353
8,88,1364
8,89,1150
8,90,1075
9,1,1421
9,2,1476
9,3,1324
9,4,1161
9,5,1461
9,6,1445
9,7,1430
9,8,1418
9,9,1390
9,10,1255
9,11,1226
9,12,1416
9,13,1450
9,14,1439
9,15,1450
9,16,1436
9,17,1254
9,18,1146
9,19,1339
9,20,1333
9,21,1355
9,22,1354
9,23,1357
9,24,1252
9,25,1203
9,26,1452
9,27,1408
9,28,1357
9,29,1396
9,30,1358
9,31,1448
9,32,1336
9,33,1195
9,34,1440
9,35,1390
9,36,1401
9,37,1400
9,38,1487
9,39,1298
9,40,1245
9,41,1448
9,42,1439
9,43,1426
9,44,1411
9,45,1460
9,46,1287
9,47,1260
9,48,1400
9,49,1429
9,50,1370
9,51,1419
9,52,1380
9,53,1299
9,54,1237
9,55,1472
9,56,1424
9,57,1438
9,58,1473
9,59,1505
9,60,1285
9,61,1228
9,62,1122
9,63,1357
9,64,1392
9,65,1393
9,66,1390
9,67,1394
9,68,1321
9,69,1247
9,70,1393
9,71,1348
9,72,1393
9,73,1385
9,74,1335
9,75,1241
9,76,1171
9,77,1339
9,78,1333
9,79,1328
9,80,1304
9,81,1302
9,82,1210
9,83,1162
9,84,1417
9,85,1367
9,86,1370
9,87,1357
9,88,1376
9,89,1243
9,90,1191
10,1,1411
10,2,1485
10,3,1381
10,4,1249
10,5,1481
10,6,1446
10,7,1415
10,8,1396
10,9,1379
10,10,1306
10,11,1268
10,12,1402
10,13,1454
10,14,1448
10,15,1448
10,16,1435
10,17,1277
10,18,1194
10,19,1366
10,20,1340
10,21,1368
10,22,1386
10,23,1393
10,24,1308
10,25,1249
10,26,1467
10,27,1405
10,28,1353
10,29,1385
10,30,1386
10,31,1447
10,32,1400
10,33,1284
10,34,1447
10,35,1395
10,36,1393
10,37,1398
10,38,1458
10,39,1348
10,40,1298
10,41,1453
10,42,1449
10,43,1416
10,44,1412
10,45,1464
10,46,1338
10,47,1288
10,48,1419
10,49,1435
10,50,1375
10,51,1381
10,52,1385
10,53,1372
10,54,1316
10,55,1484
10,56,1417
10,57,1448
10,58,1487
10,59,1502
10,60,1323
10,61,1281
10,62,1204
10,63,1357
10,64,1421
10,65,1392
10,66,1399
10,67,1380
10,68,1381
10,69,1299
10,70,1378
10,71,1346
10,72,1395
10,73,1396
10,74,1344
10,75,1320
10,76,1234
10,77,1383
10,78,1340
10,79,1357
10,80,1323
10,81,1330
10,82,1253
10,83,1237
10,84,1430
10,85,1368
10,86,1370
10,87,1357
10,88,1370
10,89,1272
10,90,1241
11,1,1427
11,2,1500
11,3,1384
11,4,1293
11,5,1491
11,6,1444
11,7,1423
11,8,1392
11,9,1353
11,10,1305
11,11,1269
11,12,1396
11,13,1465
11,14,1451
11,15,1443
11,16,1437
11,17,1278
11,18,1192
11,19,1375
11,20,1357
11,21,1360
11,22,1406
11,23,1401
11,24,1320
11,25,1267
11,26,1493
11,27,1411
11,28,1354
11,29,1389
11,30,1390
11,31,1445
11,32,1416
11,33,1332
11,34,1465
11,35,1384
11,36,1401
11,37,1402
11,38,1439
11,39,1348
11,40,1295
11,41,1448
11,42,1460
11,43,1423
11,44,1413
11,45,1471
11,46,1334
11,47,1278
11,48,1419
11,49,1369
11,50,1387
11,51,1393
11,52,1381
11,53,1379
11,54,1335
11,55,1490
11,56,1428
11,57,1455
11,58,1505
11,59,1509
11,60,1328
11,61,1279
11,62,1245
11,63,1357
11,64,1445
11,65,1391
11,66,1396
11,67,1380
11,68,1380
11,69,1298
11,70,1375
11,71,1363
11,72,1394
11,73,1398
11,74,1342
11,75,1355
11,76,1251
11,77,1402
11,78,1357
11,79,1370
11,80,1329
11,81,1334
11,82,1257
11,83,1271
11,84,1443
11,85,1378
11,86,1375
11,87,1360
11,88,1365
11,89,1263
11,90,1248
12,1,1412
12,2,1489
12,3,1372
12,4,1314
12,5,1472
12,6,1430
12,7,1394
12,8,1362
12,9,1343
12,10,1273
12,11,1257
12,12,1373
12,13,1467
12,14,1449
12,15,1422
12,16,1409
12,17,1247
12,18,1162
12,19,1364
12,20,1346
12,21,1339
12,22,1407
12,23,1376
12,24,1300
12,25,1255
12,26,1487
12,27,1393
12,28,1346
12,29,1369
12,30,1394
12,31,1425
12,32,1420
12,33,1378
12,34,1456
12,35,1367
12,36,1374
12,37,1391
12,38,1421
12,39,1324
12,40,1287
12,41,1423
12,42,1442
12,43,1404
12,44,1389
12,45,1449
12,46,1295
12,47,1260
12,48,1402
12,49,1364
12,50,1393
12,51,1378
12,52,1364
12,53,1373
12,54,1354
12,55,1482
12,56,1421
12,57,1458
12,58,1511
12,59,1501
12,60,1306
12,61,1244
12,62,1247
12,63,1341
12,64,1445
12,65,1372
12,66,1382
12,67,1386
12,68,1375
12,69,1278
12,70,1361
12,71,1341
12,72,1382
12,73,1388
12,74,1332
12,75,1355
12,76,1257
12,77,1390
12,78,1346
12,79,1369
12,80,1326
12,81,1315
12,82,1239
12,83,1287
12,84,1442
12,85,1366
12,86,1352
12,87,1356
12,88,1359
12,89,1247
12,90,1236
13,1,1393
13,2,1472
13,3,1337
13,4,1313
13,5,1452
13,6,1410
13,7,1366
13,8,1342
13,9,1323
13,10,1230
13,11,1232
13,12,1349
13,13,1455
13,14,1423
13,15,1397
13,16,1380
13,17,1202
13,18,1147
13,19,1333
13,20,1329
13,21,1323
13,22,1381
13,23,1359
13,24,1265
13,25,1223
13,26,1469
13,27,1369
13,28,1338
13,29,1329
13,30,1388
13,31,1393
13,32,1390
13,33,1385
13,34,1435
13,35,1346
13,36,1360
13,37,1388
13,38,1407
13,39,1289
13,40,1261
13,41,1405
13,42,1436
13,43,1383
13,44,1388
13,45,1419
13,46,1259
13,47,1252
13,48,1389
13,49,1364
13,50,1402
13,51,1362
13,52,1342
13,53,1339
13,54,1358
13,55,1463
13,56,1404
13,57,1445
13,58,1505
13,59,1489
13,60,1291
13,61,1201
13,62,1234
13,63,1324
13,64,1453
13,65,1355
13,66,1351
13,67,1375
13,68,1349
13,69,1254
13,70,1342
13,71,1322
13,72,1367
13,73,1375
13,74,1313
13,75,1317
13,76,1234
13,77,1361
13,78,1334
13,79,1360
13,80,1312
13,81,1290
13,82,1206
13,83,1278
13,84,1425
13,85,1353
13,86,1336
13,87,1331
13,88,1369
13,89,1222
13,90,1219
14,1,1392
14,2,1451
14,3,1308
14,4,1287
14,5,1433
14,6,1390
14,7,1358
14,8,1324
14,9,1297
14,10,1199
14,11,1180
14,12,1337
14,13,1444
14,14,1415
14,15,1366
14,16,1357
14,17,1159
14,18,1120
14,19,1315
14,20,1324
14,21,1317
14,22,1360
14,23,1337
14,24,1235
14,25,1186
14,26,1451
14,27,1357
14,28,1326
14,29,1313
14,30,1373
14,31,1374
14,32,1372
14,33,1363
14,34,1409
14,35,1365
14,36,1343
14,37,1364
14,38,1391
14,39,1250
14,40,1234
14,41,1391
14,42,1425
14,43,1356
14,44,1380
14,45,1415
14,46,1226
14,47,1219
14,48,1406
14,49,1342
14,50,1404
14,51,1348
14,52,1331
14,53,1313
14,54,1330
14,55,1453
14,56,1395
14,57,1440
14,58,1483
14,59,1471
14,60,1292
14,61,1158
14,62,1192
14,63,1314
14,64,1451
14,65,1352
14,66,1339
14,67,1357
14,68,1319
14,69,1218
14,70,1333
14,71,1315
14,72,1351
14,73,1351
14,74,1298
14,75,1283
14,76,1182
14,77,1343
14,78,1325
14,79,1348
14,80,1310
14,81,1270
14,82,1176
14,83,1251
14,84,1412
14,85,1352
14,86,1326
14,87,1315
14,88,1352
14,89,1190
14,90,1197
15,1,1390
15,2,1437
15,3,1276
15,4,1263
15,5,1406
15,6,1372
15,7,1320
15,8,1297
15,9,1276
15,10,1170
15,11,1130
15,12,1313
15,13,1433
15,14,1417
15,15,1333
15,16,1329
15,17,1136
15,18,1098
15,19,1301
15,20,1299
15,21,1310
15,22,1332
15,23,1292
15,24,1205
15,25,1154
15,26,1422
15,27,1345
15,28,1305
15,29,1299
15,30,1356
15,31,1349
15,32,1355
15,33,1333
15,34,1397
15,35,1352
15,36,1326
15,37,1350
15,38,1374
15,39,1221
15,40,1208
15,41,1366
15,42,1402
15,43,1336
15,44,1363
15,45,1390
15,46,1190
15,47,1196
15,48,1388
15,49,1315
15,50,1393
15,51,1382
15,52,1298
15,53,1301
15,54,1312
15,55,1441
15,56,1374
15,57,1436
15,58,1479
15,59,1446
15,60,1293
15,61,1147
15,62,1159
15,63,1287
15,64,1439
15,65,1335
15,66,1317
15,67,1331
15,68,1294
15,69,1191
15,70,1321
15,71,1307
15,72,1334
15,73,1336
15,74,1273
15,75,1260
15,76,1142
15,77,1321
15,78,1307
15,79,1326
15,80,1280
15,81,1244
15,82,1154
15,83,1228
15,84,1387
15,85,1334
15,86,1305
15,87,1292
15,88,1323
15,89,1162
15,90,1176
16,1,1381
16,2,1427
16,3,1281
16,4,1265
16,5,1390
16,6,1358
16,7,1296
16,8,1291
16,9,1262
16,10,1166
16,11,1114
16,12,1293
16,13,1436
16,14,1420
16,15,1324
16,16,1287
16,17,1135
16,18,1098
16,19,1293
16,20,1271
16,21,1289
16,22,1318
16,23,1255
16,24,1186
16,25,1158
16,26,1411
16,27,1307
16,28,1282
16,29,1289
16,30,1330
16,31,1344
16,32,1361
16,33,1327
16,34,1381
16,35,1336
16,36,1316
16,37,1349
16,38,1349
16,39,1199
16,40,1204
16,41,1356
16,42,1393
16,43,1326
16,44,1354
16,45,1353
16,46,1170
16,47,1186
16,48,1368
16,49,1300
16,50,1381
16,51,1355
16,52,1273
16,53,1301
16,54,1313
16,55,1425
16,56,1363
16,57,1441
16,58,1476
16,59,1427
16,60,1309
16,61,1173
16,62,1157
16,63,1281
16,64,1441
16,65,1333
16,66,1308
16,67,1336
16,68,1290
16,69,1174
16,70,1303
16,71,1304
16,72,1323
16,73,1324
16,74,1256
16,75,1245
16,76,1128
16,77,1302
16,78,1303
16,79,1306
16,80,1263
16,81,1218
16,82,1153
16,83,1234
16,84,1383
16,85,1330
16,86,1289
16,87,1280
16,88,1306
16,89,1159
16,90,1161
17,1,1409
17,2,1449
17,3,1316
17,4,1294
17,5,1410
17,6,1365
17,7,1312
17,8,1302
17,9,1270
17,10,1186
17,11,1125
17,12,1300
17,13,1472
17,14,1436
17,15,1346
17,16,1267
17,17,1165
17,18,1118
17,19,1302
17,20,1277
17,21,1298
17,22,1310
17,23,1250
17,24,1191
17,25,1192
17,26,1446
17,27,1324
17,28,1297
17,29,1297
17,30,1320
17,31,1369
17,32,1402
17,33,1358
17,34,1387
17,35,1342
17,36,1330
17,37,1387
17,38,1353
17,39,1203
17,40,1220
17,41,1371
17,42,1421
17,43,1341
17,44,1353
17,45,1329
17,46,1178
17,47,1211
17,48,1381
17,49,1300
17,50,1381
17,51,1324
17,52,1272
17,53,1350
17,54,1347
17,55,1435
17,56,1378
17,57,1481
17,58,1476
17,59,1417
17,60,1343
17,61,1238
17,62,1178
17,63,1310
17,64,1470
17,65,1364
17,66,1329
17,67,1357
17,68,1302
17,69,1206
17,70,1312
17,71,1300
17,72,1324
17,73,1327
17,74,1246
17,75,1244
17,76,1132
17,77,1322
17,78,1303
17,79,1304
17,80,1261
17,81,1215
17,82,1168
17,83,1273
17,84,1408
17,85,1358
17,86,1284
17,87,1289
17,88,1303
17,89,1171
17,90,1190
18,1,1460
18,2,1477
18,3,1358
18,4,1335
18,5,1466
18,6,1397
18,7,1348
18,8,1324
18,9,1282
18,10,1215
18,11,1148
18,12,1324
18,13,1512
18,14,1467
18,15,1362
18,16,1269
18,17,1204
18,18,1171
18,19,1305
18,20,1273
18,21,1301
18,22,1297
18,23,1264
18,24,1195
18,25,1253
18,26,1475
18,27,1343
18,28,1301
18,29,1306
18,30,1289
18,31,1409
18,32,1438
18,33,1415
18,34,1411
18,35,1365
18,36,1349
18,37,1418
18,38,1352
18,39,1234
18,40,1256
18,41,1391
18,42,1451
18,43,1359
18,44,1365
18,45,1316
18,46,1209
18,47,1234
18,48,1388
18,49,1301
18,50,1374
18,51,1311
18,52,1269
18,53,1381
18,54,1377
18,55,1464
18,56,1380
18,57,1521
18,58,1477
18,59,1403
18,60,1370
18,61,1305
18,62,1206
18,63,1373
18,64,1508
18,65,1410
18,66,1366
18,67,1394
18,68,1315
18,69,1288
18,70,1340
18,71,1311
18,72,1320
18,73,1334
18,74,1237
18,75,1256
18,76,1153
18,77,1338
18,78,1330
18,79,1303
18,80,1256
18,81,1206
18,82,1197
18,83,1320
18,84,1435
18,85,1393
18,86,1291
18,87,1306
18,88,1277
18,89,1190
18,90,1221
19,1,1521
19,2,1503
19,3,1407
19,4,1385
19,5,1503
19,6,1421
19,7,1360
19,8,1335
19,9,1285
19,10,1229
19,11,1196
19,12,1357
19,13,1514
19,14,1469
19,15,1356
19,16,1266
19,17,1229
19,18,1205
19,19,1302
19,20,1281
19,21,1296
19,22,1276
19,23,1267
19,24,1203
19,25,1299
19,26,1475
19,27,1363
19,28,1304
19,29,1315
19,30,1259
19,31,1464
19,32,1459
19,33,1438
19,34,1428
19,35,1383
19,36,1356
19,37,1440
19,38,1332
19,39,1259
19,40,1302
19,41,1411
19,42,1460
19,43,1380
19,44,1374
19,45,1309
19,46,1208
19,47,1258
19,48,1375
19,49,1301
19,50,1377
19,51,1319
19,52,1274
19,53,1379
19,54,1369
19,55,1464
19,56,1382
19,57,1517
19,58,1481
19,59,1383
19,60,1379
19,61,1341
19,62,1251
19,63,1407
19,64,1497
19,65,1420
19,66,1378
19,67,1414
19,68,1331
19,69,1310
19,70,1347
19,71,1324
19,72,1327
19,73,1333
19,74,1235
19,75,1247
19,76,1172
19,77,1349
19,78,1323
19,79,1289
19,80,1244
19,81,1206
19,82,1205
19,83,1341
19,84,1440
19,85,1402
19,86,1306
19,87,1322
19,88,1278
19,89,1192
19,90,1233
20,1,1504
20,2,1463
20,3,1388
20,4,1441
20,5,1566
20,6,1494
20,7,1438
20,8,1411
20,9,1328
20,10,1287
20,11,1319
20,12,1429
20,13,1527
20,14,1485
20,15,1423
20,16,1315
20,17,1272
20,18,1278
20,19,1336
20,20,1325
20,21,1346
20,22,1310
20,23,1296
20,24,1237
20,25,1354
20,26,1471
20,27,1408
20,28,1343
20,29,1348
20,30,1266
20,31,1439
20,32,1420
20,33,1478
20,34,1491
20,35,1465
20,36,1453
20,37,1487
20,38,1382
20,39,1324
20,40,1378
20,41,1468
20,42,1491
20,43,1450
20,44,1447
20,45,1360
20,46,1277
20,47,1324
20,48,1408
20,49,1358
20,50,1420
20,51,1358
20,52,1315
20,53,1387
20,54,1365
20,55,1480
20,56,1416
20,57,1511
20,58,1490
20,59,1402
20,60,1376
20,61,1315
20,62,1358
20,63,1456
20,64,1497
20,65,1464
20,66,1441
20,67,1426
20,68,1379
20,69,1404
20,70,1407
20,71,1392
20,72,1390
20,73,1372
20,74,1278
20,75,1285
20,76,1239
20,77,1378
20,78,1373
20,79,1327
20,80,1294
20,81,1248
20,82,1246
20,83,1374
20,84,1454
20,85,1414
20,86,1350
20,87,1361
20,88,1312
20,89,1221
20,90,1279
21,1,1441
21,2,1386
21,3,1326
21,4,1401
21,5,1561
21,6,1489
21,7,1452
21,8,1404
21,9,1332
21,10,1298
21,11,1330
21,12,1446
21,13,1476
21,14,1437
21,15,1440
21,16,1347
21,17,1245
21,18,1280
21,19,1350
21,20,1346
21,21,1364
21,22,1338
21,23,1329
21,24,1287
21,25,1344
21,26,1436
21,27,1419
21,28,1400
21,29,1404
21,30,1331
21,31,1379
21,32,1336
21,33,1445
21,34,1473
21,35,1459
21,36,1460
21,37,1496
21,38,1410
21,39,1339
21,40,1411
21,41,1477
21,42,1470
21,43,1456
21,44,1475
21,45,1395
21,46,1317
21,47,1343
21,48,1443
21,49,1363
21,50,1381
21,51,1392
21,52,1347
21,53,1345
21,54,1368
21,55,1489
21,56,1459
21,57,1475
21,58,1494
21,59,1453
21,60,1349
21,61,1255
21,62,1365
21,63,1401
21,64,1440
21,65,1435
21,66,1426
21,67,1384
21,68,1377
21,69,1416
21,70,1397
21,71,1395
21,72,1389
21,73,1382
21,74,1299
21,75,1298
21,76,1257
21,77,1365
21,78,1357
21,79,1355
21,80,1322
21,81,1278
21,82,1273
21,83,1372
21,84,1418
21,85,1397
21,86,1401
21,87,1393
21,88,1366
21,89,1279
21,90,1343
22,1,1316
22,2,1298
22,3,1238
22,4,1281
22,5,1412
22,6,1368
22,7,1330
22,8,1298
22,9,1249
22,10,1229
22,11,1222
22,12,1356
22,13,1340
22,14,1312
22,15,1334
22,16,1266
22,17,1161
22,18,1169
22,19,1244
22,20,1242
22,21,1256
22,22,1244
22,23,1249
22,24,1221
22,25,1233
22,26,1304
22,27,1303
22,28,1294
22,29,1310
22,30,1255
22,31,1282
22,32,1237
22,33,1327
22,34,1358
22,35,1339
22,36,1347
22,37,1391
22,38,1339
22,39,1290
22,40,1276
22,41,1346
22,42,1351
22,43,1355
22,44,1383
22,45,1312
22,46,1234
22,47,1237
22,48,1340
22,49,1253
22,50,1270
22,51,1298
22,52,1264
22,53,1273
22,54,1258
22,55,1366
22,56,1350
22,57,1355
22,58,1447
22,59,1382
22,60,1260
22,61,1159
22,62,1247
22,63,1277
22,64,1326
22,65,1316
22,66,1308
22,67,1296
22,68,1296
22,69,1301
22,70,1287
22,71,1283
22,72,1275
22,73,1290
22,74,1221
22,75,1213
22,76,1175
22,77,1249
22,78,1266
22,79,1267
22,80,1245
22,81,1200
22,82,1193
22,83,1225
22,84,1292
22,85,1285
22,86,1299
22,87,1295
22,88,1293
22,89,1217
22,90,1227
23,1,1175
23,2,1184
23,3,1133
23,4,1148
23,5,1247
23,6,1231
23,7,1188
23,8,1153
23,9,1141
23,10,1132
23,11,1099
23,12,1215
23,13,1183
23,14,1162
23,15,1198
23,16,1164
23,17,1072
23,18,1046
23,19,1110
23,20,1114
23,21,1137
23,22,1106
23,23,1147
23,24,1126
23,25,1101
23,26,1154
23,27,1145
23,28,1149
23,29,1167
23,30,1137
23,31,1164
23,32,1137
23,33,1188
23,34,1242
23,35,1184
23,36,1195
23,37,1268
23,38,1245
23,39,1194
23,40,1130
23,41,1202
23,42,1209
23,43,1212
23,44,1250
23,45,1228
23,46,1135
23,47,1120
23,48,1208
23,49,1131
23,50,1135
23,51,1167
23,52,1159
23,53,1167
23,54,1140
23,55,1215
23,56,1199
23,57,1217
23,58,1321
23,59,1269
23,60,1161
23,61,1060
23,62,1106
23,63,1118
23,64,1180
23,65,1169
23,66,1167
23,67,1187
23,68,1186
23,69,1164
23,70,1130
23,71,1136
23,72,1129
23,73,1142
23,74,1106
23,75,1108
23,76,1063
23,77,1118
23,78,1130
23,79,1123
23,80,1109
23,81,1092
23,82,1078
23,83,1092
23,84,1131
23,85,1124
23,86,1148
23,87,1144
23,88,1164
23,89,1110
23,90,1084
24,1,1073
24,2,1084
24,3,1033
24,4,1052
24,5,1140
24,6,1125
24,7,1085
24,8,1041
24,9,1040
24,10,1026
24,11,1002
24,12,1099
24,13,1075
24,14,1052
24,15,1080
24,16,1052
24,17,986
24,18,955
24,19,997
24,20,1024
24,21,1019
24,22,994
24,23,1039
24,24,1042
24,25,1002
24,26,1050
24,27,1033
24,28,1038
24,29,1041
24,30,1021
24,31,1064
24,32,1040
24,33,1082
24,34,1117
24,35,1071
24,36,1071
24,37,1154
24,38,1133
24,39,1098
24,40,1019
24,41,1085
24,42,1100
24,43,1082
24,44,1128
24,45,1119
24,46,1058
24,47,1035
24,48,1110
24,49,1030
24,50,1031
24,51,1064
24,52,1064
24,53,1072
24,54,1054
24,55,1100
24,56,1049
24,57,1096
24,58,1198
24,59,1161
24,60,1068
24,61,967
24,62,1004
24,63,1004
24,64,1064
24,65,1062
24,66,1043
24,67,1070
24,68,1090
24,69,1048
24,70,1026
24,71,1019
24,72,1004
24,73,1021
24,74,997
24,75,1002
24,76,973
24,77,1002
24,78,1016
24,79,1006
24,80,994
24,81,1005
24,82,985
24,83,989
24,84,1014
24,85,1021
24,86,1034
24,87,1030
24,88,1058
24,89,1015
24,90,978
25,1,1015
25,2,1014
25,3,965
25,4,978
25,5,1077
25,6,1060
25,7,1024
25,8,975
25,9,964
25,10,957
25,11,947
25,12,1037
25,13,1015
25,14,983
25,15,1002
25,16,986
25,17,928
25,18,903
25,19,928
25,20,944
25,21,956
25,22,927
25,23,961
25,24,982
25,25,927
25,26,978
25,27,974
25,28,979
25,29,976
25,30,942
25,31,996
25,32,985
25,33,1012
25,34,1042
25,35,1006
25,36,1012
25,37,1095
25,38,1036
25,39,1033
25,40,975
25,41,1028
25,42,1039
25,43,1022
25,44,1054
25,45,1033
25,46,1008
25,47,1020
25,48,1056
25,49,974
25,50,981
25,51,1010
25,52,995
25,53,1007
25,54,1003
25,55,1034
25,56,992
25,57,1037
25,58,1127
25,59,1058
25,60,1005
25,61,909
25,62,939
25,63,926
25,64,994
25,65,988
25,66,986
25,67,992
25,68,1015
25,69,979
25,70,959
25,71,952
25,72,947
25,73,938
25,74,931
25,75,924
25,76,923
25,77,944
25,78,952
25,79,939
25,80,928
25,81,939
25,82,921
25,83,939
25,84,950
25,85,954
25,86,968
25,87,967
25,88,993
25,89,952
25,90,915
26,1,986
26,2,980
26,3,1039
26,4,950
26,5,1039
26,6,1033
26,7,986
26,8,945
26,9,927
26,10,917
26,11,933
26,12,1017
26,13,999
26,14,957
26,15,976
26,16,954
26,17,897
26,18,884
26,19,898
26,20,912
26,21,921
26,22,897
26,23,921
26,24,946
26,25,902
26,26,949
26,27,955
26,28,956
26,29,938
26,30,905
26,31,968
26,32,999
26,33,980
26,34,1004
26,35,975
26,36,986
26,37,1060
26,38,1000
26,39,999
26,40,969
26,41,1004
26,42,1011
26,43,982
26,44,1026
26,45,995
26,46,980
26,47,991
26,48,1023
26,49,947
26,50,950
26,51,983
26,52,965
26,53,967
26,54,979
26,55,1003
26,56,977
26,57,1007
26,58,1083
26,59,1017
26,60,959
26,61,917
26,62,910
26,63,913
26,64,964
26,65,959
26,66,952
26,67,968
26,68,986
26,69,952
26,70,935
26,71,934
26,72,917
26,73,908
26,74,898
26,75,885
26,76,898
26,77,910
26,78,923
26,79,907
26,80,899
26,81,908
26,82,891
26,83,914
26,84,922
26,85,940
26,86,938
26,87,930
26,88,961
26,89,926
26,90,896
27,1,977
27,2,958
27,3,937
27,4,942
27,5,1027
27,6,1022
27,7,976
27,8,936
27,9,921
27,10,910
27,11,932
27,12,1013
27,13,988
27,14,954
27,15,966
27,16,937
27,17,878
27,18,880
27,19,884
27,20,906
27,21,898
27,22,887
27,23,920
27,24,935
27,25,901
27,26,920
27,27,949
27,28,945
27,29,915
27,30,888
27,31,948
27,32,945
27,33,970
27,34,973
27,35,971
27,36,984
27,37,1048
27,38,991
27,39,980
27,40,962
27,41,988
27,42,992
27,43,978
27,44,1019
27,45,983
27,46,967
27,47,989
27,48,1012
27,49,945
27,50,942
27,51,972
27,52,946
27,53,941
27,54,978
27,55,997
27,56,981
27,57,992
27,58,1078
27,59,1000
27,60,942
27,61,887
27,62,902
27,63,908
27,64,951
27,65,946
27,66,937
27,67,951
27,68,954
27,69,946
27,70,924
27,71,924
27,72,903
27,73,896
27,74,879
27,75,876
27,76,891
27,77,898
27,78,906
27,79,887
27,80,867
27,81,898
27,82,880
27,83,903
27,84,911
27,85,921
27,86,931
27,87,909
27,88,940
27,89,909
27,90,891
28,1,980
28,2,947
28,3,925
28,4,950
28,5,1022
28,6,1017
28,7,981
28,8,935
28,9,924
28,10,915
28,11,927
28,12,1012
28,13,979
28,14,955
28,15,966
28,16,935
28,17,871
28,18,879
28,19,878
28,20,907
28,21,893
28,22,882
28,23,910
28,24,926
28,25,919
28,26,918
28,27,938
28,28,951
28,29,917
28,30,885
28,31,948
28,32,946
28,33,973
28,34,971
28,35,959
28,36,977
28,37,1036
28,38,984
28,39,971
28,40,966
28,41,994
28,42,995
28,43,976
28,44,1021
28,45,986
28,46,952
28,47,994
28,48,1026
28,49,930
28,50,1011
28,51,966
28,52,947
28,53,940
28,54,987
28,55,990
28,56,985
28,57,993
28,58,1080
28,59,955
28,60,935
28,61,870
28,62,913
28,63,908
28,64,950
28,65,948
28,66,937
28,67,954
28,68,949
28,69,947
28,70,933
28,71,935
28,72,904
28,73,904
28,74,873
28,75,864
28,76,899
28,77,898
28,78,897
28,79,885
28,80,879
28,81,899
28,82,871
28,83,903
28,84,913
28,85,924
28,86,928
28,87,911
28,88,940
28,89,904
28,90,895
29,1,1023
29,2,963
29,3,927
29,4,993
29,5,1047
29,6,1057
29,7,1022
29,8,974
29,9,940
29,10,929
29,11,976
29,12,1050
29,13,1019
29,14,1003
29,15,1004
29,16,951
29,17,883
29,18,916
29,19,905
29,20,946
29,21,933
29,22,907
29,23,920
29,24,935
29,25,958
29,26,952
29,27,966
29,28,991
29,29,953
29,30,895
29,31,966
29,32,959
29,33,1022
29,34,1013
29,35,999
29,36,1017
29,37,1075
29,38,1000
29,39,982
29,40,1021
29,41,1025
29,42,1022
29,43,1023
29,44,1074
29,45,996
29,46,968
29,47,1023
29,48,1066
29,49,971
29,50,1048
29,51,1000
29,52,958
29,53,944
29,54,1021
29,55,1031
29,56,1029
29,57,1029
29,58,1113
29,59,964
29,60,942
29,61,863
29,62,951
29,63,947
29,64,980
29,65,987
29,66,972
29,67,960
29,68,951
29,69,992
29,70,979
29,71,974
29,72,946
29,73,930
29,74,886
29,75,872
29,76,928
29,77,937
29,78,931
29,79,929
29,80,911
29,81,910
29,82,886
29,83,946
29,84,959
29,85,965
29,86,970
29,87,968
29,88,945
29,89,913
29,90,935
30,1,1152
30,2,1004
30,3,952
30,4,1115
30,5,1167
30,6,1184
30,7,1160
30,8,1097
30,9,974
30,10,959
30,11,1109
30,12,1145
30,13,1135
30,14,1130
30,15,1126
30,16,995
30,17,906
30,18,1011
30,19,1001
30,20,1043
30,21,1039
30,22,1002
30,23,963
30,24,956
30,25,1082
30,26,1078
30,27,1073
30,28,1093
30,29,1055
30,30,929
30,31,995
30,32,977
30,33,1135
30,34,1136
30,35,1114
30,36,1123
30,37,1200
30,38,1027
30,39,1010
30,40,1144
30,41,1140
30,42,1143
30,43,1146
30,44,1198
30,45,1049
30,46,1019
30,47,1115
30,48,1167
30,49,1068
30,50,1149
30,51,1098
30,52,995
30,53,964
30,54,1143
30,55,1157
30,56,1137
30,57,1161
30,58,1232
30,59,1000
30,60,967
30,61,898
30,62,1077
30,63,1073
30,64,1119
30,65,1108
30,66,1099
30,67,1015
30,68,986
30,69,1117
30,70,1112
30,71,1109
30,72,1073
30,73,1061
30,74,928
30,75,904
30,76,1025
30,77,1043
30,78,1032
30,79,1038
30,80,1012
30,81,958
30,82,911
30,83,1079
30,84,1083
30,85,1096
30,86,1084
30,87,1087
30,88,972
30,89,928
30,90,1059
31,1,1357
31,2,1089
31,3,979
31,4,1333
31,5,1353
31,6,1373
31,7,1356
31,8,1275
31,9,1039
31,10,1008
31,11,1313
31,12,1347
31,13,1312
31,14,1338
31,15,1305
31,16,1067
31,17,939
31,18,1137
31,19,1142
31,20,1183
31,21,1171
31,22,1132
31,23,1025
31,24,993
31,25,1291
31,26,1281
31,27,1254
31,28,1284
31,29,1244
31,30,1002
31,31,1093
31,32,1027
31,33,1325
31,34,1341
31,35,1307
31,36,1313
31,37,1392
31,38,1093
31,39,1043
31,40,1343
31,41,1329
31,42,1332
31,43,1332
31,44,1375
31,45,1104
31,46,1069
31,47,1210
31,48,1288
31,49,1206
31,50,1270
31,51,1218
31,52,1064
31,53,1000
31,54,1341
31,55,1342
31,56,1333
31,57,1364
31,58,1417
31,59,1075
31,60,1010
31,61,931
31,62,1259
31,63,1275
31,64,1305
31,65,1299
31,66,1284
31,67,1100
31,68,1038
31,69,1306
31,70,1301
31,71,1297
31,72,1275
31,73,1218
31,74,1001
31,75,951
31,76,1146
31,77,1184
31,78,1176
31,79,1152
31,80,1146
31,81,1027
31,82,955
31,83,1288
31,84,1254
31,85,1271
31,86,1264
31,87,1273
31,88,1032
31,89,968
31,90,1255
32,1,1452
32,2,1217
32,3,1057
32,4,1432
32,5,1444
32,6,1444
32,7,1423
32,8,1361
32,9,1148
32,10,1121
32,11,1401
32,12,1435
32,13,1441
32,14,1439
32,15,1413
32,16,1169
32,17,1046
32,18,1263
32,19,1265
32,20,1297
32,21,1294
32,22,1267
32,23,1143
32,24,1092
32,25,1408
32,26,1393
32,27,1340
32,28,1381
32,29,1341
32,30,1125
32,31,1222
32,32,1095
32,33,1427
32,34,1410
32,35,1397
32,36,1397
32,37,1471
32,38,1199
32,39,1131
32,40,1435
32,41,1415
32,42,1420
32,43,1414
32,44,1450
32,45,1203
32,46,1165
32,47,1324
32,48,1386
32,49,1312
32,50,1369
32,51,1342
32,52,1175
32,53,1104
32,54,1451
32,55,1415
32,56,1428
32,57,1460
32,58,1496
32,59,1187
32,60,1113
32,61,1018
32,62,1352
32,63,1374
32,64,1388
32,65,1374
32,66,1376
32,67,1217
32,68,1145
32,69,1390
32,70,1365
32,71,1370
32,72,1364
32,73,1320
32,74,1123
32,75,1065
32,76,1259
32,77,1286
32,78,1276
32,79,1261
32,80,1252
32,81,1133
32,82,1061
32,83,1385
32,84,1347
32,85,1358
32,86,1353
32,87,1364
32,88,1150
32,89,1075
32,90,1354
33,1,1476
33,2,1324
33,3,1161
33,4,1461
33,5,1445
33,6,1430
33,7,1418
33,8,1390
33,9,1255
33,10,1226
33,11,1416
33,12,1450
33,13,1439
33,14,1450
33,15,1436
33,16,1254
33,17,1146
33,18,1339
33,19,1333
33,20,1355
33,21,1354
33,22,1357
33,23,1252
33,24,1203
33,25,1452
33,26,1408
33,27,1357
33,28,1396
33,29,1358
33,30,1209
33,31,1336
33,32,1195
33,33,1440
33,34,1390
33,35,1401
33,36,1400
33,37,1487
33,38,1298
33,39,1245
33,40,1448
33,41,1439
33,42,1426
33,43,1411
33,44,1460
33,45,1287
33,46,1260
33,47,1400
33,48,1429
33,49,1370
33,50,1419
33,51,1380
33,52,1299
33,53,1237
33,54,1472
33,55,1424
33,56,1438
33,57,1473
33,58,1505
33,59,1285
33,60,1232
33,61,1122
33,62,1357
33,63,1392
33,64,1393
33,65,1390
33,66,1394
33,67,1321
33,68,1247
33,69,1393
33,70,1348
33,71,1393
33,72,1385
33,73,1335
33,74,1241
33,75,1171
33,76,1339
33,77,1333
33,78,1328
33,79,1304
33,80,1302
33,81,1210
33,82,1162
33,83,1417
33,84,1367
33,85,1370
33,86,1357
33,87,1376
33,88,1243
33,89,1191
33,90,1382
34,1,1485
34,2,1381
34,3,1249
34,4,1481
34,5,1446
34,6,1415
34,7,1396
34,8,1379
34,9,1306
34,10,1268
34,11,1402
34,12,1454
34,13,1448
34,14,1448
34,15,1435
34,16,1277
34,17,1194
34,18,1366
34,19,1340
34,20,1368
34,21,1386
34,22,1393
34,23,1308
34,24,1249
34,25,1467
34,26,1405
34,27,1353
34,28,1385
34,29,1386
34,30,1254
34,31,1400
34,32,1284
34,33,1447
34,34,1395
34,35,1393
34,36,1398
34,37,1458
34,38,1348
34,39,1298
34,40,1453
34,41,1449
34,42,1416
34,43,1412
34,44,1464
34,45,1338
34,46,1288
34,47,1419
34,48,1435
34,49,1375
34,50,1381
34,51,1385
34,52,1372
34,53,1316
34,54,1484
34,55,1417
34,56,1448
34,57,1487
34,58,1502
34,59,1323
34,60,1302
34,61,1204
34,62,1357
34,63,1421
34,64,1392
34,65,1399
34,66,1380
34,67,1381
34,68,1299
34,69,1378
34,70,1346
34,71,1395
34,72,1396
34,73,1344
34,74,1320
34,75,1234
34,76,1383
34,77,1340
34,78,1357
34,79,1323
34,80,1330
34,81,1253
34,82,1237
34,83,1430
34,84,1368
34,85,1370
34,86,1357
34,87,1370
34,88,1272
34,89,1241
34,90,1398
35,1,1500
35,2,1384
35,3,1293
35,4,1491
35,5,1444
35,6,1423
35,7,1392
35,8,1353
35,9,1305
35,10,1269
35,11,1396
35,12,1465
35,13,1451
35,14,1443
35,15,1437
35,16,1278
35,17,1192
35,18,1375
35,19,1357
35,20,1360
35,21,1406
35,22,1401
35,23,1320
35,24,1267
35,25,1493
35,26,1411
35,27,1354
35,28,1389
35,29,1390
35,30,1265
35,31,1416
35,32,1332
35,33,1465
35,34,1384
35,35,1401
35,36,1402
35,37,1439
35,38,1348
35,39,1295
35,40,1448
35,41,1460
35,42,1423
35,43,1413
35,44,1471
35,45,1334
35,46,1278
35,47,1419
35,48,1369
35,49,1387
35,50,1393
35,51,1381
35,52,1379
35,53,1335
35,54,1490
35,55,1428
35,56,1455
35,57,1505
35,58,1509
35,59,1328
35,60,1337
35,61,1245
35,62,1357
35,63,1445
35,64,1391
35,65,1396
35,66,1380
35,67,1380
35,68,1298
35,69,1375
35,70,1363
35,71,1394
35,72,1398
35,73,1342
35,74,1355
35,75,1251
35,76,1402
35,77,1357
35,78,1370
35,79,1329
35,80,1334
35,81,1257
35,82,1271
35,83,1443
35,84,1378
35,85,1375
35,86,1360
35,87,1365
35,88,1263
35,89,1248
35,90,1395
36,1,1489
36,2,1372
36,3,1314
36,4,1472
36,5,1430
36,6,1394
36,7,1362
36,8,1343
36,9,1273
36,10,1257
36,11,1373
36,12,1467
36,13,1449
36,14,1422
36,15,1409
36,16,1247
36,17,1162
36,18,1364
36,19,1346
36,20,1339
36,21,1407
36,22,1376
36,23,1300
36,24,1255
36,25,1487
36,26,1393
36,27,1346
36,28,1369
36,29,1394
36,30,1266
36,31,1420
36,32,1378
36,33,1456
36,34,1367
36,35,1374
36,36,1391
36,37,1421
36,38,1324
36,39,1287
36,40,1423
36,41,1442
36,42,1404
36,43,1389
36,44,1449
36,45,1295
36,46,1260
36,47,1402
36,48,1364
36,49,1393
36,50,1378
36,51,1364
36,52,1373
36,53,1354
36,54,1482
36,55,1421
36,56,1458
36,57,1511
36,58,1501
36,59,1306
36,60,1332
36,61,1247
36,62,1341
36,63,1445
36,64,1372
36,65,1382
36,66,1386
36,67,1375
36,68,1278
36,69,1361
36,70,1341
36,71,1382
36,72,1388
36,73,1332
36,74,1355
36,75,1257
36,76,1390
36,77,1346
36,78,1369
36,79,1326
36,80,1315
36,81,1239
36,82,1287
36,83,1442
36,84,1366
36,85,1352
36,86,1356
36,87,1359
36,88,1247
36,89,1236
36,90,1380
37,1,1472
37,2,1337
37,3,1313
37,4,1452
37,5,1410
37,6,1366
37,7,1342
37,8,1323
37,9,1230
37,10,1232
37,11,1349
37,12,1455
37,13,1423
37,14,1397
37,15,1380
37,16,1202
37,17,1147
37,18,1333
37,19,1329
37,20,1323
37,21,1381
37,22,1359
37,23,1265
37,24,1223
37,25,1469
37,26,1369
37,27,1338
37,28,1329
37,29,1388
37,30,1237
37,31,1390
37,32,1385
37,33,1435
37,34,1346
37,35,1360
37,36,1388
37,37,1407
37,38,1289
37,39,1261
37,40,1405
37,41,1436
37,42,1383
37,43,1388
37,44,1419
37,45,1259
37,46,1252
37,47,1389
37,48,1364
37,49,1402
37,50,1362
37,51,1342
37,52,1339
37,53,1358
37,54,1463
37,55,1404
37,56,1445
37,57,1505
37,58,1489
37,59,1291
37,60,1320
37,61,1234
37,62,1324
37,63,1453
37,64,1355
37,65,1351
37,66,1375
37,67,1349
37,68,1254
37,69,1342
37,70,1322
37,71,1367
37,72,1375
37,73,1313
37,74,1317
37,75,1234
37,76,1361
37,77,1334
37,78,1360
37,79,1312
37,80,1290
37,81,1206
37,82,1278
37,83,1425
37,84,1353
37,85,1336
37,86,1331
37,87,1369
37,88,1222
37,89,1219
37,90,1369
38,1,1451
38,2,1308
38,3,1287
38,4,1433
38,5,1390
38,6,1358
38,7,1324
38,8,1297
38,9,1199
38,10,1180
38,11,1337
38,12,1444
38,13,1415
38,14,1366
38,15,1357
38,16,1159
38,17,1120
38,18,1315
38,19,1324
38,20,1317
38,21,1360
38,22,1337
38,23,1235
38,24,1186
38,25,1451
38,26,1357
38,27,1326
38,28,1313
38,29,1373
38,30,1220
38,31,1372
38,32,1363
38,33,1409
38,34,1365
38,35,1343
38,36,1364
38,37,1391
38,38,1250
38,39,1234
38,40,1391
38,41,1425
38,42,1356
38,43,1380
38,44,1415
38,45,1226
38,46,1219
38,47,1406
38,48,1342
38,49,1404
38,50,1348
38,51,1331
38,52,1313
38,53,1330
38,54,1453
38,55,1395
38,56,1440
38,57,1483
38,58,1471
38,59,1292
38,60,1290
38,61,1192
38,62,1314
38,63,1451
38,64,1352
38,65,1339
38,66,1357
38,67,1319
38,68,1218
38,69,1333
38,70,1315
38,71,1351
38,72,1351
38,73,1298
38,74,1283
38,75,1182
38,76,1343
38,77,1325
38,78,1348
38,79,1310
38,80,1270
38,81,1176
38,82,1251
38,83,1412
38,84,1352
38,85,1326
38,86,1315
38,87,1352
38,88,1190
38,89,1197
38,90,1364
39,1,1437
39,2,1276
39,3,1263
39,4,1406
39,5,1372
39,6,1320
39,7,1297
39,8,1276
39,9,1170
39,10,1130
39,11,1313
39,12,1433
39,13,1417
39,14,1333
39,15,1329
39,16,1136
39,17,1098
39,18,1301
39,19,1299
39,20,1310
39,21,1332
39,22,1292
39,23,1205
39,24,1154
39,25,1422
39,26,1345
39,27,1305
39,28,1299
39,29,1356
39,30,1199
39,31,1355
39,32,1333
39,33,1397
39,34,1352
39,35,1326
39,36,1350
39,37,1374
39,38,1221
39,39,1208
39,40,1366
39,41,1402
39,42,1336
39,43,1363
39,44,1390
39,45,1190
39,46,1196
39,47,1388
39,48,1315
39,49,1393
39,50,1382
39,51,1298
39,52,1301
39,53,1312
39,54,1441
39,55,1374
39,56,1436
39,57,1479
39,58,1446
39,59,1293
39,60,1274
39,61,1159
39,62,1287
39,63,1439
39,64,1335
39,65,1317
39,66,1331
39,67,1294
39,68,1191
39,69,1321
39,70,1307
39,71,1334
39,72,1336
39,73,1273
39,74,1260
39,75,1142
39,76,1321
39,77,1307
39,78,1326
39,79,1280
39,80,1244
39,81,1154
39,82,1228
39,83,1387
39,84,1334
39,85,1305
39,86,1292
39,87,1323
39,88,1162
39,89,1176
39,90,1342
40,1,1427
40,2,1281
40,3,1265
40,4,1390
40,5,1358
40,6,1296
40,7,1291
40,8,1262
40,9,1166
40,10,1114
40,11,1293
40,12,1436
40,13,1420
40,14,1324
40,15,1287
40,16,1135
40,17,1098
40,18,1293
40,19,1271
40,20,1289
40,21,1318
40,22,1255
40,23,1186
40,24,1158
40,25,1411
40,26,1307
40,27,1282
40,28,1289
40,29,1330
40,30,1184
40,31,1361
40,32,1327
40,33,1381
40,34,1336
40,35,1316
40,36,1349
40,37,1349
40,38,1199
40,39,1204
40,40,1356
40,41,1393
40,42,1326
40,43,1354
40,44,1353
40,45,1170
40,46,1186
40,47,1368
40,48,1300
40,49,1381
40,50,1355
40,51,1273
40,52,1301
40,53,1313
40,54,1425
40,55,1363
40,56,1441
40,57,1476
40,58,1427
40,59,1309
40,60,1282
40,61,1157
40,62,1281
40,63,1441
40,64,1333
40,65,1308
40,66,1336
40,67,1290
40,68,1174
40,69,1303
40,70,1304
40,71,1323
40,72,1324
40,73,1256
40,74,1245
40,75,1128
40,76,1302
40,77,1303
40,78,1306
40,79,1263
40,80,1218
40,81,1153
40,82,1234
40,83,1383
40,84,1330
40,85,1289
40,86,1280
40,87,1306
40,88,1159
40,89,1161
40,90,1334
41,1,1449
41,2,1316
41,3,1294
41,4,1410
41,5,1365
41,6,1312
41,7,1302
41,8,1270
41,9,1186
41,10,1125
41,11,1300
41,12,1472
41,13,1436
41,14,1346
41,15,1267
41,16,1165
41,17,1118
41,18,1302
41,19,1277
41,20,1298
41,21,1310
41,22,1250
41,23,1191
41,24,1192
41,25,1446
41,26,1324
41,27,1297
41,28,1297
41,29,1320
41,30,1202
41,31,1402
41,32,1358
41,33,1387
41,34,1342
41,35,1330
41,36,1387
41,37,1353
41,38,1203
41,39,1220
41,40,1371
41,41,1421
41,42,1341
41,43,1353
41,44,1329
41,45,1178
41,46,1211
41,47,1381
41,48,1300
41,49,1381
41,50,1324
41,51,1272
41,52,1350
41,53,1347
41,54,1435
41,55,1378
41,56,1481
41,57,1476
41,58,1417
41,59,1343
41,60,1323
41,61,1178
41,62,1310
41,63,1470
41,64,1364
41,65,1329
41,66,1357
41,67,1302
41,68,1206
41,69,1312
41,70,1300
41,71,1324
41,72,1327
41,73,1246
41,74,1244
41,75,1132
41,76,1322
41,77,1303
41,78,1304
41,79,1261
41,80,1215
41,81,1168
41,82,1273
41,83,1408
41,84,1358
41,85,1284
41,86,1289
41,87,1303
41,88,1171
41,89,1190
41,90,1347
42,1,1477
42,2,1358
42,3,1335
42,4,1466
42,5,1397
42,6,1348
42,7,1324
42,8,1282
42,9,1215
42,10,1148
42,11,1324
42,12,1512
42,13,1467
42,14,1362
42,15,1269
42,16,1204
42,17,1171
42,18,1305
42,19,1273
42,20,1301
42,21,1297
42,22,1264
42,23,1195
42,24,1253
42,25,1475
42,26,1343
42,27,1301
42,28,1306
42,29,1289
42,30,1204
42,31,1438
42,32,1415
42,33,1411
42,34,1365
42,35,1349
42,36,1418
42,37,1352
42,38,1234
42,39,1256
42,40,1391
42,41,1451
42,42,1359
42,43,1365
42,44,1316
42,45,1209
42,46,1234
42,47,1388
42,48,1301
42,49,1374
42,50,1311
42,51,1269
42,52,1381
42,53,1377
42,54,1464
42,55,1380
42,56,1521
42,57,1477
42,58,1403
42,59,1370
42,60,1349
42,61,1206
42,62,1373
42,63,1508
42,64,1410
42,65,1366
42,66,1394
42,67,1315
42,68,1288
42,69,1340
42,70,1311
42,71,1320
42,72,1334
42,73,1237
42,74,1256
42,75,1153
42,76,1338
42,77,1330
42,78,1303
42,79,1256
42,80,1206
42,81,1197
42,82,1320
42,83,1435
42,84,1393
42,85,1291
42,86,1306
42,87,1277
42,88,1190
42,89,1221
42,90,1371
43,1,1503
43,2,1407
43,3,1385
43,4,1503
43,5,1421
43,6,1360
43,7,1335
43,8,1285
43,9,1229
43,10,1196
43,11,1357
43,12,1514
43,13,1469
43,14,1356
43,15,1266
43,16,1229
43,17,1205
43,18,1302
43,19,1281
43,20,1296
43,21,1276
43,22,1267
43,23,1203
43,24,1299
43,25,1475
43,26,1363
43,27,1304
43,28,1315
43,29,1259
43,30,1190
43,31,1459
43,32,1438
43,33,1428
43,34,1383
43,35,1356
43,36,1440
43,37,1332
43,38,1259
43,39,1302
43,40,1411
43,41,1460
43,42,1380
43,43,1374
43,44,1309
43,45,1208
43,46,1258
43,47,1375
43,48,1301
43,49,1377
43,50,1319
43,51,1274
43,52,1379
43,53,1369
43,54,1464
43,55,1382
43,56,1517
43,57,1481
43,58,1383
43,59,1379
43,60,1349
43,61,1251
43,62,1407
43,63,1497
43,64,1420
43,65,1378
43,66,1414
43,67,1331
43,68,1310
43,69,1347
43,70,1324
43,71,1327
43,72,1333
43,73,1235
43,74,1247
43,75,1172
43,76,1349
43,77,1323
43,78,1289
43,79,1244
43,80,1206
43,81,1205
43,82,1341
43,83,1440
43,84,1402
43,85,1306
43,86,1322
43,87,1278
43,88,1192
43,89,1233
43,90,1386
44,1,1463
44,2,1388
44,3,1441
44,4,1566
44,5,1494
44,6,1438
44,7,1411
44,8,1328
44,9,1287
44,10,1319
44,11,1429
44,12,1527
44,13,1485
44,14,1423
44,15,1315
44,16,1272
44,17,1278
44,18,1336
44,19,1325
44,20,1346
44,21,1310
44,22,1296
44,23,1237
44,24,1354
44,25,1471
44,26,1408
44,27,1343
44,28,1348
44,29,1266
44,30,1225
44,31,1420
44,32,1478
44,33,1491
44,34,1465
44,35,1453
44,36,1487
44,37,1382
44,38,1324
44,39,1378
44,40,1468
44,41,1491
44,42,1450
44,43,1447
44,44,1360
44,45,1277
44,46,1324
44,47,1408
44,48,1358
44,49,1420
44,50,1358
44,51,1315
44,52,1387
44,53,1365
44,54,1480
44,55,1416
44,56,1511
44,57,1490
44,58,1402
44,59,1376
44,60,1347
44,61,1358
44,62,1456
44,63,1497
44,64,1464
44,65,1441
44,66,1426
44,67,1379
44,68,1404
44,69,1407
44,70,1392
44,71,1390
44,72,1372
44,73,1278
44,74,1285
44,75,1239
44,76,1378
44,77,1373
44,78,1327
44,79,1294
44,80,1248
44,81,1246
44,82,1374
44,83,1454
44,84,1414
44,85,1350
44,86,1361
44,87,1312
44,88,1221
44,89,1279
44,90,1409
45,1,1386
45,2,1326
45,3,1401
45,4,1561
45,5,1489
45,6,1452
45,7,1404
45,8,1332
45,9,1298
45,10,1330
45,11,1446
45,12,1476
45,13,1437
45,14,1440
45,15,1347
45,16,1245
45,17,1280
45,18,1350
45,19,1346
45,20,1364
45,21,1338
45,22,1329
45,23,1287
45,24,1344
45,25,1436
45,26,1419
45,27,1400
45,28,1404
45,29,1331
45,30,1276
45,31,1336
45,32,1445
45,33,1473
45,34,1459
45,35,1460
45,36,1496
45,37,1410
45,38,1339
45,39,1411
45,40,1477
45,41,1470
45,42,1456
45,43,1475
45,44,1395
45,45,1317
45,46,1343
45,47,1443
45,48,1363
45,49,1381
45,50,1392
45,51,1347
45,52,1345
45,53,1368
45,54,1489
45,55,1459
45,56,1475
45,57,1494
45,58,1453
45,59,1349
45,60,1361
45,61,1365
45,62,1401
45,63,1440
45,64,1435
45,65,1426
45,66,1384
45,67,1377
45,68,1416
45,69,1397
45,70,1395
45,71,1389
45,72,1382
45,73,1299
45,74,1298
45,75,1257
45,76,1365
45,77,1357
45,78,1355
45,79,1322
45,80,1278
45,81,1273
45,82,1372
45,83,1418
45,84,1397
45,85,1401
45,86,1393
45,87,1366
45,88,1279
45,89,1343
45,90,1411
46,1,1298
46,2,1238
46,3,1281
46,4,1412
46,5,1368
46,6,1330
46,7,1298
46,8,1249
46,9,1229
46,10,1222
46,11,1356
46,12,1340
46,13,1312
46,14,1334
46,15,1266
46,16,1161
46,17,1169
46,18,1244
46,19,1242
46,20,1256
46,21,1244
46,22,1249
46,23,1221
46,24,1233
46,25,1304
46,26,1303
46,27,1294
46,28,1310
46,29,1255
46,30,1205
46,31,1237
46,32,1327
46,33,1358
46,34,1339
46,35,1347
46,36,1391
46,37,1339
46,38,1290
46,39,1276
46,40,1346
46,41,1351
46,42,1355
46,43,1383
46,44,1312
46,45,1234
46,46,1237
46,47,1340
46,48,1253
46,49,1270
46,50,1298
46,51,1264
46,52,1273
46,53,1258
46,54,1366
46,55,1350
46,56,1355
46,57,1447
46,58,1382
46,59,1260
46,60,1266
46,61,1247
46,62,1277
46,63,1326
46,64,1316
46,65,1308
46,66,1296
46,67,1296
46,68,1301
46,69,1287
46,70,1283
46,71,1275
46,72,1290
46,73,1221
46,74,1213
46,75,1175
46,76,1249
46,77,1266
46,78,1267
46,79,1245
46,80,1200
46,81,1193
46,82,1225
46,83,1292
46,84,1285
46,85,1299
46,86,1295
46,87,1293
46,88,1217
46,89,1227
46,90,1290
47,1,1184
47,2,1133
47,3,1148
47,4,1247
47,5,1231
47,6,1188
47,7,1153
47,8,1141
47,9,1132
47,10,1099
47,11,1215
47,12,1183
47,13,1162
47,14,1198
47,15,1164
47,16,1072
47,17,1046
47,18,1110
47,19,1114
47,20,1137
47,21,1106
47,22,1147
47,23,1126
47,24,1101
47,25,1154
47,26,1145
47,27,1149
47,28,1167
47,29,1137
47,30,1079
47,31,1137
47,32,1188
47,33,1242
47,34,1184
47,35,1195
47,36,1268
47,37,1245
47,38,1194
47,39,1130
47,40,1202
47,41,1209
47,42,1212
47,43,1250
47,44,1228
47,45,1135
47,46,1120
47,47,1208
47,48,1131
47,49,1135
47,50,1167
47,51,1159
47,52,1167
47,53,1140
47,54,1215
47,55,1199
47,56,1217
47,57,1321
47,58,1269
47,59,1161
47,60,1131
47,61,1106
47,62,1118
47,63,1180
47,64,1169
47,65,1167
47,66,1187
47,67,1186
47,68,1164
47,69,1130
47,70,1136
47,71,1129
47,72,1142
47,73,1106
47,74,1108
47,75,1063
47,76,1118
47,77,1130
47,78,1123
47,79,1109
47,80,1092
47,81,1078
47,82,1092
47,83,1131
47,84,1124
47,85,1148
47,86,1144
47,87,1164
47,88,1110
47,89,1084
47,90,1137
48,1,1084
48,2,1033
48,3,1052
48,4,1140
48,5,1125
48,6,1085
48,7,1041
48,8,1040
48,9,1026
48,10,1002
48,11,1099
48,12,1075
48,13,1052
48,14,1080
48,15,1052
48,16,986
48,17,955
48,18,997
48,19,1024
48,20,1019
48,21,994
48,22,1039
48,23,1042
48,24,1002
48,25,1050
48,26,1033
48,27,1038
48,28,1041
48,29,1021
48,30,985
48,31,1040
48,32,1082
48,33,1117
48,34,1071
48,35,1071
48,36,1154
48,37,1133
48,38,1098
48,39,1019
48,40,1085
48,41,1100
48,42,1082
48,43,1128
48,44,1119
48,45,1058
48,46,1035
48,47,1110
48,48,1030
48,49,1031
48,50,1064
48,51,1064
48,52,1072
48,53,1054
48,54,1100
48,55,1049
48,56,1096
48,57,1198
48,58,1161
48,59,1068
48,60,1035
48,61,1004
48,62,1004
48,63,1064
48,64,1062
48,65,1043
48,66,1070
48,67,1090
48,68,1048
48,69,1026
48,70,1019
48,71,1004
48,72,1021
48,73,997
48,74,1002
48,75,973
48,76,1002
48,77,1016
48,78,1006
48,79,994
48,80,1005
48,81,985
48,82,989
48,83,1014
48,84,1021
48,85,1034
48,86,1030
48,87,1058
48,88,1015
48,89,978
48,90,1022
49,1,1014
49,2,965
49,3,978
49,4,1077
49,5,1060
49,6,1024
49,7,975
49,8,964
49,9,957
49,10,947
49,11,1037
49,12,1015
49,13,983
49,14,1002
49,15,986
49,16,928
49,17,903
49,18,928
49,19,944
49,20,956
49,21,927
49,22,961
49,23,982
49,24,927
49,25,978
49,26,974
49,27,979
49,28,976
49,29,942
49,30,919
49,31,985
49,32,1012
49,33,1042
49,34,1006
49,35,1012
49,36,1095
49,37,1036
49,38,1033
49,39,975
49,40,1028
49,41,1039
49,42,1022
49,43,1054
49,44,1033
49,45,1008
49,46,1020
49,47,1056
49,48,974
49,49,981
49,50,1010
49,51,995
49,52,1007
49,53,1003
49,54,1034
49,55,992
49,56,1037
49,57,1127
49,58,1058
49,59,1005
49,60,973
49,61,939
49,62,926
49,63,994
49,64,988
49,65,986
49,66,992
49,67,1015
49,68,979
49,69,959
49,70,952
49,71,947
49,72,938
49,73,931
49,74,924
49,75,923
49,76,944
49,77,952
49,78,939
49,79,928
49,80,939
49,81,921
49,82,939
49,83,950
49,84,954
49,85,968
49,86,967
49,87,993
49,88,952
49,89,915
49,90,957
50,1,980
50,2,976
50,3,950
50,4,1039
50,5,1033
50,6,986
50,7,945
50,8,927
50,9,917
50,10,933
50,11,1017
50,12,999
50,13,957
50,14,976
50,15,954
50,16,897
50,17,884
50,18,898
50,19,912
50,20,921
50,21,897
50,22,921
50,23,946
50,24,902
50,25,949
50,26,955
50,27,956
50,28,938
50,29,905
50,30,880
50,31,979
50,32,980
50,33,1004
50,34,975
50,35,986
50,36,1060
50,37,1000
50,38,999
50,39,969
50,40,1004
50,41,1011
50,42,982
50,43,1026
50,44,995
50,45,980
50,46,991
50,47,1023
50,48,947
50,49,950
50,50,983
50,51,965
50,52,967
50,53,979
50,54,1003
50,55,977
50,56,1007
50,57,1083
50,58,1017
50,59,959
50,60,934
50,61,910
50,62,913
50,63,964
50,64,959
50,65,952
50,66,968
50,67,986
50,68,952
50,69,935
50,70,934
50,71,917
50,72,908
50,73,898
50,74,885
50,75,898
50,76,910
50,77,923
50,78,907
50,79,899
50,80,908
50,81,891
50,82,914
50,83,922
50,84,940
50,85,938
50,86,930
50,87,961
50,88,926
50,89,896
50,90,929
51,1,958
51,2,937
51,3,942
51,4,1027
51,5,1022
51,6,976
51,7,936
51,8,921
51,9,910
51,10,932
51,11,1013
51,12,988
51,13,954
51,14,966
51,15,937
51,16,878
51,17,880
51,18,884
51,19,906
51,20,898
51,21,887
51,22,920
51,23,935
51,24,901
51,25,920
51,26,949
51,27,945
51,28,915
51,29,888
51,30,863
51,31,945
51,32,970
51,33,973
51,34,971
51,35,984
51,36,1048
51,37,991
51,38,980
51,39,962
51,40,988
51,41,992
51,42,978
51,43,1019
51,44,983
51,45,967
51,46,989
51,47,1012
51,48,945
51,49,942
51,50,972
51,51,946
51,52,941
51,53,978
51,54,997
51,55,981
51,56,992
51,57,1078
51,58,1000
51,59,942
51,60,932
51,61,902
51,62,908
51,63,951
51,64,946
51,65,937
51,66,951
51,67,954
51,68,946
51,69,924
51,70,924
51,71,903
51,72,896
51,73,879
51,74,876
51,75,891
51,76,898
51,77,906
51,78,887
51,79,867
51,80,898
51,81,880
51,82,903
51,83,911
51,84,921
51,85,931
51,86,909
51,87,940
51,88,909
51,89,891
51,90,915
52,1,947
52,2,925
52,3,950
52,4,1022
52,5,1017
52,6,981
52,7,935
52,8,924
52,9,915
52,10,927
52,11,1012
52,12,979
52,13,955
52,14,966
52,15,935
52,16,871
52,17,879
52,18,878
52,19,907
52,20,893
52,21,882
52,22,910
52,23,926
52,24,919
52,25,918
52,26,938
52,27,951
52,28,917
52,29,885
52,30,853
52,31,946
52,32,973
52,33,971
52,34,959
52,35,977
52,36,1036
52,37,984
52,38,971
52,39,966
52,40,994
52,41,995
52,42,976
52,43,1021
52,44,986
52,45,952
52,46,994
52,47,1026
52,48,930
52,49,1011
52,50,966
52,51,947
52,52,940
52,53,987
52,54,990
52,55,985
52,56,993
52,57,1080
52,58,955
52,59,935
52,60,933
52,61,913
52,62,908
52,63,950
52,64,948
52,65,937
52,66,954
52,67,949
52,68,947
52,69,933
52,70,935
52,71,904
52,72,904
52,73,873
52,74,864
52,75,899
52,76,898
52,77,897
52,78,885
52,79,879
52,80,899
52,81,871
52,82,903
52,83,913
52,84,924
52,85,928
52,86,911
52,87,940
52,88,904
52,89,895
52,90,917
53,1,963
53,2,927
53,3,993
53,4,1047
53,5,1057
53,6,1022
53,7,974
53,8,940
53,9,929
53,10,976
53,11,1050
53,12,1019
53,13,1003
53,14,1004
53,15,951
53,16,883
53,17,916
53,18,905
53,19,946
53,20,933
53,21,907
53,22,920
53,23,935
53,24,958
53,25,952
53,26,966
53,27,991
53,28,953
53,29,895
53,30,867
53,31,959
53,32,1022
53,33,1013
53,34,999
53,35,1017
53,36,1075
53,37,1000
53,38,982
53,39,1021
53,40,1025
53,41,1022
53,42,1023
53,43,1074
53,44,996
53,45,968
53,46,1023
53,47,1066
53,48,971
53,49,1048
53,50,1000
53,51,958
53,52,944
53,53,1021
53,54,1031
53,55,1029
53,56,1029
53,57,1113
53,58,964
53,59,942
53,60,975
53,61,951
53,62,947
53,63,980
53,64,987
53,65,972
53,66,960
53,67,951
53,68,992
53,69,979
53,70,974
53,71,946
53,72,930
53,73,886
53,74,872
53,75,928
53,76,937
53,77,931
53,78,929
53,79,911
53,80,910
53,81,886
53,82,946
53,83,959
53,84,965
53,85,970
53,86,968
53,87,945
53,88,913
53,89,935
53,90,956
54,1,1004
54,2,952
54,3,1115
54,4,1167
54,5,1184
54,6,1160
54,7,1097
54,8,974
54,9,959
54,10,1109
54,11,1145
54,12,1135
54,13,1130
54,14,1126
54,15,995
54,16,906
54,17,1011
54,18,1001
54,19,1043
54,20,1039
54,21,1002
54,22,963
54,23,956
54,24,1082
54,25,1078
54,26,1073
54,27,1093
54,28,1055
54,29,929
54,30,882
54,31,977
54,32,1135
54,33,1136
54,34,1114
54,35,1123
54,36,1200
54,37,1027
54,38,1010
54,39,1144
54,40,1140
54,41,1143
54,42,1146
54,43,1198
54,44,1049
54,45,1019
54,46,1115
54,47,1167
54,48,1068
54,49,1149
54,50,1098
54,51,995
54,52,964
54,53,1143
54,54,1157
54,55,1137
54,56,1161
54,57,1232
54,58,1000
54,59,967
54,60,1095
54,61,1077
54,62,1073
54,63,1119
54,64,1108
54,65,1099
54,66,1015
54,67,986
54,68,1117
54,69,1112
54,70,1109
54,71,1073
54,72,1061
54,73,928
54,74,904
54,75,1025
54,76,1043
54,77,1032
54,78,1038
54,79,1012
54,80,958
54,81,911
54,82,1079
54,83,1083
54,84,1096
54,85,1084
54,86,1087
54,87,972
54,88,928
54,89,1059
54,90,1081
55,1,1089
55,2,979
55,3,1333
55,4,1353
55,5,1373
55,6,1356
55,7,1275
55,8,1039
55,9,1008
55,10,1313
55,11,1347
55,12,1312
55,13,1338
55,14,1305
55,15,1067
55,16,939
55,17,1137
55,18,1142
55,19,1183
55,20,1171
55,21,1132
55,22,1025
55,23,993
55,24,1291
55,25,1281
55,26,1254
55,27,1284
55,28,1244
55,29,1002
55,30,926
55,31,1027
55,32,1325
55,33,1341
55,34,1307
55,35,1313
55,36,1392
55,37,1093
55,38,1043
55,39,1343
55,40,1329
55,41,1332
55,42,1332
55,43,1375
55,44,1104
55,45,1069
55,46,1210
55,47,1288
55,48,1206
55,49,1270
55,50,1218
55,51,1064
55,52,1000
55,53,1341
55,54,1342
55,55,1333
55,56,1364
55,57,1417
55,58,1075
55,59,1010
55,60,1284
55,61,1259
55,62,1275
55,63,1305
55,64,1299
55,65,1284
55,66,1100
55,67,1038
55,68,1306
55,69,1301
55,70,1297
55,71,1275
55,72,1218
55,73,1001
55,74,951
55,75,1146
55,76,1184
55,77,1176
55,78,1152
55,79,1146
55,80,1027
55,81,955
55,82,1288
55,83,1254
55,84,1271
55,85,1264
55,86,1273
55,87,1032
55,88,968
55,89,1255
55,90,1269
56,1,1217
56,2,1057
56,3,1432
56,4,1444
56,5,1444
56,6,1423
56,7,1361
56,8,1148
56,9,1121
56,10,1401
56,11,1435
56,12,1441
56,13,1439
56,14,1413
56,15,1169
56,16,1046
56,17,1263
56,18,1265
56,19,1297
56,20,1294
56,21,1267
56,22,1143
56,23,1092
56,24,1408
56,25,1393
56,26,1340
56,27,1381
56,28,1341
56,29,1125
56,30,1042
56,31,1095
56,32,1427
56,33,1410
56,34,1397
56,35,1397
56,36,1471
56,37,1199
56,38,1131
56,39,1435
56,40,1415
56,41,1420
56,42,1414
56,43,1450
56,44,1203
56,45,1165
56,46,1324
56,47,1386
56,48,1312
56,49,1369
56,50,1342
56,51,1175
56,52,1104
56,53,1451
56,54,1415
56,55,1428
56,56,1460
56,57,1496
56,58,1187
56,59,1113
56,60,1367
56,61,1352
56,62,1374
56,63,1388
56,64,1374
56,65,1376
56,66,1217
56,67,1145
56,68,1390
56,69,1365
56,70,1370
56,71,1364
56,72,1320
56,73,1123
56,74,1065
56,75,1259
56,76,1286
56,77,1276
56,78,1261
56,79,1252
56,80,1133
56,81,1061
56,82,1385
56,83,1347
56,84,1358
56,85,1353
56,86,1364
56,87,1150
56,88,1075
56,89,1354
56,90,1389
57,1,1324
57,2,1161
57,3,1461
57,4,1445
57,5,1430
57,6,1418
57,7,1390
57,8,1255
57,9,1226
57,10,1416
57,11,1450
57,12,1439
57,13,1450
57,14,1436
57,15,1254
57,16,1146
57,17,1339
57,18,1333
57,19,1355
57,20,1354
57,21,1357
57,22,1252
57,23,1203
57,24,1452
57,25,1408
57,26,1357
57,27,1396
57,28,1358
57,29,1209
57,30,1157
57,31,1195
57,32,1440
57,33,1390
57,34,1401
57,35,1400
57,36,1487
57,37,1298
57,38,1245
57,39,1448
57,40,1439
57,41,1426
57,42,1411
57,43,1460
57,44,1287
57,45,1260
57,46,1400
57,47,1429
57,48,1370
57,49,1419
57,50,1380
57,51,1299
57,52,1237
57,53,1472
57,54,1424
57,55,1438
57,56,1473
57,57,1505
57,58,1285
57,59,1232
57,60,1391
57,61,1357
57,62,1392
57,63,1393
57,64,1390
57,65,1394
57,66,1321
57,67,1247
57,68,1393
57,69,1348
57,70,1393
57,71,1385
57,72,1335
57,73,1241
57,74,1171
57,75,1339
57,76,1333
57,77,1328
57,78,1304
57,79,1302
57,80,1210
57,81,1162
57,82,1417
57,83,1367
57,84,1370
57,85,1357
57,86,1376
57,87,1243
57,88,1191
57,89,1382
57,90,1418
58,1,1381
58,2,1249
58,3,1481
58,4,1446
58,5,1415
58,6,1396
58,7,1379
58,8,1306
58,9,1268
58,10,1402
58,11,1454
58,12,1448
58,13,1448
58,14,1435
58,15,1277
58,16,1194
58,17,1366
58,18,1340
58,19,1368
58,20,1386
58,21,1393
58,22,1308
58,23,1249
58,24,1467
58,25,1405
58,26,1353
58,27,1385
58,28,1386
58,29,1254
58,30,1219
58,31,1284
58,32,1447
58,33,1395
58,34,1393
58,35,1398
58,36,1458
58,37,1348
58,38,1298
58,39,1453
58,40,1449
58,41,1416
58,42,1412
58,43,1464
58,44,1338
58,45,1288
58,46,1419
58,47,1435
58,48,1375
58,49,1381
58,50,1385
58,51,1372
58,52,1316
58,53,1484
58,54,1417
58,55,1448
58,56,1487
58,57,1502
58,58,1323
58,59,1302
58,60,1374
58,61,1357
58,62,1421
58,63,1392
58,64,1399
58,65,1380
58,66,1381
58,67,1299
58,68,1378
58,69,1346
58,70,1395
58,71,1396
58,72,1344
58,73,1320
58,74,1234
58,75,1383
58,76,1340
58,77,1357
58,78,1323
58,79,1330
58,80,1253
58,81,1237
58,82,1430
58,83,1368
58,84,1370
58,85,1357
58,86,1370
58,87,1272
58,88,1241
58,89,1398
58,90,1436
59,1,1384
59,2,1293
59,3,1491
59,4,1444
59,5,1423
59,6,1392
59,7,1353
59,8,1305
59,9,1269
59,10,1396
59,11,1465
59,12,1451
59,13,1443
59,14,1437
59,15,1278
59,16,1192
59,17,1375
59,18,1357
59,19,1360
59,20,1406
59,21,1401
59,22,1320
59,23,1267
59,24,1493
59,25,1411
59,26,1354
59,27,1389
59,28,1390
59,29,1265
59,30,1227
59,31,1332
59,32,1465
59,33,1384
59,34,1401
59,35,1402
59,36,1439
59,37,1348
59,38,1295
59,39,1448
59,40,1460
59,41,1423
59,42,1413
59,43,1471
59,44,1334
59,45,1278
59,46,1419
59,47,1369
59,48,1387
59,49,1393
59,50,1381
59,51,1379
59,52,1335
59,53,1490
59,54,1428
59,55,1455
59,56,1505
59,57,1509
59,58,1328
59,59,1337
59,60,1393
59,61,1357
59,62,1445
59,63,1391
59,64,1396
59,65,1380
59,66,1380
59,67,1298
59,68,1375
59,69,1363
59,70,1394
59,71,1398
59,72,1342
59,73,1355
59,74,1251
59,75,1402
59,76,1357
59,77,1370
59,78,1329
59,79,1334
59,80,1257
59,81,1271
59,82,1443
59,83,1378
59,84,1375
59,85,1360
59,86,1365
59,87,1263
59,88,1248
59,89,1395
59,90,1456
60,1,1372
60,2,1314
60,3,1472
60,4,1430
60,5,1394
60,6,1362
60,7,1343
60,8,1273
60,9,1257
60,10,1373
60,11,1467
60,12,1449
60,13,1422
60,14,1409
60,15,1247
60,16,1162
60,17,1364
60,18,1346
60,19,1339
60,20,1407
60,21,1376
60,22,1300
60,23,1255
60,24,1487
60,25,1393
60,26,1346
60,27,1369
60,28,1394
60,29,1266
60,30,1227
60,31,1378
60,32,1456
60,33,1367
60,34,1374
60,35,1391
60,36,1421
60,37,1324
60,38,1287
60,39,1423
60,40,1442
60,41,1404
60,42,1389
60,43,1449
60,44,1295
60,45,1260
60,46,1402
60,47,1364
60,48,1393
60,49,1378
60,50,1364
60,51,1373
60,52,1354
60,53,1482
60,54,1421
60,55,1458
60,56,1511
60,57,1501
60,58,1306
60,59,1332
60,60,1393
60,61,1341
60,62,1445
60,63,1372
60,64,1382
60,65,1386
60,66,1375
60,67,1278
60,68,1361
60,69,1341
60,70,1382
60,71,1388
60,72,1332
60,73,1355
60,74,1257
60,75,1390
60,76,1346
60,77,1369
60,78,1326
60,79,1315
60,80,1239
60,81,1287
60,82,1442
60,83,1366
60,84,1352
60,85,1356
60,86,1359
60,87,1247
60,88,1236
60,89,1380
60,90,1442
61,1,1337
61,2,1313
61,3,1452
61,4,1410
61,5,1366
61,6,1342
61,7,1323
61,8,1230
61,9,1232
61,10,1349
61,11,1455
61,12,1423
61,13,1397
61,14,1380
61,15,1202
61,16,1147
61,17,1333
61,18,1329
61,19,1323
61,20,1381
61,21,1359
61,22,1265
61,23,1223
61,24,1469
61,25,1369
61,26,1338
61,27,1329
61,28,1388
61,29,1237
61,30,1219
61,31,1385
61,32,1435
61,33,1346
61,34,1360
61,35,1388
61,36,1407
61,37,1289
61,38,1261
61,39,1405
61,40,1436
61,41,1383
61,42,1388
61,43,1419
61,44,1259
61,45,1252
61,46,1389
61,47,1364
61,48,1402
61,49,1362
61,50,1342
61,51,1339
61,52,1358
61,53,1463
61,54,1404
61,55,1445
61,56,1505
61,57,1489
61,58,1291
61,59,1320
61,60,1382
61,61,1324
61,62,1453
61,63,1355
61,64,1351
61,65,1375
61,66,1349
61,67,1254
61,68,1342
61,69,1322
61,70,1367
61,71,1375
61,72,1313
61,73,1317
61,74,1234
61,75,1361
61,76,1334
61,77,1360
61,78,1312
61,79,1290
61,80,1206
61,81,1278
61,82,1425
61,83,1353
61,84,1336
61,85,1331
61,86,1369
61,87,1222
61,88,1219
61,89,1369
61,90,1435
62,1,1308
62,2,1287
62,3,1433
62,4,1390
62,5,1358
62,6,1324
62,7,1297
62,8,1199
62,9,1180
62,10,1337
62,11,1444
62,12,1415
62,13,1366
62,14,1357
62,15,1159
62,16,1120
62,17,1315
62,18,1324
62,19,1317
62,20,1360
62,21,1337
62,22,1235
62,23,1186
62,24,1451
62,25,1357
62,26,1326
62,27,1313
62,28,1373
62,29,1220
62,30,1191
62,31,1363
62,32,1409
62,33,1365
62,34,1343
62,35,1364
62,36,1391
62,37,1250
62,38,1234
62,39,1391
62,40,1425
62,41,1356
62,42,1380
62,43,1415
62,44,1226
62,45,1219
62,46,1406
62,47,1342
62,48,1404
62,49,1348
62,50,1331
62,51,1313
62,52,1330
62,53,1453
62,54,1395
62,55,1440
62,56,1483
62,57,1471
62,58,1292
62,59,1290
62,60,1369
62,61,1314
62,62,1451
62,63,1352
62,64,1339
62,65,1357
62,66,1319
62,67,1218
62,68,1333
62,69,1315
62,70,1351
62,71,1351
62,72,1298
62,73,1283
62,74,1182
62,75,1343
62,76,1325
62,77,1348
62,78,1310
62,79,1270
62,80,1176
62,81,1251
62,82,1412
62,83,1352
62,84,1326
62,85,1315
62,86,1352
62,87,1190
62,88,1197
62,89,1364
62,90,1420
63,1,1276
63,2,1263
63,3,1406
63,4,1372
63,5,1320
63,6,1297
63,7,1276
63,8,1170
63,9,1130
63,10,1313
63,11,1433
63,12,1417
63,13,1333
63,14,1329
63,15,1136
63,16,1098
63,17,1301
63,18,1299
63,19,1310
63,20,1332
63,21,1292
63,22,1205
63,23,1154
63,24,1422
63,25,1345
63,26,1305
63,27,1299
63,28,1356
63,29,1199
63,30,1178
63,31,1333
63,32,1397
63,33,1352
63,34,1326
63,35,1350
63,36,1374
63,37,1221
63,38,1208
63,39,1366
63,40,1402
63,41,1336
63,42,1363
63,43,1390
63,44,1190
63,45,1196
63,46,1388
63,47,1315
63,48,1393
63,49,1382
63,50,1298
63,51,1301
63,52,1312
63,53,1441
63,54,1374
63,55,1436
63,56,1479
63,57,1446
63,58,1293
63,59,1274
63,60,1356
63,61,1287
63,62,1439
63,63,1335
63,64,1317
63,65,1331
63,66,1294
63,67,1191
63,68,1321
63,69,1307
63,70,1334
63,71,1336
63,72,1273
63,73,1260
63,74,1142
63,75,1321
63,76,1307
63,77,1326
63,78,1280
63,79,1244
63,80,1154
63,81,1228
63,82,1387
63,83,1334
63,84,1305
63,85,1292
63,86,1323
63,87,1162
63,88,1176
63,89,1342
63,90,1401
64,1,1281
64,2,1265
64,3,1390
64,4,1358
64,5,1296
64,6,1291
64,7,1262
64,8,1166
64,9,1114
64,10,1293
64,11,1436
64,12,1420
64,13,1324
64,14,1287
64,15,1135
64,16,1098
64,17,1293
64,18,1271
64,19,1289
64,20,1318
64,21,1255
64,22,1186
64,23,1158
64,24,1411
64,25,1307
64,26,1282
64,27,1289
64,28,1330
64,29,1184
64,30,1176
64,31,1327
64,32,1381
64,33,1336
64,34,1316
64,35,1349
64,36,1349
64,37,1199
64,38,1204
64,39,1356
64,40,1393
64,41,1326
64,42,1354
64,43,1353
64,44,1170
64,45,1186
64,46,1368
64,47,1300
64,48,1381
64,49,1355
64,50,1273
64,51,1301
64,52,1313
64,53,1425
64,54,1363
64,55,1441
64,56,1476
64,57,1427
64,58,1309
64,59,1282
64,60,1338
64,61,1281
64,62,1441
64,63,1333
64,64,1308
64,65,1336
64,66,1290
64,67,1174
64,68,1303
64,69,1304
64,70,1323
64,71,1324
64,72,1256
64,73,1245
64,74,1128
64,75,1302
64,76,1303
64,77,1306
64,78,1263
64,79,1218
64,80,1153
64,81,1234
64,82,1383
64,83,1330
64,84,1289
64,85,1280
64,86,1306
64,87,1159
64,88,1161
64,89,1334
64,90,1391
65,1,1316
65,2,1294
65,3,1410
65,4,1365
65,5,1312
65,6,1302
65,7,1270
65,8,1186
65,9,1125
65,10,1300
65,11,1472
65,12,1436
65,13,1346
65,14,1267
65,15,1165
65,16,1118
65,17,1302
65,18,1277
65,19,1298
65,20,1310
65,21,1250
65,22,1191
65,23,1192
65,24,1446
65,25,1324
65,26,1297
65,27,1297
65,28,1320
65,29,1202
65,30,1206
65,31,1358
65,32,1387
65,33,1342
65,34,1330
65,35,1387
65,36,1353
65,37,1203
65,38,1220
65,39,1371
65,40,1421
65,41,1341
65,42,1353
65,43,1329
65,44,1178
65,45,1211
65,46,1381
65,47,1300
65,48,1381
65,49,1324
65,50,1272
65,51,1350
65,52,1347
65,53,1435
65,54,1378
65,55,1481
65,56,1476
65,57,1417
65,58,1343
65,59,1323
65,60,1364
65,61,1310
65,62,1470
65,63,1364
65,64,1329
65,65,1357
65,66,1302
65,67,1206
65,68,1312
65,69,1300
65,70,1324
65,71,1327
65,72,1246
65,73,1244
65,74,1132
65,75,1322
65,76,1303
65,77,1304
65,78,1261
65,79,1215
65,80,1168
65,81,1273
65,82,1408
65,83,1358
65,84,1284
65,85,1289
65,86,1303
65,87,1171
65,88,1190
65,89,1347
65,90,1424
66,1,1358
66,2,1335
66,3,1466
66,4,1397
66,5,1348
66,6,1324
66,7,1282
66,8,1215
66,9,1148
66,10,1324
66,11,1512
66,12,1467
66,13,1362
66,14,1269
66,15,1204
66,16,1171
66,17,1305
66,18,1273
66,19,1301
66,20,1297
66,21,1264
66,22,1195
66,23,1253
66,24,1475
66,25,1343
66,26,1301
66,27,1306
66,28,1289
66,29,1204
66,30,1246
66,31,1415
66,32,1411
66,33,1365
66,34,1349
66,35,1418
66,36,1352
66,37,1234
66,38,1256
66,39,1391
66,40,1451
66,41,1359
66,42,1365
66,43,1316
66,44,1209
66,45,1234
66,46,1388
66,47,1301
66,48,1374
66,49,1311
66,50,1269
66,51,1381
66,52,1377
66,53,1464
66,54,1380
66,55,1521
66,56,1477
66,57,1403
66,58,1370
66,59,1349
66,60,1387
66,61,1373
66,62,1508
66,63,1410
66,64,1366
66,65,1394
66,66,1315
66,67,1288
66,68,1340
66,69,1311
66,70,1320
66,71,1334
66,72,1237
66,73,1256
66,74,1153
66,75,1338
66,76,1330
66,77,1303
66,78,1256
66,79,1206
66,80,1197
66,81,1320
66,82,1435
66,83,1393
66,84,1291
66,85,1306
66,86,1277
66,87,1190
66,88,1221
66,89,1371
66,90,1454
67,1,1407
67,2,1385
67,3,1503
67,4,1421
67,5,1360
67,6,1335
67,7,1285
67,8,1229
67,9,1196
67,10,1357
67,11,1514
67,12,1469
67,13,1356
67,14,1266
67,15,1229
67,16,1205
67,17,1302
67,18,1281
67,19,1296
67,20,1276
67,21,1267
67,22,1203
67,23,1299
67,24,1475
67,25,1363
67,26,1304
67,27,1315
67,28,1259
67,29,1190
67,30,1274
67,31,1438
67,32,1428
67,33,1383
67,34,1356
67,35,1440
67,36,1332
67,37,1259
67,38,1302
67,39,1411
67,40,1460
67,41,1380
67,42,1374
67,43,1309
67,44,1208
67,45,1258
67,46,1375
67,47,1301
67,48,1377
67,49,1319
67,50,1274
67,51,1379
67,52,1369
67,53,1464
67,54,1382
67,55,1517
67,56,1481
67,57,1383
67,58,1379
67,59,1349
67,60,1406
67,61,1407
67,62,1497
67,63,1420
67,64,1378
67,65,1414
67,66,1331
67,67,1310
67,68,1347
67,69,1324
67,70,1327
67,71,1333
67,72,1235
67,73,1247
67,74,1172
67,75,1349
67,76,1323
67,77,1289
67,78,1244
67,79,1206
67,80,1205
67,81,1341
67,82,1440
67,83,1402
67,84,1306
67,85,1322
67,86,1278
67,87,1192
67,88,1233
67,89,1386
67,90,1451
68,1,1388
68,2,1441
68,3,1566
68,4,1494
68,5,1438
68,6,1411
68,7,1328
68,8,1287
68,9,1319
68,10,1429
68,11,1527
68,12,1485
68,13,1423
68,14,1315
68,15,1272
68,16,1278
68,17,1336
68,18,1325
68,19,1346
68,20,1310
68,21,1296
68,22,1237
68,23,1354
68,24,1471
68,25,1408
68,26,1343
68,27,1348
68,28,1266
68,29,1225
68,30,1328
68,31,1478
68,32,1491
68,33,1465
68,34,1453
68,35,1487
68,36,1382
68,37,1324
68,38,1378
68,39,1468
68,40,1491
68,41,1450
68,42,1447
68,43,1360
68,44,1277
68,45,1324
68,46,1408
68,47,1358
68,48,1420
68,49,1358
68,50,1315
68,51,1387
68,52,1365
68,53,1480
68,54,1416
68,55,1511
68,56,1490
68,57,1402
68,58,1376
68,59,1347
68,60,1437
68,61,1456
68,62,1497
68,63,1464
68,64,1441
68,65,1426
68,66,1379
68,67,1404
68,68,1407
68,69,1392
68,70,1390
68,71,1372
68,72,1278
68,73,1285
68,74,1239
68,75,1378
68,76,1373
68,77,1327
68,78,1294
68,79,1248
68,80,1246
68,81,1374
68,82,1454
68,83,1414
68,84,1350
68,85,1361
68,86,1312
68,87,1221
68,88,1279
68,89,1409
68,90,1455
69,1,1326
69,2,1401
69,3,1561
69,4,1489
69,5,1452
69,6,1404
69,7,1332
69,8,1298
69,9,1330
69,10,1446
69,11,1476
69,12,1437
69,13,1440
69,14,1347
69,15,1245
69,16,1280
69,17,1350
69,18,1346
69,19,1364
69,20,1338
69,21,1329
69,22,1287
69,23,1344
69,24,1436
69,25,1419
69,26,1400
69,27,1404
69,28,1331
69,29,1276
69,30,1345
69,31,1445
69,32,1473
69,33,1459
69,34,1460
69,35,1496
69,36,1410
69,37,1339
69,38,1411
69,39,1477
69,40,1470
69,41,1456
69,42,1475
69,43,1395
69,44,1317
69,45,1343
69,46,1443
69,47,1363
69,48,1381
69,49,1392
69,50,1347
69,51,1345
69,52,1368
69,53,1489
69,54,1459
69,55,1475
69,56,1494
69,57,1453
69,58,1349
69,59,1361
69,60,1441
69,61,1401
69,62,1440
69,63,1435
69,64,1426
69,65,1384
69,66,1377
69,67,1416
69,68,1397
69,69,1395
69,70,1389
69,71,1382
69,72,1299
69,73,1298
69,74,1257
69,75,1365
69,76,1357
69,77,1355
69,78,1322
69,79,1278
69,80,1273
69,81,1372
69,82,1418
69,83,1397
69,84,1401
69,85,1393
69,86,1366
69,87,1279
69,88,1343
69,89,1411
69,90,1406
70,1,1238
70,2,1281
70,3,1412
70,4,1368
70,5,1330
70,6,1298
70,7,1249
70,8,1229
70,9,1222
70,10,1356
70,11,1340
70,12,1312
70,13,1334
70,14,1266
70,15,1161
70,16,1169
70,17,1244
70,18,1242
70,19,1256
70,20,1244
70,21,1249
70,22,1221
70,23,1233
70,24,1304
70,25,1303
70,26,1294
70,27,1310
70,28,1255
70,29,1205
70,30,1221
70,31,1327
70,32,1358
70,33,1339
70,34,1347
70,35,1391
70,36,1339
70,37,1290
70,38,1276
70,39,1346
70,40,1351
70,41,1355
70,42,1383
70,43,1312
70,44,1234
70,45,1237
70,46,1340
70,47,1253
70,48,1270
70,49,1298
70,50,1264
70,51,1273
70,52,1258
70,53,1366
70,54,1350
70,55,1355
70,56,1447
70,57,1382
70,58,1260
70,59,1266
70,60,1318
70,61,1277
70,62,1326
70,63,1316
70,64,1308
70,65,1296
70,66,1296
70,67,1301
70,68,1287
70,69,1283
70,70,1275
70,71,1290
70,72,1221
70,73,1213
70,74,1175
70,75,1249
70,76,1266
70,77,1267
70,78,1245
70,79,1200
70,80,1193
70,81,1225
70,82,1292
70,83,1285
70,84,1299
70,85,1295
70,86,1293
70,87,1217
70,88,1227
70,89,1290
70,90,1294
71,1,1133
71,2,1148
71,3,1247
71,4,1231
71,5,1188
71,6,1153
71,7,1141
71,8,1132
71,9,1099
71,10,1215
71,11,1183
71,12,1162
71,13,1198
71,14,1164
71,15,1072
71,16,1046
71,17,1110
71,18,1114
71,19,1137
71,20,1106
71,21,1147
71,22,1126
71,23,1101
71,24,1154
71,25,1145
71,26,1149
71,27,1167
71,28,1137
71,29,1079
71,30,1080
71,31,1188
71,32,1242
71,33,1184
71,34,1195
71,35,1268
71,36,1245
71,37,1194
71,38,1130
71,39,1202
71,40,1209
71,41,1212
71,42,1250
71,43,1228
71,44,1135
71,45,1120
71,46,1208
71,47,1131
71,48,1135
71,49,1167
71,50,1159
71,51,1167
71,52,1140
71,53,1215
71,54,1199
71,55,1217
71,56,1321
71,57,1269
71,58,1161
71,59,1131
71,60,1166
71,61,1118
71,62,1180
71,63,1169
71,64,1167
71,65,1187
71,66,1186
71,67,1164
71,68,1130
71,69,1136
71,70,1129
71,71,1142
71,72,1106
71,73,1108
71,74,1063
71,75,1118
71,76,1130
71,77,1123
71,78,1109
71,79,1092
71,80,1078
71,81,1092
71,82,1131
71,83,1124
71,84,1148
71,85,1144
71,86,1164
71,87,1110
71,88,1084
71,89,1137
71,90,1148
72,1,1033
72,2,1052
72,3,1140
72,4,1125
72,5,1085
72,6,1041
72,7,1040
72,8,1026
72,9,1002
72,10,1099
72,11,1075
72,12,1052
72,13,1080
72,14,1052
72,15,986
72,16,955
72,17,997
72,18,1024
72,19,1019
72,20,994
72,21,1039
72,22,1042
72,23,1002
72,24,1050
72,25,1033
72,26,1038
72,27,1041
72,28,1021
72,29,985
72,30,975
72,31,1082
72,32,1117
72,33,1071
72,34,1071
72,35,1154
72,36,1133
72,37,1098
72,38,1019
72,39,1085
72,40,1100
72,41,1082
72,42,1128
72,43,1119
72,44,1058
72,45,1035
72,46,1110
72,47,1030
72,48,1031
72,49,1064
72,50,1064
72,51,1072
72,52,1054
72,53,1100
72,54,1049
72,55,1096
72,56,1198
72,57,1161
72,58,1068
72,59,1035
72,60,1048
72,61,1004
72,62,1064
72,63,1062
72,64,1043
72,65,1070
72,66,1090
72,67,1048
72,68,1026
72,69,1019
72,70,1004
72,71,1021
72,72,997
72,73,1002
72,74,973
72,75,1002
72,76,1016
72,77,1006
72,78,994
72,79,1005
72,80,985
72,81,989
72,82,1014
72,83,1021
72,84,1034
72,85,1030
72,86,1058
72,87,1015
72,88,978
72,89,1022
72,90,1041
73,1,965
73,2,978
73,3,1077
73,4,1060
73,5,1024
73,6,975
73,7,964
73,8,957
73,9,947
73,10,1037
73,11,1015
73,12,983
73,13,1002
73,14,986
73,15,928
73,16,903
73,17,928
73,18,944
73,19,956
73,20,927
73,21,961
73,22,982
73,23,927
73,24,978
73,25,974
73,26,979
73,27,976
73,28,942
73,29,919
73,30,913
73,31,1012
73,32,1042
73,33,1006
73,34,1012
73,35,1095
73,36,1036
73,37,1033
73,38,975
73,39,1028
73,40,1039
73,41,1022
73,42,1054
73,43,1033
73,44,1008
73,45,1020
73,46,1056
73,47,974
73,48,981
73,49,1010
73,50,995
73,51,1007
73,52,1003
73,53,1034
73,54,992
73,55,1037
73,56,1127
73,57,1058
73,58,1005
73,59,973
73,60,983
73,61,926
73,62,994
73,63,988
73,64,986
73,65,992
73,66,1015
73,67,979
73,68,959
73,69,952
73,70,947
73,71,938
73,72,931
73,73,924
73,74,923
73,75,944
73,76,952
73,77,939
73,78,928
73,79,939
73,80,921
73,81,939
73,82,950
73,83,954
73,84,968
73,85,967
73,86,993
73,87,952
73,88,915
73,89,957
73,90,978
74,1,1017
74,2,950
74,3,1039
74,4,1033
74,5,986
74,6,945
74,7,927
74,8,917
74,9,933
74,10,1017
74,11,999
74,12,957
74,13,976
74,14,954
74,15,897
74,16,884
74,17,898
74,18,912
74,19,921
74,20,897
74,21,921
74,22,946
74,23,902
74,24,949
74,25,955
74,26,956
74,27,938
74,28,905
74,29,880
74,30,885
74,31,980
74,32,1004
74,33,975
74,34,986
74,35,1060
74,36,1000
74,37,999
74,38,969
74,39,1004
74,40,1011
74,41,982
74,42,1026
74,43,995
74,44,980
74,45,991
74,46,1023
74,47,947
74,48,950
74,49,983
74,50,965
74,51,967
74,52,979
74,53,1003
74,54,977
74,55,1007
74,56,1083
74,57,1017
74,58,959
74,59,934
74,60,958
74,61,913
74,62,964
74,63,959
74,64,952
74,65,968
74,66,986
74,67,952
74,68,935
74,69,934
74,70,917
74,71,908
74,72,898
74,73,885
74,74,898
74,75,910
74,76,923
74,77,907
74,78,899
74,79,908
74,80,891
74,81,914
74,82,922
74,83,940
74,84,938
74,85,930
74,86,961
74,87,926
74,88,896
74,89,929
74,90,943
75,1,937
75,2,942
75,3,1027
75,4,1022
75,5,976
75,6,936
75,7,921
75,8,910
75,9,932
75,10,1013
75,11,988
75,12,954
75,13,966
75,14,937
75,15,878
75,16,880
75,17,884
75,18,906
75,19,898
75,20,887
75,21,920
75,22,935
75,23,901
75,24,920
75,25,949
75,26,945
75,27,915
75,28,888
75,29,863
75,30,877
75,31,970
75,32,973
75,33,971
75,34,984
75,35,1048
75,36,991
75,37,980
75,38,962
75,39,988
75,40,992
75,41,978
75,42,1019
75,43,983
75,44,967
75,45,989
75,46,1012
75,47,945
75,48,942
75,49,972
75,50,946
75,51,941
75,52,978
75,53,997
75,54,981
75,55,992
75,56,1078
75,57,1000
75,58,942
75,59,932
75,60,950
75,61,908
75,62,951
75,63,946
75,64,937
75,65,951
75,66,954
75,67,946
75,68,924
75,69,924
75,70,903
75,71,896
75,72,879
75,73,876
75,74,891
75,75,898
75,76,906
75,77,887
75,78,867
75,79,898
75,80,880
75,81,903
75,82,911
75,83,921
75,84,931
75,85,909
75,86,940
75,87,909
75,88,891
75,89,915
75,90,925
76,1,925
76,2,950
76,3,1022
76,4,1017
76,5,981
76,6,935
76,7,924
76,8,915
76,9,927
76,10,1012
76,11,979
76,12,955
76,13,966
76,14,935
76,15,871
76,16,879
76,17,878
76,18,907
76,19,893
76,20,882
76,21,910
76,22,926
76,23,919
76,24,918
76,25,938
76,26,951
76,27,917
76,28,885
76,29,853
76,30,878
76,31,973
76,32,971
76,33,959
76,34,977
76,35,1036
76,36,984
76,37,971
76,38,966
76,39,994
76,40,995
76,41,976
76,42,1021
76,43,986
76,44,952
76,45,994
76,46,1026
76,47,930
76,48,1011
76,49,966
76,50,947
76,51,940
76,52,987
76,53,990
76,54,985
76,55,993
76,56,1080
76,57,955
76,58,935
76,59,933
76,60,948
76,61,908
76,62,950
76,63,948
76,64,937
76,65,954
76,66,949
76,67,947
76,68,933
76,69,935
76,70,904
76,71,904
76,72,873
76,73,864
76,74,899
76,75,898
76,76,897
76,77,885
76,78,879
76,79,899
76,80,871
76,81,903
76,82,913
76,83,924
76,84,928
76,85,911
76,86,940
76,87,904
76,88,895
76,89,917
76,90,922
77,1,927
77,2,993
77,3,1047
77,4,1057
77,5,1022
77,6,974
77,7,940
77,8,929
77,9,976
77,10,1050
77,11,1019
77,12,1003
77,13,1004
77,14,951
77,15,883
77,16,916
77,17,905
77,18,946
77,19,933
77,20,907
77,21,920
77,22,935
77,23,958
77,24,952
77,25,966
77,26,991
77,27,953
77,28,895
77,29,867
77,30,920
77,31,1022
77,32,1013
77,33,999
77,34,1017
77,35,1075
77,36,1000
77,37,982
77,38,1021
77,39,1025
77,40,1022
77,41,1023
77,42,1074
77,43,996
77,44,968
77,45,1023
77,46,1066
77,47,971
77,48,1048
77,49,1000
77,50,958
77,51,944
77,52,1021
77,53,1031
77,54,1029
77,55,1029
77,56,1113
77,57,964
77,58,942
77,59,975
77,60,975
77,61,947
77,62,980
77,63,987
77,64,972
77,65,960
77,66,951
77,67,992
77,68,979
77,69,974
77,70,946
77,71,930
77,72,886
77,73,872
77,74,928
77,75,937
77,76,931
77,77,929
77,78,911
77,79,910
77,80,886
77,81,946
77,82,959
77,83,965
77,84,970
77,85,968
77,86,945
77,87,913
77,88,935
77,89,956
77,90,960
78,1,952
78,2,1115
78,3,1167
78,4,1184
78,5,1160
78,6,1097
78,7,974
78,8,959
78,9,1109
78,10,1145
78,11,1135
78,12,1130
78,13,1126
78,14,995
78,15,906
78,16,1011
78,17,1001
78,18,1043
78,19,1039
78,20,1002
78,21,963
78,22,956
78,23,1082
78,24,1078
78,25,1073
78,26,1093
78,27,1055
78,28,929
78,29,882
78,30,1040
78,31,1135
78,32,1136
78,33,1114
78,34,1123
78,35,1200
78,36,1027
78,37,1010
78,38,1144
78,39,1140
78,40,1143
78,41,1146
78,42,1198
78,43,1049
78,44,1019
78,45,1115
78,46,1167
78,47,1068
78,48,1149
78,49,1098
78,50,995
78,51,964
78,52,1143
78,53,1157
78,54,1137
78,55,1161
78,56,1232
78,57,1000
78,58,967
78,59,1095
78,60,1075
78,61,1073
78,62,1119
78,63,1108
78,64,1099
78,65,1015
78,66,986
78,67,1117
78,68,1112
78,69,1109
78,70,1073
78,71,1061
78,72,928
78,73,904
78,74,1025
78,75,1043
78,76,1032
78,77,1038
78,78,1012
78,79,958
78,80,911
78,81,1079
78,82,1083
78,83,1096
78,84,1084
78,85,1087
78,86,972
78,87,928
78,88,1059
78,89,1081
78,90,1078
79,1,979
79,2,1333
79,3,1353
79,4,1373
79,5,1356
79,6,1275
79,7,1039
79,8,1008
79,9,1313
79,10,1347
79,11,1312
79,12,1338
79,13,1305
79,14,1067
79,15,939
79,16,1137
79,17,1142
79,18,1183
79,19,1171
79,20,1132
79,21,1025
79,22,993
79,23,1291
79,24,1281
79,25,1254
79,26,1284
79,27,1244
79,28,1002
79,29,926
79,30,1236
79,31,1325
79,32,1341
79,33,1307
79,34,1313
79,35,1392
79,36,1093
79,37,1043
79,38,1343
79,39,1329
79,40,1332
79,41,1332
79,42,1375
79,43,1104
79,44,1069
79,45,1210
79,46,1288
79,47,1206
79,48,1270
79,49,1218
79,50,1064
79,51,1000
79,52,1341
79,53,1342
79,54,1333
79,55,1364
79,56,1417
79,57,1075
79,58,1010
79,59,1284
79,60,1271
79,61,1275
79,62,1305
79,63,1299
79,64,1284
79,65,1100
79,66,1038
79,67,1306
79,68,1301
79,69,1297
79,70,1275
79,71,1218
79,72,1001
79,73,951
79,74,1146
79,75,1184
79,76,1176
79,77,1152
79,78,1146
79,79,1027
79,80,955
79,81,1288
79,82,1254
79,83,1271
79,84,1264
79,85,1273
79,86,1032
79,87,968
79,88,1255
79,89,1269
79,90,1272
80,1,1057
80,2,1432
80,3,1444
80,4,1444
80,5,1423
80,6,1361
80,7,1148
80,8,1121
80,9,1401
80,10,1435
80,11,1441
80,12,1439
80,13,1413
80,14,1169
80,15,1046
80,16,1263
80,17,1265
80,18,1297
80,19,1294
80,20,1267
80,21,1143
80,22,1092
80,23,1408
80,24,1393
80,25,1340
80,26,1381
80,27,1341
80,28,1125
80,29,1042
80,30,1360
80,31,1427
80,32,1410
80,33,1397
80,34,1397
80,35,1471
80,36,1199
80,37,1131
80,38,1435
80,39,1415
80,40,1420
80,41,1414
80,42,1450
80,43,1203
80,44,1165
80,45,1324
80,46,1386
80,47,1312
80,48,1369
80,49,1342
80,50,1175
80,51,1104
80,52,1451
80,53,1415
80,54,1428
80,55,1460
80,56,1496
80,57,1187
80,58,1113
80,59,1367
80,60,1356
80,61,1374
80,62,1388
80,63,1374
80,64,1376
80,65,1217
80,66,1145
80,67,1390
80,68,1365
80,69,1370
80,70,1364
80,71,1320
80,72,1123
80,73,1065
80,74,1259
80,75,1286
80,76,1276
80,77,1261
80,78,1252
80,79,1133
80,80,1061
80,81,1385
80,82,1347
80,83,1358
80,84,1353
80,85,1364
80,86,1150
80,87,1075
80,88,1354
80,89,1389
80,90,1364
81,1,1161
81,2,1461
81,3,1445
81,4,1430
81,5,1418
81,6,1390
81,7,1255
81,8,1226
81,9,1416
81,10,1450
81,11,1439
81,12,1450
81,13,1436
81,14,1254
81,15,1146
81,16,1339
81,17,1333
81,18,1355
81,19,1354
81,20,1357
81,21,1252
81,22,1203
81,23,1452
81,24,1408
81,25,1357
81,26,1396
81,27,1358
81,28,1209
81,29,1157
81,30,1397
81,31,1440
81,32,1390
81,33,1401
81,34,1400
81,35,1487
81,36,1298
81,37,1245
81,38,1448
81,39,1439
81,40,1426
81,41,1411
81,42,1460
81,43,1287
81,44,1260
81,45,1400
81,46,1429
81,47,1370
81,48,1419
81,49,1380
81,50,1299
81,51,1237
81,52,1472
81,53,1424
81,54,1438
81,55,1473
81,56,1505
81,57,1285
81,58,1232
81,59,1391
81,60,1371
81,61,1392
81,62,1393
81,63,1390
81,64,1394
81,65,1321
81,66,1247
81,67,1393
81,68,1348
81,69,1393
81,70,1385
81,71,1335
81,72,1241
81,73,1171
81,74,1339
81,75,1333
81,76,1328
81,77,1304
81,78,1302
81,79,1210
81,80,1162
81,81,1417
81,82,1367
81,83,1370
81,84,1357
81,85,1376
81,86,1243
81,87,1191
81,88,1382
81,89,1418
81,90,1388
82,1,1249
82,2,1481
82,3,1446
82,4,1415
82,5,1396
82,6,1379
82,7,1306
82,8,1268
82,9,1402
82,10,1454
82,11,1448
82,12,1448
82,13,1435
82,14,1277
82,15,1194
82,16,1366
82,17,1340
82,18,1368
82,19,1386
82,20,1393
82,21,1308
82,22,1249
82,23,1467
82,24,1405
82,25,1353
82,26,1385
82,27,1386
82,28,1254
82,29,1219
82,30,1417
82,31,1447
82,32,1395
82,33,1393
82,34,1398
82,35,1458
82,36,1348
82,37,1298
82,38,1453
82,39,1449
82,40,1416
82,41,1412
82,42,1464
82,43,1338
82,44,1288
82,45,1419
82,46,1435
82,47,1375
82,48,1381
82,49,1385
82,50,1372
82,51,1316
82,52,1484
82,53,1417
82,54,1448
82,55,1487
82,56,1502
82,57,1323
82,58,1302
82,59,1374
82,60,1371
82,61,1421
82,62,1392
82,63,1399
82,64,1380
82,65,1381
82,66,1299
82,67,1378
82,68,1346
82,69,1395
82,70,1396
82,71,1344
82,72,1320
82,73,1234
82,74,1383
82,75,1340
82,76,1357
82,77,1323
82,78,1330
82,79,1253
82,80,1237
82,81,1430
82,82,1368
82,83,1370
82,84,1357
82,85,1370
82,86,1272
82,87,1241
82,88,1398
82,89,1436
82,90,1398
83,1,1293
83,2,1491
83,3,1444
83,4,1423
83,5,1392
83,6,1353
83,7,1305
83,8,1269
83,9,1396
83,10,1465
83,11,1451
83,12,1443
83,13,1437
83,14,1278
83,15,1192
83,16,1375
83,17,1357
83,18,1360
83,19,1406
83,20,1401
83,21,1320
83,22,1267
83,23,1493
83,24,1411
83,25,1354
83,26,1389
83,27,1390
83,28,1265
83,29,1227
83,30,1435
83,31,1465
83,32,1384
83,33,1401
83,34,1402
83,35,1439
83,36,1348
83,37,1295
83,38,1448
83,39,1460
83,40,1423
83,41,1413
83,42,1471
83,43,1334
83,44,1278
83,45,1419
83,46,1369
83,47,1387
83,48,1393
83,49,1381
83,50,1379
83,51,1335
83,52,1490
83,53,1428
83,54,1455
83,55,1505
83,56,1509
83,57,1328
83,58,1337
83,59,1393
83,60,1393
83,61,1445
83,62,1391
83,63,1396
83,64,1380
83,65,1380
83,66,1298
83,67,1375
83,68,1363
83,69,1394
83,70,1398
83,71,1342
83,72,1355
83,73,1251
83,74,1402
83,75,1357
83,76,1370
83,77,1329
83,78,1334
83,79,1257
83,80,1271
83,81,1443
83,82,1378
83,83,1375
83,84,1360
83,85,1365
83,86,1263
83,87,1248
83,88,1395
83,89,1456
83,90,1415
84,1,1314
84,2,1472
84,3,1430
84,4,1394
84,5,1362
84,6,1343
84,7,1273
84,8,1257
84,9,1373
84,10,1467
84,11,1449
84,12,1422
84,13,1409
84,14,1247
84,15,1162
84,16,1364
84,17,1346
84,18,1339
84,19,1407
84,20,1376
84,21,1300
84,22,1255
84,23,1487
84,24,1393
84,25,1346
84,26,1369
84,27,1394
84,28,1266
84,29,1227
84,30,1435
84,31,1456
84,32,1367
84,33,1374
84,34,1391
84,35,1421
84,36,1324
84,37,1287
84,38,1423
84,39,1442
84,40,1404
84,41,1389
84,42,1449
84,43,1295
84,44,1260
84,45,1402
84,46,1364
84,47,1393
84,48,1378
84,49,1364
84,50,1373
84,51,1354
84,52,1482
84,53,1421
84,54,1458
84,55,1511
84,56,1501
84,57,1306
84,58,1332
84,59,1393
84,60,1390
84,61,1445
84,62,1372
84,63,1382
84,64,1386
84,65,1375
84,66,1278
84,67,1361
84,68,1341
84,69,1382
84,70,1388
84,71,1332
84,72,1355
84,73,1257
84,74,1390
84,75,1346
84,76,1369
84,77,1326
84,78,1315
84,79,1239
84,80,1287
84,81,1442
84,82,1366
84,83,1352
84,84,1356
84,85,1359
84,86,1247
84,87,1236
84,88,1380
84,89,1442
84,90,1397
85,1,1313
85,2,1452
85,3,1410
85,4,1366
85,5,1342
85,6,1323
85,7,1230
85,8,1232
85,9,1349
85,10,1455
85,11,1423
85,12,1397
85,13,1380
85,14,1202
85,15,1147
85,16,1333
85,17,1329
85,18,1323
85,19,1381
85,20,1359
85,21,1265
85,22,1223
85,23,1469
85,24,1369
85,25,1338
85,26,1329
85,27,1388
85,28,1237
85,29,1219
85,30,1418
85,31,1435
85,32,1346
85,33,1360
85,34,1388
85,35,1407
85,36,1289
85,37,1261
85,38,1405
85,39,1436
85,40,1383
85,41,1388
85,42,1419
85,43,1259
85,44,1252
85,45,1389
85,46,1364
85,47,1402
85,48,1362
85,49,1342
85,50,1339
85,51,1358
85,52,1463
85,53,1404
85,54,1445
85,55,1505
85,56,1489
85,57,1291
85,58,1320
85,59,1382
85,60,1373
85,61,1453
85,62,1355
85,63,1351
85,64,1375
85,65,1349
85,66,1254
85,67,1342
85,68,1322
85,69,1367
85,70,1375
85,71,1313
85,72,1317
85,73,1234
85,74,1361
85,75,1334
85,76,1360
85,77,1312
85,78,1290
85,79,1206
85,80,1278
85,81,1425
85,82,1353
85,83,1336
85,84,1331
85,85,1369
85,86,1222
85,87,1219
85,88,1369
85,89,1435
85,90,1384
86,1,1287
86,2,1433
86,3,1390
86,4,1358
86,5,1324
86,6,1297
86,7,1199
86,8,1180
86,9,1337
86,10,1444
86,11,1415
86,12,1366
86,13,1357
86,14,1159
86,15,1120
86,16,1315
86,17,1324
86,18,1317
86,19,1360
86,20,1337
86,21,1235
86,22,1186
86,23,1451
86,24,1357
86,25,1326
86,26,1313
86,27,1373
86,28,1220
86,29,1191
86,30,1407
86,31,1409
86,32,1365
86,33,1343
86,34,1364
86,35,1391
86,36,1250
86,37,1234
86,38,1391
86,39,1425
86,40,1356
86,41,1380
86,42,1415
86,43,1226
86,44,1219
86,45,1406
86,46,1342
86,47,1404
86,48,1348
86,49,1331
86,50,1313
86,51,1330
86,52,1453
86,53,1395
86,54,1440
86,55,1483
86,56,1471
86,57,1292
86,58,1290
86,59,1369
86,60,1363
86,61,1451
86,62,1352
86,63,1339
86,64,1357
86,65,1319
86,66,1218
86,67,1333
86,68,1315
86,69,1351
86,70,1351
86,71,1298
86,72,1283
86,73,1182
86,74,1343
86,75,1325
86,76,1348
86,77,1310
86,78,1270
86,79,1176
86,80,1251
86,81,1412
86,82,1352
86,83,1326
86,84,1315
86,85,1352
86,86,1190
86,87,1197
86,88,1364
86,89,1420
86,90,1387
87,1,1263
87,2,1406
87,3,1372
87,4,1320
87,5,1297
87,6,1276
87,7,1170
87,8,1130
87,9,1313
87,10,1433
87,11,1417
87,12,1333
87,13,1329
87,14,1136
87,15,1098
87,16,1301
87,17,1299
87,18,1310
87,19,1332
87,20,1292
87,21,1205
87,22,1154
87,23,1422
87,24,1345
87,25,1305
87,26,1299
87,27,1356
87,28,1199
87,29,1178
87,30,1387
87,31,1397
87,32,1352
87,33,1326
87,34,1350
87,35,1374
87,36,1221
87,37,1208
87,38,1366
87,39,1402
87,40,1336
87,41,1363
87,42,1390
87,43,1190
87,44,1196
87,45,1388
87,46,1315
87,47,1393
87,48,1382
87,49,1298
87,50,1301
87,51,1312
87,52,1441
87,53,1374
87,54,1436
87,55,1479
87,56,1446
87,57,1293
87,58,1274
87,59,1356
87,60,1357
87,61,1439
87,62,1335
87,63,1317
87,64,1331
87,65,1294
87,66,1191
87,67,1321
87,68,1307
87,69,1334
87,70,1336
87,71,1273
87,72,1260
87,73,1142
87,74,1321
87,75,1307
87,76,1326
87,77,1280
87,78,1244
87,79,1154
87,80,1228
87,81,1387
87,82,1334
87,83,1305
87,84,1292
87,85,1323
87,86,1162
87,87,1176
87,88,1342
87,89,1401
87,90,1364
88,1,1265
88,2,1390
88,3,1358
88,4,1296
88,5,1291
88,6,1262
88,7,1166
88,8,1114
88,9,1293
88,10,1436
88,11,1420
88,12,1324
88,13,1287
88,14,1135
88,15,1098
88,16,1293
88,17,1271
88,18,1289
88,19,1318
88,20,1255
88,21,1186
88,22,1158
88,23,1411
88,24,1307
88,25,1282
88,26,1289
88,27,1330
88,28,1184
88,29,1176
88,30,1389
88,31,1381
88,32,1336
88,33,1316
88,34,1349
88,35,1349
88,36,1199
88,37,1204
88,38,1356
88,39,1393
88,40,1326
88,41,1354
88,42,1353
88,43,1170
88,44,1186
88,45,1368
88,46,1300
88,47,1381
88,48,1355
88,49,1273
88,50,1301
88,51,1313
88,52,1425
88,53,1363
88,54,1441
88,55,1476
88,56,1427
88,57,1309
88,58,1282
88,59,1338
88,60,1352
88,61,1441
88,62,1333
88,63,1308
88,64,1336
88,65,1290
88,66,1174
88,67,1303
88,68,1304
88,69,1323
88,70,1324
88,71,1256
88,72,1245
88,73,1128
88,74,1302
88,75,1303
88,76,1306
88,77,1263
88,78,1218
88,79,1153
88,80,1234
88,81,1383
88,82,1330
88,83,1289
88,84,1280
88,85,1306
88,86,1159
88,87,1161
88,88,1334
88,89,1391
88,90,1347
89,1,1294
89,2,1410
89,3,1365
89,4,1312
89,5,1302
89,6,1270
89,7,1186
89,8,1125
89,9,1300
89,10,1472
89,11,1436
89,12,1346
89,13,1267
89,14,1165
89,15,1118
89,16,1302
89,17,1277
89,18,1298
89,19,1310
89,20,1250
89,21,1191
89,22,1192
89,23,1446
89,24,1324
89,25,1297
89,26,1297
89,27,1320
89,28,1202
89,29,1206
89,30,1426
89,31,1387
89,32,1342
89,33,1330
89,34,1387
89,35,1353
89,36,1203
89,37,1220
89,38,1371
89,39,1421
89,40,1341
89,41,1353
89,42,1329
89,43,1178
89,44,1211
89,45,1381
89,46,1300
89,47,1381
89,48,1324
89,49,1272
89,50,1350
89,51,1347
89,52,1435
89,53,1378
89,54,1481
89,55,1476
89,56,1417
89,57,1343
89,58,1323
89,59,1364
89,60,1367
89,61,1470
89,62,1364
89,63,1329
89,64,1357
89,65,1302
89,66,1206
89,67,1312
89,68,1300
89,69,1324
89,70,1327
89,71,1246
89,72,1244
89,73,1132
89,74,1322
89,75,1303
89,76,1304
89,77,1261
89,78,1215
89,79,1168
89,80,1273
89,81,1408
89,82,1358
89,83,1284
89,84,1289
89,85,1303
89,86,1171
89,87,1190
89,88,1347
89,89,1424
89,90,1365
90,1,1335
90,2,1466
90,3,1397
90,4,1348
90,5,1324
90,6,1282
90,7,1215
90,8,1148
90,9,1324
90,10,1512
90,11,1467
90,12,1362
90,13,1269
90,14,1204
90,15,1171
90,16,1305
90,17,1273
90,18,1301
90,19,1297
90,20,1264
90,21,1195
90,22,1253
90,23,1475
90,24,1343
90,25,1301
90,26,1306
90,27,1289
90,28,1204
90,29,1246
90,30,1452
90,31,1411
90,32,1365
90,33,1349
90,34,1418
90,35,1352
90,36,1234
90,37,1256
90,38,1391
90,39,1451
90,40,1359
90,41,1365
90,42,1316
90,43,1209
90,44,1234
90,45,1388
90,46,1301
90,47,1374
90,48,1311
90,49,1269
90,50,1381
90,51,1377
90,52,1464
90,53,1380
90,54,1521
90,55,1477
90,56,1403
90,57,1370
90,58,1349
90,59,1387
90,60,1378
90,61,1508
90,62,1410
90,63,1366
90,64,1394
90,65,1315
90,66,1288
90,67,1340
90,68,1311
90,69,1320
90,70,1334
90,71,1237
90,72,1256
90,73,1153
90,74,1338
90,75,1330
90,76,1303
90,77,1256
90,78,1206
90,79,1197
90,80,1320
90,81,1435
90,82,1393
90,83,1291
90,84,1306
90,85,1277
90,86,1190
90,87,1221
90,88,1371
90,89,1454
90,90,1389
91,1,1385
91,2,1503
91,3,1421
91,4,1360
91,5,1335
91,6,1285
91,7,1229
91,8,1196
91,9,1357
91,10,1514
91,11,1469
91,12,1356
91,13,1266
91,14,1229
91,15,1205
91,16,1302
91,17,1281
91,18,1296
91,19,1276
91,20,1267
91,21,1203
91,22,1299
91,23,1475
91,24,1363
91,25,1304
91,26,1315
91,27,1259
91,28,1190
91,29,1274
91,30,1458
91,31,1428
91,32,1383
91,33,1356
91,34,1440
91,35,1332
91,36,1259
91,37,1302
91,38,1411
91,39,1460
91,40,1380
91,41,1374
91,42,1309
91,43,1208
91,44,1258
91,45,1375
91,46,1301
91,47,1377
91,48,1319
91,49,1274
91,50,1379
91,51,1369
91,52,1464
91,53,1382
91,54,1517
91,55,1481
91,56,1383
91,57,1379
91,58,1349
91,59,1406
91,60,1377
91,61,1497
91,62,1420
91,63,1378
91,64,1414
91,65,1331
91,66,1310
91,67,1347
91,68,1324
91,69,1327
91,70,1333
91,71,1235
91,72,1247
91,73,1172
91,74,1349
91,75,1323
91,76,1289
91,77,1244
91,78,1206
91,79,1205
91,80,1341
91,81,1440
91,82,1402
91,83,1306
91,84,1322
91,85,1278
91,86,1192
91,87,1233
91,88,1386
91,89,1451
91,90,1383
92,1,1441
92,2,1566
92,3,1494
92,4,1438
92,5,1411
92,6,1328
92,7,1287
92,8,1319
92,9,1429
92,10,1527
92,11,1485
92,12,1423
92,13,1315
92,14,1272
92,15,1278
92,16,1336
92,17,1325
92,18,1346
92,19,1310
92,20,1296
92,21,1237
92,22,1354
92,23,1471
92,24,1408
92,25,1343
92,26,1348
92,27,1266
92,28,1225
92,29,1328
92,30,1454
92,31,1491
92,32,1465
92,33,1453
92,34,1487
92,35,1382
92,36,1324
92,37,1378
92,38,1468
92,39,1491
92,40,1450
92,41,1447
92,42,1360
92,43,1277
92,44,1324
92,45,1408
92,46,1358
92,47,1420
92,48,1358
92,49,1315
92,50,1387
92,51,1365
92,52,1480
92,53,1416
92,54,1511
92,55,1490
92,56,1402
92,57,1376
92,58,1347
92,59,1437
92,60,1399
92,61,1497
92,62,1464
92,63,1441
92,64,1426
92,65,1379
92,66,1404
92,67,1407
92,68,1392
92,69,1390
92,70,1372
92,71,1278
92,72,1285
92,73,1239
92,74,1378
92,75,1373
92,76,1327
92,77,1294
92,78,1248
92,79,1246
92,80,1374
92,81,1454
92,82,1414
92,83,1350
92,84,1361
92,85,1312
92,86,1221
92,87,1279
92,88,1409
92,89,1455
92,90,1399
93,1,1401
93,2,1561
93,3,1489
93,4,1452
93,5,1404
93,6,1332
93,7,1298
93,8,1330
93,9,1446
93,10,1476
93,11,1437
93,12,1440
93,13,1347
93,14,1245
93,15,1280
93,16,1350
93,17,1346
93,18,1364
93,19,1338
93,20,1329
93,21,1287
93,22,1344
93,23,1436
93,24,1419
93,25,1400
93,26,1404
93,27,1331
93,28,1276
93,29,1345
93,30,1415
93,31,1473
93,32,1459
93,33,1460
93,34,1496
93,35,1410
93,36,1339
93,37,1411
93,38,1477
93,39,1470
93,40,1456
93,41,1475
93,42,1395
93,43,1317
93,44,1343
93,45,1443
93,46,1363
93,47,1381
93,48,1392
93,49,1347
93,50,1345
93,51,1368
93,52,1489
93,53,1459
93,54,1475
93,55,1494
93,56,1453
93,57,1349
93,58,1361
93,59,1441
93,60,1435
93,61,1440
93,62,1435
93,63,1426
93,64,1384
93,65,1377
93,66,1416
93,67,1397
93,68,1395
93,69,1389
93,70,1382
93,71,1299
93,72,1298
93,73,1257
93,74,1365
93,75,1357
93,76,1355
93,77,1322
93,78,1278
93,79,1273
93,80,1372
93,81,1418
93,82,1397
93,83,1401
93,84,1393
93,85,1366
93,86,1279
93,87,1343
93,88,1411
93,89,1406
93,90,1421
94,1,1281
94,2,1412
94,3,1368
94,4,1330
94,5,1298
94,6,1249
94,7,1229
94,8,1222
94,9,1356
94,10,1340
94,11,1312
94,12,1334
94,13,1266
94,14,1161
94,15,1169
94,16,1244
94,17,1242
94,18,1256
94,19,1244
94,20,1249
94,21,1221
94,22,1233
94,23,1304
94,24,1303
94,25,1294
94,26,1310
94,27,1255
94,28,1205
94,29,1221
94,30,1288
94,31,1358
94,32,1339
94,33,1347
94,34,1391
94,35,1339
94,36,1290
94,37,1276
94,38,1346
94,39,1351
94,40,1355
94,41,1383
94,42,1312
94,43,1234
94,44,1237
94,45,1340
94,46,1253
94,47,1270
94,48,1298
94,49,1264
94,50,1273
94,51,1258
94,52,1366
94,53,1350
94,54,1355
94,55,1447
94,56,1382
94,57,1260
94,58,1266
94,59,1318
94,60,1333
94,61,1326
94,62,1316
94,63,1308
94,64,1296
94,65,1296
94,66,1301
94,67,1287
94,68,1283
94,69,1275
94,70,1290
94,71,1221
94,72,1213
94,73,1175
94,74,1249
94,75,1266
94,76,1267
94,77,1245
94,78,1200
94,79,1193
94,80,1225
94,81,1292
94,82,1285
94,83,1299
94,84,1295
94,85,1293
94,86,1217
94,87,1227
94,88,1290
94,89,1294
94,90,1312
95,1,1148
95,2,1247
95,3,1231
95,4,1188
95,5,1153
95,6,1141
95,7,1132
95,8,1099
95,9,1215
95,10,1183
95,11,1162
95,12,1198
95,13,1164
95,14,1072
95,15,1046
95,16,1110
95,17,1114
95,18,1137
95,19,1106
95,20,1147
95,21,1126
95,22,1101
95,23,1154
95,24,1145
95,25,1149
95,26,1167
95,27,1137
95,28,1079
95,29,1080
95,30,1134
95,31,1242
95,32,1184
95,33,1195
95,34,1268
95,35,1245
95,36,1194
95,37,1130
95,38,1202
95,39,1209
95,40,1212
95,41,1250
95,42,1228
95,43,1135
95,44,1120
95,45,1208
95,46,1131
95,47,1135
95,48,1167
95,49,1159
95,50,1167
95,51,1140
95,52,1215
95,53,1199
95,54,1217
95,55,1321
95,56,1269
95,57,1161
95,58,1131
95,59,1166
95,60,1184
95,61,1180
95,62,1169
95,63,1167
95,64,1187
95,65,1186
95,66,1164
95,67,1130
95,68,1136
95,69,1129
95,70,1142
95,71,1106
95,72,1108
95,73,1063
95,74,1118
95,75,1130
95,76,1123
95,77,1109
95,78,1092
95,79,1078
95,80,1092
95,81,1131
95,82,1124
95,83,1148
95,84,1144
95,85,1164
95,86,1110
95,87,1084
95,88,1137
95,89,1148
95,90,1161
96,1,1052
96,2,1140
96,3,1125
96,4,1085
96,5,1041
96,6,1040
96,7,1026
96,8,1002
96,9,1099
96,10,1075
96,11,1052
96,12,1080
96,13,1052
96,14,986
96,15,955
96,16,997
96,17,1024
96,18,1019
96,19,994
96,20,1039
96,21,1042
96,22,1002
96,23,1050
96,24,1033
96,25,1038
96,26,1041
96,27,1021
96,28,985
96,29,975
96,30,1012
96,31,1117
96,32,1071
96,33,1071
96,34,1154
96,35,1133
96,36,1098
96,37,1019
96,38,1085
96,39,1100
96,40,1082
96,41,1128
96,42,1119
96,43,1058
96,44,1035
96,45,1110
96,46,1030
96,47,1031
96,48,1064
96,49,1064
96,50,1072
96,51,1054
96,52,1100
96,53,1049
96,54,1096
96,55,1198
96,56,1161
96,57,1068
96,58,1035
96,59,1048
96,60,1058
96,61,1064
96,62,1062
96,63,1043
96,64,1070
96,65,1090
96,66,1048
96,67,1026
96,68,1019
96,69,1004
96,70,1021
96,71,997
96,72,1002
96,73,973
96,74,1002
96,75,1016
96,76,1006
96,77,994
96,78,1005
96,79,985
96,80,989
96,81,1014
96,82,1021
96,83,1034
96,84,1030
96,85,1058
96,86,1015
96,87,978
96,88,1022
96,89,1041
96,90,1038
