Hours,Scenarios,ME
1,1,2319
1,2,2398
1,3,2372
1,4,2301
1,5,2261
1,6,2446
1,7,2307
1,8,2228
1,9,2185
1,10,2175
1,11,2140
1,12,2081
1,13,2187
1,14,2250
1,15,2166
1,16,2225
1,17,2192
1,18,2070
1,19,2006
1,20,2131
1,21,2052
1,22,2069
1,23,2152
1,24,2130
1,25,2065
1,26,2062
1,27,2118
1,28,2082
1,29,2118
1,30,2099
1,31,2254
1,32,2238
1,33,2224
1,34,2208
1,35,2272
1,36,2170
1,37,2135
1,38,2153
1,39,2163
1,40,2148
1,41,2057
1,42,2185
1,43,2265
1,44,2203
1,45,2205
1,46,2224
1,47,2157
1,48,2048
1,49,2060
1,50,2140
1,51,2134
1,52,2111
1,53,2107
1,54,2119
1,55,2042
1,56,2133
1,57,2092
1,58,2137
1,59,2118
1,60,2115
1,61,2133
1,62,2108
1,63,2125
1,64,2191
1,65,2301
1,66,2357
1,67,2268
1,68,2218
1,69,2281
1,70,2196
1,71,2176
1,72,2167
1,73,2135
1,74,2125
1,75,2110
1,76,2071
1,77,2000
1,78,2080
1,79,2093
1,80,2118
1,81,2101
1,82,2126
1,83,2127
1,84,2111
1,85,2158
1,86,2104
1,87,2110
1,88,2097
1,89,2163
1,90,2127
2,1,2226
2,2,2304
2,3,2261
2,4,2071
2,5,2177
2,6,2336
2,7,2206
2,8,2145
2,9,2082
2,10,2071
2,11,2023
2,12,2010
2,13,2087
2,14,2136
2,15,2062
2,16,2112
2,17,2085
2,18,1957
2,19,1919
2,20,2028
2,21,1945
2,22,1965
2,23,2027
2,24,2022
2,25,1966
2,26,1975
2,27,2021
2,28,1990
2,29,2011
2,30,1978
2,31,2161
2,32,2140
2,33,2066
2,34,2113
2,35,2167
2,36,2066
2,37,2038
2,38,2059
2,39,2063
2,40,2045
2,41,1980
2,42,2097
2,43,2178
2,44,2104
2,45,2116
2,46,2120
2,47,2059
2,48,1959
2,49,1964
2,50,2029
2,51,2017
2,52,2010
2,53,2002
2,54,1999
2,55,1951
2,56,2044
2,57,1991
2,58,2029
2,59,2027
2,60,2003
2,61,2033
2,62,2012
2,63,2028
2,64,2096
2,65,2214
2,66,2259
2,67,2176
2,68,2105
2,69,2175
2,70,2118
2,71,2083
2,72,2067
2,73,2032
2,74,2016
2,75,1997
2,76,1952
2,77,1915
2,78,1985
2,79,1998
2,80,2012
2,81,1993
2,82,2030
2,83,2043
2,84,2027
2,85,2057
2,86,2018
2,87,2020
2,88,2009
2,89,2067
2,90,2026
3,1,2193
3,2,2263
3,3,2203
3,4,2185
3,5,2134
3,6,2301
3,7,2163
3,8,2107
3,9,2039
3,10,2022
3,11,1964
3,12,1976
3,13,2048
3,14,2072
3,15,2022
3,16,2059
3,17,2033
3,18,1894
3,19,1876
3,20,1973
3,21,1901
3,22,1923
3,23,1946
3,24,1955
3,25,1911
3,26,1945
3,27,1974
3,28,1943
3,29,1966
3,30,1929
3,31,2120
3,32,2091
3,33,2123
3,34,2069
3,35,2127
3,36,2023
3,37,1994
3,38,2006
3,39,2003
3,40,1992
3,41,1935
3,42,2068
3,43,2133
3,44,2073
3,45,2076
3,46,2070
3,47,2010
3,48,1910
3,49,1921
3,50,1981
3,51,1963
3,52,1966
3,53,1951
3,54,1931
3,55,1915
3,56,1998
3,57,1945
3,58,1984
3,59,1987
3,60,1946
3,61,1975
3,62,2003
3,63,1996
3,64,2062
3,65,2174
3,66,2211
3,67,2123
3,68,2050
3,69,2118
3,70,2085
3,71,2041
3,72,2033
3,73,1984
3,74,1966
3,75,1937
3,76,1884
3,77,1883
3,78,1944
3,79,1957
3,80,1959
3,81,1941
3,82,1981
3,83,1986
3,84,1981
3,85,2013
3,86,1977
3,87,1968
3,88,1968
3,89,2027
3,90,1974
4,1,2185
4,2,2248
4,3,2177
4,4,2121
4,5,2145
4,6,2285
4,7,2151
4,8,2112
4,9,2033
4,10,2002
4,11,1941
4,12,1973
4,13,2043
4,14,2044
4,15,2009
4,16,2057
4,17,2014
4,18,1864
4,19,1870
4,20,1953
4,21,1889
4,22,1907
4,23,1918
4,24,1927
4,25,1887
4,26,1940
4,27,1968
4,28,1931
4,29,1960
4,30,1914
4,31,2114
4,32,2078
4,33,2071
4,34,2065
4,35,2113
4,36,2011
4,37,1984
4,38,1998
4,39,1986
4,40,1970
4,41,1938
4,42,2069
4,43,2132
4,44,2068
4,45,2080
4,46,2056
4,47,1987
4,48,1906
4,49,1917
4,50,1959
4,51,1941
4,52,1956
4,53,1920
4,54,1901
4,55,1915
4,56,1995
4,57,1945
4,58,1973
4,59,1981
4,60,1921
4,61,1953
4,62,1958
4,63,1993
4,64,2048
4,65,2167
4,66,2196
4,67,2118
4,68,2023
4,69,2090
4,70,2089
4,71,2039
4,72,2028
4,73,1971
4,74,1939
4,75,1907
4,76,1844
4,77,1881
4,78,1933
4,79,1942
4,80,1937
4,81,1934
4,82,1970
4,83,1957
4,84,1975
4,85,1997
4,86,1977
4,87,1962
4,88,1961
4,89,2006
4,90,1952
5,1,2235
5,2,2289
5,3,2184
5,4,2102
5,5,2199
5,6,2330
5,7,2194
5,8,2156
5,9,2065
5,10,2001
5,11,1946
5,12,2026
5,13,2101
5,14,2069
5,15,2039
5,16,2095
5,17,2025
5,18,1854
5,19,1896
5,20,1964
5,21,1919
5,22,1942
5,23,1933
5,24,1934
5,25,1892
5,26,1986
5,27,1995
5,28,1971
5,29,1997
5,30,1940
5,31,2157
5,32,2086
5,33,2046
5,34,2111
5,35,2153
5,36,2048
5,37,2021
5,38,2017
5,39,1987
5,40,1968
5,41,1990
5,42,2122
5,43,2178
5,44,2104
5,45,2126
5,46,2072
5,47,1991
5,48,1936
5,49,1955
5,50,1990
5,51,1962
5,52,1995
5,53,1928
5,54,1900
5,55,1969
5,56,2040
5,57,1972
5,58,2013
5,59,2017
5,60,1920
5,61,1953
5,62,1936
5,63,2043
5,64,2084
5,65,2209
5,66,2246
5,67,2159
5,68,2023
5,69,2092
5,70,2150
5,71,2090
5,72,2069
5,73,2011
5,74,1966
5,75,1909
5,76,1834
5,77,1910
5,78,1969
5,79,1979
5,80,1969
5,81,1969
5,82,1981
5,83,1946
5,84,2017
5,85,2035
5,86,2011
5,87,1993
5,88,2000
5,89,2008
5,90,1955
6,1,2406
6,2,2463
6,3,2235
6,4,2113
6,5,2388
6,6,2506
6,7,2367
6,8,2332
6,9,2206
6,10,2071
6,11,1978
6,12,2199
6,13,2261
6,14,2221
6,15,2202
6,16,2269
6,17,2078
6,18,1881
6,19,2017
6,20,2092
6,21,2049
6,22,2086
6,23,2059
6,24,1986
6,25,1914
6,26,2158
6,27,2162
6,28,2137
6,29,2146
6,30,2081
6,31,2314
6,32,2142
6,33,2055
6,34,2286
6,35,2340
6,36,2233
6,37,2187
6,38,2164
6,39,2047
6,40,2010
6,41,2181
6,42,2303
6,43,2364
6,44,2289
6,45,2300
6,46,2139
6,47,2026
6,48,2056
6,49,2107
6,50,2127
6,51,2094
6,52,2138
6,53,1980
6,54,1925
6,55,2137
6,56,2194
6,57,2121
6,58,2174
6,59,2158
6,60,1964
6,61,1991
6,62,1955
6,63,2228
6,64,2262
6,65,2396
6,66,2447
6,67,2366
6,68,2078
6,69,2123
6,70,2358
6,71,2282
6,72,2243
6,73,2180
6,74,2112
6,75,1964
6,76,1854
6,77,2039
6,78,2126
6,79,2125
6,80,2109
6,81,2112
6,82,2030
6,83,1970
6,84,2205
6,85,2209
6,86,2180
6,87,2159
6,88,2155
6,89,2053
6,90,1966
7,1,2755
7,2,2798
7,3,2353
7,4,2158
7,5,2754
7,6,2841
7,7,2708
7,8,2675
7,9,2464
7,10,2158
7,11,2025
7,12,2523
7,13,2648
7,14,2576
7,15,2570
7,16,2601
7,17,2162
7,18,1894
7,19,2197
7,20,2331
7,21,2307
7,22,2363
7,23,2327
7,24,2059
7,25,1953
7,26,2504
7,27,2506
7,28,2477
7,29,2458
7,30,2400
7,31,2646
7,32,2274
7,33,2098
7,34,2631
7,35,2677
7,36,2558
7,37,2508
7,38,2498
7,39,2142
7,40,2040
7,41,2518
7,42,2652
7,43,2699
7,44,2617
7,45,2629
7,46,2216
7,47,2056
7,48,2229
7,49,2365
7,50,2383
7,51,2346
7,52,2383
7,53,2054
7,54,1966
7,55,2474
7,56,2506
7,57,2469
7,58,2519
7,59,2469
7,60,2038
7,61,2082
7,62,1975
7,63,2546
7,64,2639
7,65,2732
7,66,2782
7,67,2681
7,68,2197
7,69,2176
7,70,2680
7,71,2604
7,72,2568
7,73,2517
7,74,2338
7,75,2045
7,76,1881
7,77,2225
7,78,2385
7,79,2385
7,80,2342
7,81,2342
7,82,2107
7,83,2014
7,84,2531
7,85,2519
7,86,2510
7,87,2472
7,88,2464
7,89,2139
7,90,2002
8,1,3040
8,2,3112
8,3,2550
8,4,2223
8,5,3109
8,6,3123
8,7,2986
8,8,2947
8,9,2730
8,10,2334
8,11,2161
8,12,2831
8,13,3004
8,14,2899
8,15,2890
8,16,2895
8,17,2320
8,18,2017
8,19,2439
8,20,2631
8,21,2612
8,22,2673
8,23,2628
8,24,2235
8,25,2076
8,26,2866
8,27,2835
8,28,2804
8,29,2767
8,30,2736
8,31,2943
8,32,2488
8,33,2173
8,34,2929
8,35,2952
8,36,2863
8,37,2800
8,38,2810
8,39,2307
8,40,2157
8,41,2813
8,42,2932
8,43,2966
8,44,2885
8,45,2911
8,46,2384
8,47,2157
8,48,2472
8,49,2647
8,50,2711
8,51,2637
8,52,2657
8,53,2225
8,54,2076
8,55,2780
8,56,2794
8,57,2810
8,58,2845
8,59,2763
8,60,2235
8,61,2292
8,62,2052
8,63,2840
8,64,2967
8,65,3003
8,66,3035
8,67,2945
8,68,2369
8,69,2286
8,70,2948
8,71,2887
8,72,2852
8,73,2820
8,74,2614
8,75,2214
8,76,2016
8,77,2472
8,78,2663
8,79,2674
8,80,2645
8,81,2629
8,82,2285
8,83,2127
8,84,2854
8,85,2795
8,86,2788
8,87,2754
8,88,2750
8,89,2314
8,90,2119
9,1,3161
9,2,3241
9,3,2742
9,4,2351
9,5,3250
9,6,3221
9,7,3089
9,8,3031
9,9,2898
9,10,2511
9,11,2321
9,12,2951
9,13,3158
9,14,3049
9,15,3047
9,16,3009
9,17,2480
9,18,2181
9,19,2626
9,20,2823
9,21,2818
9,22,2871
9,23,2848
9,24,2412
9,25,2214
9,26,3022
9,27,2967
9,28,2933
9,29,2897
9,30,2905
9,31,3047
9,32,2739
9,33,2302
9,34,3067
9,35,3039
9,36,2964
9,37,2910
9,38,2942
9,39,2480
9,40,2295
9,41,2935
9,42,3033
9,43,3049
9,44,2976
9,45,2998
9,46,2538
9,47,2286
9,48,2661
9,49,2829
9,50,2926
9,51,2824
9,52,2817
9,53,2446
9,54,2246
9,55,2884
9,56,2908
9,57,2958
9,58,2968
9,59,2897
9,60,2445
9,61,2528
9,62,2199
9,63,2960
9,64,3092
9,65,3134
9,66,3111
9,67,3029
9,68,2596
9,69,2448
9,70,3038
9,71,2978
9,72,2961
9,73,2972
9,74,2806
9,75,2442
9,76,2175
9,77,2648
9,78,2820
9,79,2853
9,80,2862
9,81,2808
9,82,2453
9,83,2289
9,84,2996
9,85,2892
9,86,2894
9,87,2877
9,88,2875
9,89,2494
9,90,2270
10,1,3229
10,2,3289
10,3,2886
10,4,2495
10,5,3299
10,6,3247
10,7,3115
10,8,3058
10,9,2976
10,10,2639
10,11,2451
10,12,3000
10,13,3213
10,14,3107
10,15,3098
10,16,3051
10,17,2577
10,18,2309
10,19,2778
10,20,2940
10,21,2887
10,22,2977
10,23,2979
10,24,2519
10,25,2328
10,26,3100
10,27,3028
10,28,2966
10,29,2975
10,30,3029
10,31,3095
10,32,2920
10,33,2425
10,34,3118
10,35,3083
10,36,3017
10,37,2979
10,38,3000
10,39,2606
10,40,2421
10,41,2995
10,42,3067
10,43,3090
10,44,3024
10,45,3033
10,46,2629
10,47,2385
10,48,2791
10,49,2961
10,50,3072
10,51,2907
10,52,2911
10,53,2611
10,54,2412
10,55,2945
10,56,2977
10,57,3048
10,58,3025
10,59,2961
10,60,2582
10,61,2650
10,62,2341
10,63,3008
10,64,3169
10,65,3220
10,66,3129
10,67,3068
10,68,2763
10,69,2568
10,70,3064
10,71,3016
10,72,3004
10,73,3051
10,74,2929
10,75,2597
10,76,2301
10,77,2755
10,78,2924
10,79,2931
10,80,2971
10,81,2898
10,82,2551
10,83,2458
10,84,3074
10,85,2966
10,86,2943
10,87,2939
10,88,2937
10,89,2603
10,90,2389
11,1,3273
11,2,3308
11,3,2946
11,4,2624
11,5,3320
11,6,3250
11,7,3113
11,8,3064
11,9,3004
11,10,2685
11,11,2530
11,12,3026
11,13,3259
11,14,3097
11,15,3133
11,16,3052
11,17,2635
11,18,2403
11,19,2889
11,20,2987
11,21,2928
11,22,3053
11,23,3070
11,24,2589
11,25,2393
11,26,3135
11,27,3045
11,28,2985
11,29,3031
11,30,3118
11,31,3100
11,32,3025
11,33,2527
11,34,3127
11,35,3082
11,36,3040
11,37,3006
11,38,3021
11,39,2660
11,40,2492
11,41,3023
11,42,3085
11,43,3096
11,44,3029
11,45,3046
11,46,2666
11,47,2461
11,48,2865
11,49,3035
11,50,3186
11,51,2949
11,52,2942
11,53,2696
11,54,2534
11,55,2990
11,56,3022
11,57,3086
11,58,3039
11,59,2990
11,60,2667
11,61,2719
11,62,2461
11,63,3034
11,64,3196
11,65,3263
11,66,3133
11,67,3076
11,68,2837
11,69,2630
11,70,3085
11,71,3048
11,72,3049
11,73,3082
11,74,2995
11,75,2690
11,76,2375
11,77,2816
11,78,2976
11,79,2980
11,80,3024
11,81,2939
11,82,2613
11,83,2580
11,84,3103
11,85,3003
11,86,2966
11,87,2976
11,88,2961
11,89,2652
11,90,2468
12,1,3282
12,2,3308
12,3,2971
12,4,2709
12,5,3312
12,6,3225
12,7,3097
12,8,3052
12,9,3003
12,10,2698
12,11,2552
12,12,3022
12,13,3272
12,14,3138
12,15,3125
12,16,3032
12,17,2636
12,18,2443
12,19,2942
12,20,3017
12,21,2944
12,22,3116
12,23,3091
12,24,2630
12,25,2451
12,26,3139
12,27,3042
12,28,2994
12,29,3060
12,30,3187
12,31,3075
12,32,3061
12,33,2604
12,34,3112
12,35,3064
12,36,3039
12,37,3022
12,38,3023
12,39,2669
12,40,2538
12,41,3022
12,42,3079
12,43,3090
12,44,3028
12,45,3031
12,46,2667
12,47,2501
12,48,2891
12,49,3070
12,50,3263
12,51,2968
12,52,2946
12,53,2743
12,54,2619
12,55,3005
12,56,3040
12,57,3102
12,58,3053
12,59,2986
12,60,2695
12,61,2744
12,62,2527
12,63,3058
12,64,3187
12,65,3282
12,66,3121
12,67,3068
12,68,2884
12,69,2641
12,70,3067
12,71,3068
12,72,3076
12,73,3098
12,74,3030
12,75,2714
12,76,2408
12,77,2851
12,78,3019
12,79,3009
12,80,3044
12,81,2946
12,82,2626
12,83,2635
12,84,3114
12,85,3011
12,86,2969
12,87,2994
12,88,2959
12,89,2661
12,90,2515
13,1,3299
13,2,3294
13,3,2952
13,4,2756
13,5,3294
13,6,3190
13,7,3071
13,8,3028
13,9,2979
13,10,2649
13,11,2535
13,12,3005
13,13,3256
13,14,3133
13,15,3112
13,16,2999
13,17,2605
13,18,2443
13,19,2965
13,20,3006
13,21,2942
13,22,3149
13,23,3069
13,24,2609
13,25,2456
13,26,3136
13,27,3048
13,28,2988
13,29,3071
13,30,3210
13,31,3054
13,32,3051
13,33,2670
13,34,3099
13,35,3057
13,36,3042
13,37,3018
13,38,3001
13,39,2648
13,40,2552
13,41,3012
13,42,3051
13,43,3063
13,44,3014
13,45,3015
13,46,2633
13,47,2506
13,48,2886
13,49,3071
13,50,3312
13,51,2975
13,52,2944
13,53,2762
13,54,2637
13,55,3015
13,56,3055
13,57,3103
13,58,3058
13,59,2971
13,60,2710
13,61,2747
13,62,2564
13,63,3049
13,64,3174
13,65,3278
13,66,3117
13,67,3046
13,68,2861
13,69,2637
13,70,3041
13,71,3057
13,72,3082
13,73,3087
13,74,3025
13,75,2704
13,76,2408
13,77,2840
13,78,3027
13,79,3020
13,80,3041
13,81,2935
13,82,2619
13,83,2645
13,84,3107
13,85,3016
13,86,2974
13,87,2995
13,88,2941
13,89,2643
13,90,2519
14,1,3305
14,2,3271
14,3,2910
14,4,2750
14,5,3272
14,6,3162
14,7,3054
14,8,3012
14,9,2944
14,10,2592
14,11,2467
14,12,2991
14,13,3235
14,14,3117
14,15,3077
14,16,2980
14,17,2542
14,18,2416
14,19,2971
14,20,3006
14,21,2934
14,22,3188
14,23,3037
14,24,2549
14,25,2430
14,26,3111
14,27,3051
14,28,2977
14,29,3096
14,30,3238
14,31,3030
14,32,2976
14,33,2648
14,34,3083
14,35,3050
14,36,3029
14,37,3030
14,38,2986
14,39,2576
14,40,2531
14,41,2996
14,42,3042
14,43,3034
14,44,2999
14,45,2988
14,46,2571
14,47,2481
14,48,2863
14,49,3077
14,50,3328
14,51,2966
14,52,2958
14,53,2761
14,54,2601
14,55,2994
14,56,3043
14,57,3113
14,58,3046
14,59,2973
14,60,2682
14,61,2695
14,62,2538
14,63,3042
14,64,3152
14,65,3265
14,66,3095
14,67,3025
14,68,2790
14,69,2595
14,70,3045
14,71,3050
14,72,3078
14,73,3097
14,74,3008
14,75,2663
14,76,2365
14,77,2820
14,78,3015
14,79,3025
14,80,3023
14,81,2920
14,82,2574
14,83,2649
14,84,3100
14,85,3029
14,86,2970
14,87,2982
14,88,2931
14,89,2578
14,90,2493
15,1,3321
15,2,3255
15,3,2864
15,4,2737
15,5,3193
15,6,3109
15,7,3022
15,8,2993
15,9,2912
15,10,2537
15,11,2381
15,12,2972
15,13,3209
15,14,3096
15,15,3027
15,16,2932
15,17,2508
15,18,2383
15,19,2965
15,20,2995
15,21,2905
15,22,3195
15,23,3004
15,24,2501
15,25,2403
15,26,3080
15,27,3028
15,28,2951
15,29,3098
15,30,3243
15,31,2966
15,32,2920
15,33,2633
15,34,3039
15,35,3001
15,36,2988
15,37,2999
15,38,2935
15,39,2532
15,40,2490
15,41,2946
15,42,3022
15,43,2985
15,44,2944
15,45,2932
15,46,2516
15,47,2452
15,48,2811
15,49,3062
15,50,3323
15,51,2911
15,52,2906
15,53,2729
15,54,2548
15,55,2951
15,56,3013
15,57,3106
15,58,3000
15,59,2927
15,60,2670
15,61,2655
15,62,2508
15,63,3011
15,64,3123
15,65,3228
15,66,3052
15,67,3015
15,68,2737
15,69,2553
15,70,3016
15,71,3022
15,72,3069
15,73,3096
15,74,2986
15,75,2630
15,76,2306
15,77,2793
15,78,2975
15,79,3011
15,80,3008
15,81,2898
15,82,2538
15,83,2644
15,84,3068
15,85,3015
15,86,2949
15,87,2946
15,88,2896
15,89,2529
15,90,2469
16,1,3340
16,2,3245
16,3,2848
16,4,2715
16,5,3180
16,6,3070
16,7,2985
16,8,2953
16,9,2878
16,10,2513
16,11,2323
16,12,2947
16,13,3211
16,14,3087
16,15,2981
16,16,2894
16,17,2484
16,18,2363
16,19,2963
16,20,2975
16,21,2904
16,22,3177
16,23,2940
16,24,2469
16,25,2407
16,26,3051
16,27,2993
16,28,2924
16,29,3100
16,30,3202
16,31,2937
16,32,2886
16,33,2611
16,34,3046
16,35,2968
16,36,2966
16,37,2977
16,38,2903
16,39,2500
16,40,2470
16,41,2934
16,42,3008
16,43,2959
16,44,2926
16,45,2877
16,46,2479
16,47,2435
16,48,2799
16,49,3044
16,50,3288
16,51,2893
16,52,2866
16,53,2705
16,54,2506
16,55,2932
16,56,3007
16,57,3100
16,58,2992
16,59,2897
16,60,2660
16,61,2668
16,62,2489
16,63,3030
16,64,3118
16,65,3198
16,66,3028
16,67,3029
16,68,2721
16,69,2530
16,70,2997
16,71,2995
16,72,3047
16,73,3073
16,74,2939
16,75,2598
16,76,2261
16,77,2772
16,78,2923
16,79,2998
16,80,2960
16,81,2856
16,82,2528
16,83,2639
16,84,3059
16,85,3011
16,86,2939
16,87,2916
16,88,2864
16,89,2498
16,90,2441
17,1,3412
17,2,3272
17,3,2882
17,4,2740
17,5,3201
17,6,3056
17,7,2980
17,8,2921
17,9,2864
17,10,2513
17,11,2322
17,12,2949
17,13,3250
17,14,3107
17,15,2958
17,16,2850
17,17,2492
17,18,2372
17,19,2960
17,20,2966
17,21,2889
17,22,3154
17,23,2925
17,24,2450
17,25,2442
17,26,3090
17,27,2969
17,28,2917
17,29,3086
17,30,3158
17,31,2932
17,32,2877
17,33,2623
17,34,3049
17,35,2959
17,36,2957
17,37,2962
17,38,2869
17,39,2491
17,40,2484
17,41,2935
17,42,3052
17,43,2942
17,44,2920
17,45,2857
17,46,2468
17,47,2439
17,48,2800
17,49,3031
17,50,3267
17,51,2879
17,52,2842
17,53,2715
17,54,2499
17,55,2947
17,56,2992
17,57,3118
17,58,2948
17,59,2878
17,60,2674
17,61,2761
17,62,2493
17,63,3075
17,64,3122
17,65,3202
17,66,3020
17,67,3042
17,68,2722
17,69,2539
17,70,2976
17,71,2983
17,72,3017
17,73,3073
17,74,2901
17,75,2583
17,76,2241
17,77,2774
17,78,2896
17,79,2984
17,80,2931
17,81,2822
17,82,2551
17,83,2680
17,84,3076
17,85,3011
17,86,2925
17,87,2912
17,88,2838
17,89,2490
17,90,2451
18,1,3493
18,2,3302
18,3,2982
18,4,2815
18,5,3194
18,6,3046
18,7,2977
18,8,2960
18,9,2833
18,10,2522
18,11,2363
18,12,2998
18,13,3280
18,14,3123
18,15,2931
18,16,2802
18,17,2509
18,18,2411
18,19,2928
18,20,2907
18,21,2853
18,22,3101
18,23,2880
18,24,2456
18,25,2539
18,26,3121
18,27,2950
18,28,2890
18,29,3033
18,30,3076
18,31,2953
18,32,2917
18,33,2672
18,34,3071
18,35,2938
18,36,2940
18,37,2944
18,38,2821
18,39,2505
18,40,2528
18,41,2930
18,42,3128
18,43,2934
18,44,2909
18,45,2828
18,46,2487
18,47,2464
18,48,2805
18,49,3000
18,50,3204
18,51,2845
18,52,2794
18,53,2724
18,54,2516
18,55,2952
18,56,2946
18,57,3138
18,58,2900
18,59,2829
18,60,2727
18,61,2805
18,62,2528
18,63,3145
18,64,3158
18,65,3222
18,66,3017
18,67,3060
18,68,2741
18,69,2578
18,70,2964
18,71,2955
18,72,2985
18,73,3035
18,74,2892
18,75,2577
18,76,2255
18,77,2810
18,78,2893
18,79,2948
18,80,2901
18,81,2776
18,82,2608
18,83,2746
18,84,3097
18,85,3009
18,86,2897
18,87,2866
18,88,2795
18,89,2505
18,90,2483
19,1,3541
19,2,3358
19,3,3084
19,4,2884
19,5,3184
19,6,3037
19,7,2954
19,8,2950
19,9,2797
19,10,2547
19,11,2453
19,12,3028
19,13,3278
19,14,3106
19,15,2886
19,16,2752
19,17,2517
19,18,2467
19,19,2862
19,20,2817
19,21,2789
19,22,2991
19,23,2847
19,24,2454
19,25,2624
19,26,3073
19,27,2910
19,28,2817
19,29,2922
19,30,2934
19,31,3105
19,32,3035
19,33,2769
19,34,3064
19,35,2936
19,36,2915
19,37,2956
19,38,2779
19,39,2528
19,40,2588
19,41,2951
19,42,3137
19,43,2923
19,44,2907
19,45,2793
19,46,2512
19,47,2475
19,48,2754
19,49,2929
19,50,3132
19,51,2802
19,52,2749
19,53,2716
19,54,2535
19,55,2901
19,56,2874
19,57,3114
19,58,2853
19,59,2754
19,60,2736
19,61,2862
19,62,2587
19,63,3182
19,64,3159
19,65,3207
19,66,3018
19,67,3024
19,68,2792
19,69,2643
19,70,2922
19,71,2919
19,72,2932
19,73,2939
19,74,2822
19,75,2569
19,76,2291
19,77,2847
19,78,2864
19,79,2871
19,80,2820
19,81,2722
19,82,2659
19,83,2784
19,84,3071
19,85,3006
19,86,2830
19,87,2806
19,88,2724
19,89,2514
19,90,2516
20,1,3496
20,2,3289
20,3,3036
20,4,3012
20,5,3330
20,6,3164
20,7,3070
20,8,3081
20,9,2849
20,10,2665
20,11,2616
20,12,3126
20,13,3316
20,14,3124
20,15,2974
20,16,2829
20,17,2640
20,18,2589
20,19,2924
20,20,2843
20,21,2826
20,22,2990
20,23,2883
20,24,2522
20,25,2740
20,26,3093
20,27,2974
20,28,2855
20,29,2917
20,30,2884
20,31,3095
20,32,2996
20,33,2961
20,34,3159
20,35,3063
20,36,3022
20,37,3092
20,38,2861
20,39,2649
20,40,2719
20,41,3064
20,42,3213
20,43,3024
20,44,2998
20,45,2874
20,46,2616
20,47,2591
20,48,2809
20,49,2953
20,50,3165
20,51,2845
20,52,2811
20,53,2757
20,54,2619
20,55,2937
20,56,2898
20,57,3095
20,58,2909
20,59,2758
20,60,2745
20,61,2843
20,62,2788
20,63,3224
20,64,3250
20,65,3290
20,66,3141
20,67,3019
20,68,2880
20,69,2836
20,70,3037
20,71,3014
20,72,3033
20,73,2986
20,74,2867
20,75,2663
20,76,2441
20,77,2911
20,78,2925
20,79,2906
20,80,2853
20,81,2771
20,82,2737
20,83,2866
20,84,3120
20,85,3040
20,86,2861
20,87,2847
20,88,2746
20,89,2564
20,90,2603
21,1,3350
21,2,3151
21,3,2952
21,4,3007
21,5,3351
21,6,3197
21,7,3096
21,8,3032
21,9,2869
21,10,2752
21,11,2713
21,12,3106
21,13,3220
21,14,3091
21,15,3055
21,16,2895
21,17,2681
21,18,2655
21,19,2956
21,20,2892
21,21,2894
21,22,3035
21,23,2859
21,24,2615
21,25,2787
21,26,3047
21,27,2997
21,28,2973
21,29,3011
21,30,2951
21,31,2979
21,32,2898
21,33,2973
21,34,3164
21,35,3082
21,36,3037
21,37,3074
21,38,2894
21,39,2726
21,40,2839
21,41,3082
21,42,3165
21,43,3079
21,44,3059
21,45,2932
21,46,2704
21,47,2706
21,48,2878
21,49,3016
21,50,3175
21,51,2918
21,52,2817
21,53,2743
21,54,2758
21,55,3030
21,56,2987
21,57,3058
21,58,2997
21,59,2854
21,60,2753
21,61,2738
21,62,2850
21,63,3141
21,64,3214
21,65,3257
21,66,3127
21,67,2973
21,68,2892
21,69,2928
21,70,3071
21,71,3039
21,72,3029
21,73,2997
21,74,2843
21,75,2737
21,76,2577
21,77,2879
21,78,2914
21,79,2958
21,80,2908
21,81,2809
21,82,2739
21,83,2848
21,84,3082
21,85,2995
21,86,2976
21,87,2947
21,88,2830
21,89,2681
21,90,2754
22,1,3142
22,2,2997
22,3,2846
22,4,2864
22,5,3197
22,6,3048
22,7,2940
22,8,2873
22,9,2753
22,10,2663
22,11,2623
22,12,2928
22,13,3025
22,14,2906
22,15,2921
22,16,2767
22,17,2587
22,18,2533
22,19,2801
22,20,2735
22,21,2751
22,22,2874
22,23,2718
22,24,2552
22,25,2635
22,26,2861
22,27,2840
22,28,2830
22,29,2861
22,30,2826
22,31,2827
22,32,2769
22,33,2840
22,34,3004
22,35,2911
22,36,2874
22,37,2898
22,38,2760
22,39,2648
22,40,2679
22,41,2905
22,42,2990
22,43,2924
22,44,2907
22,45,2804
22,46,2622
22,47,2586
22,48,2728
22,49,2852
22,50,2943
22,51,2760
22,52,2697
22,53,2647
22,54,2653
22,55,2862
22,56,2840
22,57,2870
22,58,2837
22,59,2722
22,60,2661
22,61,2621
22,62,2705
22,63,2950
22,64,3036
22,65,3087
22,66,2976
22,67,2822
22,68,2792
22,69,2796
22,70,2900
22,71,2879
22,72,2854
22,73,2831
22,74,2718
22,75,2625
22,76,2494
22,77,2724
22,78,2766
22,79,2820
22,80,2771
22,81,2696
22,82,2638
22,83,2709
22,84,2888
22,85,2813
22,86,2839
22,87,2808
22,88,2737
22,89,2615
22,90,2630
23,1,2860
23,2,2773
23,3,2672
23,4,2666
23,5,2941
23,6,2778
23,7,2687
23,8,2637
23,9,2564
23,10,2516
23,11,2437
23,12,2636
23,13,2739
23,14,2633
23,15,2674
23,16,2587
23,17,2426
23,18,2368
23,19,2556
23,20,2482
23,21,2509
23,22,2622
23,23,2528
23,24,2406
23,25,2437
23,26,2571
23,27,2558
23,28,2564
23,29,2588
23,30,2591
23,31,2621
23,32,2589
23,33,2630
23,34,2742
23,35,2632
23,36,2608
23,37,2639
23,38,2561
23,39,2490
23,40,2471
23,41,2625
23,42,2714
23,43,2661
23,44,2655
23,45,2603
23,46,2493
23,47,2410
23,48,2474
23,49,2589
23,50,2612
23,51,2535
23,52,2491
23,53,2482
23,54,2444
23,55,2597
23,56,2547
23,57,2591
23,58,2581
23,59,2519
23,60,2502
23,61,2456
23,62,2498
23,63,2678
23,64,2768
23,65,2813
23,66,2717
23,67,2625
23,68,2632
23,69,2594
23,70,2633
23,71,2629
23,72,2585
23,73,2577
23,74,2508
23,75,2443
23,76,2340
23,77,2489
23,78,2518
23,79,2572
23,80,2521
23,81,2508
23,82,2468
23,83,2511
23,84,2616
23,85,2535
23,86,2577
23,87,2544
23,88,2555
23,89,2467
23,90,2423
24,1,2593
24,2,2544
24,3,2474
24,4,2439
24,5,2659
24,6,2498
24,7,2408
24,8,2385
24,9,2349
24,10,2316
24,11,2233
24,12,2363
24,13,2455
24,14,2357
24,15,2430
24,16,2372
24,17,2227
24,18,2167
24,19,2315
24,20,2236
24,21,2256
24,22,2361
24,23,2302
24,24,2225
24,25,2218
24,26,2301
24,27,2277
24,28,2300
24,29,2297
24,30,2333
24,31,2403
24,32,2385
24,33,2397
24,34,2463
24,35,2358
24,36,2339
24,37,2348
24,38,2333
24,39,2306
24,40,2231
24,41,2358
24,42,2433
24,43,2386
24,44,2388
24,45,2386
24,46,2301
24,47,2214
24,48,2223
24,49,2328
24,50,2321
24,51,2284
24,52,2275
24,53,2292
24,54,2205
24,55,2315
24,56,2278
24,57,2317
24,58,2311
24,59,2294
24,60,2301
24,61,2265
24,62,2271
24,63,2403
24,64,2485
24,65,2538
24,66,2430
24,67,2387
24,68,2443
24,69,2357
24,70,2351
24,71,2337
24,72,2311
24,73,2297
24,74,2290
24,75,2251
24,76,2152
24,77,2239
24,78,2256
24,79,2297
24,80,2266
24,81,2296
24,82,2295
24,83,2292
24,84,2344
24,85,2271
24,86,2292
24,87,2284
24,88,2337
24,89,2283
24,90,2207
25,1,2398
25,2,2372
25,3,2301
25,4,2261
25,5,2446
25,6,2307
25,7,2228
25,8,2185
25,9,2175
25,10,2140
25,11,2081
25,12,2187
25,13,2250
25,14,2166
25,15,2225
25,16,2192
25,17,2070
25,18,2006
25,19,2131
25,20,2052
25,21,2069
25,22,2152
25,23,2130
25,24,2065
25,25,2062
25,26,2118
25,27,2082
25,28,2118
25,29,2099
25,30,2133
25,31,2238
25,32,2224
25,33,2208
25,34,2272
25,35,2170
25,36,2135
25,37,2153
25,38,2163
25,39,2148
25,40,2057
25,41,2185
25,42,2265
25,43,2203
25,44,2205
25,45,2224
25,46,2157
25,47,2048
25,48,2060
25,49,2140
25,50,2134
25,51,2111
25,52,2107
25,53,2119
25,54,2042
25,55,2133
25,56,2092
25,57,2137
25,58,2118
25,59,2115
25,60,2117
25,61,2108
25,62,2125
25,63,2191
25,64,2301
25,65,2357
25,66,2268
25,67,2218
25,68,2281
25,69,2196
25,70,2176
25,71,2167
25,72,2135
25,73,2125
25,74,2110
25,75,2071
25,76,2000
25,77,2080
25,78,2093
25,79,2118
25,80,2101
25,81,2126
25,82,2127
25,83,2111
25,84,2158
25,85,2104
25,86,2110
25,87,2097
25,88,2163
25,89,2127
25,90,2044
26,1,2304
26,2,2261
26,3,2062
26,4,2177
26,5,2336
26,6,2206
26,7,2145
26,8,2082
26,9,2071
26,10,2023
26,11,2010
26,12,2087
26,13,2136
26,14,2062
26,15,2112
26,16,2085
26,17,1957
26,18,1919
26,19,2028
26,20,1945
26,21,1965
26,22,2027
26,23,2022
26,24,1966
26,25,1975
26,26,2021
26,27,1990
26,28,2011
26,29,1978
26,30,2009
26,31,2140
26,32,1999
26,33,2113
26,34,2167
26,35,2066
26,36,2038
26,37,2059
26,38,2063
26,39,2045
26,40,1980
26,41,2097
26,42,2178
26,43,2104
26,44,2116
26,45,2120
26,46,2059
26,47,1959
26,48,1964
26,49,2029
26,50,2017
26,51,2010
26,52,2002
26,53,1999
26,54,1951
26,55,2044
26,56,1991
26,57,2029
26,58,2027
26,59,2003
26,60,2006
26,61,2020
26,62,2028
26,63,2096
26,64,2214
26,65,2259
26,66,2176
26,67,2105
26,68,2175
26,69,2118
26,70,2083
26,71,2067
26,72,2032
26,73,2016
26,74,1997
26,75,1952
26,76,1915
26,77,1985
26,78,1998
26,79,2012
26,80,1993
26,81,2030
26,82,2043
26,83,2027
26,84,2057
26,85,2018
26,86,2020
26,87,2009
26,88,2067
26,89,2026
26,90,1961
27,1,2263
27,2,2203
27,3,2185
27,4,2134
27,5,2301
27,6,2163
27,7,2107
27,8,2039
27,9,2022
27,10,1964
27,11,1976
27,12,2048
27,13,2072
27,14,2022
27,15,2059
27,16,2033
27,17,1894
27,18,1876
27,19,1973
27,20,1901
27,21,1923
27,22,1946
27,23,1955
27,24,1911
27,25,1945
27,26,1974
27,27,1943
27,28,1966
27,29,1929
27,30,1938
27,31,2091
27,32,2123
27,33,2069
27,34,2127
27,35,2023
27,36,1994
27,37,2006
27,38,2003
27,39,1992
27,40,1935
27,41,2068
27,42,2133
27,43,2073
27,44,2076
27,45,2070
27,46,2010
27,47,1910
27,48,1921
27,49,1981
27,50,1963
27,51,1966
27,52,1951
27,53,1931
27,54,1915
27,55,1998
27,56,1945
27,57,1984
27,58,1987
27,59,1946
27,60,1945
27,61,2003
27,62,1996
27,63,2062
27,64,2174
27,65,2211
27,66,2123
27,67,2050
27,68,2118
27,69,2085
27,70,2041
27,71,2033
27,72,1984
27,73,1966
27,74,1937
27,75,1884
27,76,1883
27,77,1944
27,78,1957
27,79,1959
27,80,1941
27,81,1981
27,82,1986
27,83,1981
27,84,2013
27,85,1977
27,86,1968
27,87,1968
27,88,2027
27,89,1974
27,90,1929
28,1,2248
28,2,2177
28,3,2121
28,4,2145
28,5,2285
28,6,2151
28,7,2112
28,8,2033
28,9,2002
28,10,1941
28,11,1973
28,12,2043
28,13,2044
28,14,2009
28,15,2057
28,16,2014
28,17,1864
28,18,1870
28,19,1953
28,20,1889
28,21,1907
28,22,1918
28,23,1927
28,24,1887
28,25,1940
28,26,1968
28,27,1931
28,28,1960
28,29,1914
28,30,1897
28,31,2078
28,32,2071
28,33,2065
28,34,2113
28,35,2011
28,36,1984
28,37,1998
28,38,1986
28,39,1970
28,40,1938
28,41,2069
28,42,2132
28,43,2068
28,44,2080
28,45,2056
28,46,1987
28,47,1906
28,48,1917
28,49,1959
28,50,1941
28,51,1956
28,52,1920
28,53,1901
28,54,1915
28,55,1995
28,56,1945
28,57,1973
28,58,1981
28,59,1921
28,60,1912
28,61,1958
28,62,1993
28,63,2048
28,64,2167
28,65,2196
28,66,2118
28,67,2023
28,68,2090
28,69,2089
28,70,2039
28,71,2028
28,72,1971
28,73,1939
28,74,1907
28,75,1844
28,76,1881
28,77,1933
28,78,1942
28,79,1937
28,80,1934
28,81,1970
28,82,1957
28,83,1975
28,84,1997
28,85,1977
28,86,1962
28,87,1961
28,88,2006
28,89,1952
28,90,1925
29,1,2289
29,2,2184
29,3,2102
29,4,2199
29,5,2330
29,6,2194
29,7,2156
29,8,2065
29,9,2001
29,10,1946
29,11,2026
29,12,2101
29,13,2069
29,14,2039
29,15,2095
29,16,2025
29,17,1854
29,18,1896
29,19,1964
29,20,1919
29,21,1942
29,22,1933
29,23,1934
29,24,1892
29,25,1986
29,26,1995
29,27,1971
29,28,1997
29,29,1940
29,30,1888
29,31,2086
29,32,2046
29,33,2111
29,34,2153
29,35,2048
29,36,2021
29,37,2017
29,38,1987
29,39,1968
29,40,1990
29,41,2122
29,42,2178
29,43,2104
29,44,2126
29,45,2072
29,46,1991
29,47,1936
29,48,1955
29,49,1990
29,50,1962
29,51,1995
29,52,1928
29,53,1900
29,54,1969
29,55,2040
29,56,1972
29,57,2013
29,58,2017
29,59,1920
29,60,1896
29,61,1936
29,62,2043
29,63,2084
29,64,2209
29,65,2246
29,66,2159
29,67,2023
29,68,2092
29,69,2150
29,70,2090
29,71,2069
29,72,2011
29,73,1966
29,74,1909
29,75,1834
29,76,1910
29,77,1969
29,78,1979
29,79,1969
29,80,1969
29,81,1981
29,82,1946
29,83,2017
29,84,2035
29,85,2011
29,86,1993
29,87,2000
29,88,2008
29,89,1955
29,90,1976
30,1,2463
30,2,2235
30,3,2113
30,4,2388
30,5,2506
30,6,2367
30,7,2332
30,8,2206
30,9,2071
30,10,1978
30,11,2199
30,12,2261
30,13,2221
30,14,2202
30,15,2269
30,16,2078
30,17,1881
30,18,2017
30,19,2092
30,20,2049
30,21,2086
30,22,2059
30,23,1986
30,24,1914
30,25,2158
30,26,2162
30,27,2137
30,28,2146
30,29,2081
30,30,1915
30,31,2142
30,32,2055
30,33,2286
30,34,2340
30,35,2233
30,36,2187
30,37,2164
30,38,2047
30,39,2010
30,40,2181
30,41,2303
30,42,2364
30,43,2289
30,44,2300
30,45,2139
30,46,2026
30,47,2056
30,48,2107
30,49,2127
30,50,2094
30,51,2138
30,52,1980
30,53,1925
30,54,2137
30,55,2194
30,56,2121
30,57,2174
30,58,2158
30,59,1964
30,60,1915
30,61,1955
30,62,2228
30,63,2262
30,64,2396
30,65,2447
30,66,2366
30,67,2078
30,68,2123
30,69,2358
30,70,2282
30,71,2243
30,72,2180
30,73,2112
30,74,1964
30,75,1854
30,76,2039
30,77,2126
30,78,2125
30,79,2109
30,80,2112
30,81,2030
30,82,1970
30,83,2205
30,84,2209
30,85,2180
30,86,2159
30,87,2155
30,88,2053
30,89,1966
30,90,2144
31,1,2798
31,2,2353
31,3,2158
31,4,2754
31,5,2841
31,6,2708
31,7,2675
31,8,2464
31,9,2158
31,10,2025
31,11,2523
31,12,2648
31,13,2576
31,14,2570
31,15,2601
31,16,2162
31,17,1894
31,18,2197
31,19,2331
31,20,2307
31,21,2363
31,22,2327
31,23,2059
31,24,1953
31,25,2504
31,26,2506
31,27,2477
31,28,2458
31,29,2400
31,30,2006
31,31,2274
31,32,2098
31,33,2631
31,34,2677
31,35,2558
31,36,2508
31,37,2498
31,38,2142
31,39,2040
31,40,2518
31,41,2652
31,42,2699
31,43,2617
31,44,2629
31,45,2216
31,46,2056
31,47,2229
31,48,2365
31,49,2383
31,50,2346
31,51,2383
31,52,2054
31,53,1966
31,54,2474
31,55,2506
31,56,2469
31,57,2519
31,58,2469
31,59,2038
31,60,1952
31,61,1975
31,62,2546
31,63,2639
31,64,2732
31,65,2782
31,66,2681
31,67,2197
31,68,2176
31,69,2680
31,70,2604
31,71,2568
31,72,2517
31,73,2338
31,74,2045
31,75,1881
31,76,2225
31,77,2385
31,78,2385
31,79,2342
31,80,2342
31,81,2107
31,82,2014
31,83,2531
31,84,2519
31,85,2510
31,86,2472
31,87,2464
31,88,2139
31,89,2002
31,90,2456
32,1,3112
32,2,2550
32,3,2223
32,4,3109
32,5,3123
32,6,2986
32,7,2947
32,8,2730
32,9,2334
32,10,2161
32,11,2831
32,12,3004
32,13,2899
32,14,2890
32,15,2895
32,16,2320
32,17,2017
32,18,2439
32,19,2631
32,20,2612
32,21,2673
32,22,2628
32,23,2235
32,24,2076
32,25,2866
32,26,2835
32,27,2804
32,28,2767
32,29,2736
32,30,2235
32,31,2488
32,32,2173
32,33,2929
32,34,2952
32,35,2863
32,36,2800
32,37,2810
32,38,2307
32,39,2157
32,40,2813
32,41,2932
32,42,2966
32,43,2885
32,44,2911
32,45,2384
32,46,2157
32,47,2472
32,48,2647
32,49,2711
32,50,2637
32,51,2657
32,52,2225
32,53,2076
32,54,2780
32,55,2794
32,56,2810
32,57,2845
32,58,2763
32,59,2235
32,60,2079
32,61,2052
32,62,2840
32,63,2967
32,64,3003
32,65,3035
32,66,2945
32,67,2369
32,68,2286
32,69,2948
32,70,2887
32,71,2852
32,72,2820
32,73,2614
32,74,2214
32,75,2016
32,76,2472
32,77,2663
32,78,2674
32,79,2645
32,80,2629
32,81,2285
32,82,2127
32,83,2854
32,84,2795
32,85,2788
32,86,2754
32,87,2750
32,88,2314
32,89,2119
32,90,2768
33,1,3241
33,2,2742
33,3,2351
33,4,3250
33,5,3221
33,6,3089
33,7,3031
33,8,2898
33,9,2511
33,10,2321
33,11,2951
33,12,3158
33,13,3049
33,14,3047
33,15,3009
33,16,2480
33,17,2181
33,18,2626
33,19,2823
33,20,2818
33,21,2871
33,22,2848
33,23,2412
33,24,2214
33,25,3022
33,26,2967
33,27,2933
33,28,2897
33,29,2905
33,30,2467
33,31,2739
33,32,2302
33,33,3067
33,34,3039
33,35,2964
33,36,2910
33,37,2942
33,38,2480
33,39,2295
33,40,2935
33,41,3033
33,42,3049
33,43,2976
33,44,2998
33,45,2538
33,46,2286
33,47,2661
33,48,2829
33,49,2926
33,50,2824
33,51,2817
33,52,2446
33,53,2246
33,54,2884
33,55,2908
33,56,2958
33,57,2968
33,58,2897
33,59,2445
33,60,2251
33,61,2199
33,62,2960
33,63,3092
33,64,3134
33,65,3111
33,66,3029
33,67,2596
33,68,2448
33,69,3038
33,70,2978
33,71,2961
33,72,2972
33,73,2806
33,74,2442
33,75,2175
33,76,2648
33,77,2820
33,78,2853
33,79,2862
33,80,2808
33,81,2453
33,82,2289
33,83,2996
33,84,2892
33,85,2894
33,86,2877
33,87,2875
33,88,2494
33,89,2270
33,90,2903
34,1,3289
34,2,2886
34,3,2495
34,4,3299
34,5,3247
34,6,3115
34,7,3058
34,8,2976
34,9,2639
34,10,2451
34,11,3000
34,12,3213
34,13,3107
34,14,3098
34,15,3051
34,16,2577
34,17,2309
34,18,2778
34,19,2940
34,20,2887
34,21,2977
34,22,2979
34,23,2519
34,24,2328
34,25,3100
34,26,3028
34,27,2966
34,28,2975
34,29,3029
34,30,2647
34,31,2920
34,32,2425
34,33,3118
34,34,3083
34,35,3017
34,36,2979
34,37,3000
34,38,2606
34,39,2421
34,40,2995
34,41,3067
34,42,3090
34,43,3024
34,44,3033
34,45,2629
34,46,2385
34,47,2791
34,48,2961
34,49,3072
34,50,2907
34,51,2911
34,52,2611
34,53,2412
34,54,2945
34,55,2977
34,56,3048
34,57,3025
34,58,2961
34,59,2582
34,60,2427
34,61,2341
34,62,3008
34,63,3169
34,64,3220
34,65,3129
34,66,3068
34,67,2763
34,68,2568
34,69,3064
34,70,3016
34,71,3004
34,72,3051
34,73,2929
34,74,2597
34,75,2301
34,76,2755
34,77,2924
34,78,2931
34,79,2971
34,80,2898
34,81,2551
34,82,2458
34,83,3074
34,84,2966
34,85,2943
34,86,2939
34,87,2937
34,88,2603
34,89,2389
34,90,2978
35,1,3308
35,2,2946
35,3,2624
35,4,3320
35,5,3250
35,6,3113
35,7,3064
35,8,3004
35,9,2685
35,10,2530
35,11,3026
35,12,3259
35,13,3097
35,14,3133
35,15,3052
35,16,2635
35,17,2403
35,18,2889
35,19,2987
35,20,2928
35,21,3053
35,22,3070
35,23,2589
35,24,2393
35,25,3135
35,26,3045
35,27,2985
35,28,3031
35,29,3118
35,30,2737
35,31,3025
35,32,2527
35,33,3127
35,34,3082
35,35,3040
35,36,3006
35,37,3021
35,38,2660
35,39,2492
35,40,3023
35,41,3085
35,42,3096
35,43,3029
35,44,3046
35,45,2666
35,46,2461
35,47,2865
35,48,3035
35,49,3186
35,50,2949
35,51,2942
35,52,2696
35,53,2534
35,54,2990
35,55,3022
35,56,3086
35,57,3039
35,58,2990
35,59,2667
35,60,2558
35,61,2461
35,62,3034
35,63,3196
35,64,3263
35,65,3133
35,66,3076
35,67,2837
35,68,2630
35,69,3085
35,70,3048
35,71,3049
35,72,3082
35,73,2995
35,74,2690
35,75,2375
35,76,2816
35,77,2976
35,78,2980
35,79,3024
35,80,2939
35,81,2613
35,82,2580
35,83,3103
35,84,3003
35,85,2966
35,86,2976
35,87,2961
35,88,2652
35,89,2468
35,90,2998
36,1,3308
36,2,2971
36,3,2709
36,4,3312
36,5,3225
36,6,3097
36,7,3052
36,8,3003
36,9,2698
36,10,2552
36,11,3022
36,12,3272
36,13,3138
36,14,3125
36,15,3032
36,16,2636
36,17,2443
36,18,2942
36,19,3017
36,20,2944
36,21,3116
36,22,3091
36,23,2630
36,24,2451
36,25,3139
36,26,3042
36,27,2994
36,28,3060
36,29,3187
36,30,2796
36,31,3061
36,32,2604
36,33,3112
36,34,3064
36,35,3039
36,36,3022
36,37,3023
36,38,2669
36,39,2538
36,40,3022
36,41,3079
36,42,3090
36,43,3028
36,44,3031
36,45,2667
36,46,2501
36,47,2891
36,48,3070
36,49,3263
36,50,2968
36,51,2946
36,52,2743
36,53,2619
36,54,3005
36,55,3040
36,56,3102
36,57,3053
36,58,2986
36,59,2695
36,60,2617
36,61,2527
36,62,3058
36,63,3187
36,64,3282
36,65,3121
36,66,3068
36,67,2884
36,68,2641
36,69,3067
36,70,3068
36,71,3076
36,72,3098
36,73,3030
36,74,2714
36,75,2408
36,76,2851
36,77,3019
36,78,3009
36,79,3044
36,80,2946
36,81,2626
36,82,2635
36,83,3114
36,84,3011
36,85,2969
36,86,2994
36,87,2959
36,88,2661
36,89,2515
36,90,3018
37,1,3294
37,2,2952
37,3,2756
37,4,3294
37,5,3190
37,6,3071
37,7,3028
37,8,2979
37,9,2649
37,10,2535
37,11,3005
37,12,3256
37,13,3133
37,14,3112
37,15,2999
37,16,2605
37,17,2443
37,18,2965
37,19,3006
37,20,2942
37,21,3149
37,22,3069
37,23,2609
37,24,2456
37,25,3136
37,26,3048
37,27,2988
37,28,3071
37,29,3210
37,30,2807
37,31,3051
37,32,2670
37,33,3099
37,34,3057
37,35,3042
37,36,3018
37,37,3001
37,38,2648
37,39,2552
37,40,3012
37,41,3051
37,42,3063
37,43,3014
37,44,3015
37,45,2633
37,46,2506
37,47,2886
37,48,3071
37,49,3312
37,50,2975
37,51,2944
37,52,2762
37,53,2637
37,54,3015
37,55,3055
37,56,3103
37,57,3058
37,58,2971
37,59,2710
37,60,2665
37,61,2564
37,62,3049
37,63,3174
37,64,3278
37,65,3117
37,66,3046
37,67,2861
37,68,2637
37,69,3041
37,70,3057
37,71,3082
37,72,3087
37,73,3025
37,74,2704
37,75,2408
37,76,2840
37,77,3027
37,78,3020
37,79,3041
37,80,2935
37,81,2619
37,82,2645
37,83,3107
37,84,3016
37,85,2974
37,86,2995
37,87,2941
37,88,2643
37,89,2519
37,90,3013
38,1,3271
38,2,2910
38,3,2750
38,4,3272
38,5,3162
38,6,3054
38,7,3012
38,8,2944
38,9,2592
38,10,2467
38,11,2991
38,12,3235
38,13,3117
38,14,3077
38,15,2980
38,16,2542
38,17,2416
38,18,2971
38,19,3006
38,20,2934
38,21,3188
38,22,3037
38,23,2549
38,24,2430
38,25,3111
38,26,3051
38,27,2977
38,28,3096
38,29,3238
38,30,2767
38,31,2976
38,32,2648
38,33,3083
38,34,3050
38,35,3029
38,36,3030
38,37,2986
38,38,2576
38,39,2531
38,40,2996
38,41,3042
38,42,3034
38,43,2999
38,44,2988
38,45,2571
38,46,2481
38,47,2863
38,48,3077
38,49,3328
38,50,2966
38,51,2958
38,52,2761
38,53,2601
38,54,2994
38,55,3043
38,56,3113
38,57,3046
38,58,2973
38,59,2682
38,60,2615
38,61,2538
38,62,3042
38,63,3152
38,64,3265
38,65,3095
38,66,3025
38,67,2790
38,68,2595
38,69,3045
38,70,3050
38,71,3078
38,72,3097
38,73,3008
38,74,2663
38,75,2365
38,76,2820
38,77,3015
38,78,3025
38,79,3023
38,80,2920
38,81,2574
38,82,2649
38,83,3100
38,84,3029
38,85,2970
38,86,2982
38,87,2931
38,88,2578
38,89,2493
38,90,3001
39,1,3255
39,2,2864
39,3,2737
39,4,3193
39,5,3109
39,6,3022
39,7,2993
39,8,2912
39,9,2537
39,10,2381
39,11,2972
39,12,3209
39,13,3096
39,14,3027
39,15,2932
39,16,2508
39,17,2383
39,18,2965
39,19,2995
39,20,2905
39,21,3195
39,22,3004
39,23,2501
39,24,2403
39,25,3080
39,26,3028
39,27,2951
39,28,3098
39,29,3243
39,30,2745
39,31,2920
39,32,2633
39,33,3039
39,34,3001
39,35,2988
39,36,2999
39,37,2935
39,38,2532
39,39,2490
39,40,2946
39,41,3022
39,42,2985
39,43,2944
39,44,2932
39,45,2516
39,46,2452
39,47,2811
39,48,3062
39,49,3323
39,50,2911
39,51,2906
39,52,2729
39,53,2548
39,54,2951
39,55,3013
39,56,3106
39,57,3000
39,58,2927
39,59,2670
39,60,2600
39,61,2508
39,62,3011
39,63,3123
39,64,3228
39,65,3052
39,66,3015
39,67,2737
39,68,2553
39,69,3016
39,70,3022
39,71,3069
39,72,3096
39,73,2986
39,74,2630
39,75,2306
39,76,2793
39,77,2975
39,78,3011
39,79,3008
39,80,2898
39,81,2538
39,82,2644
39,83,3068
39,84,3015
39,85,2949
39,86,2946
39,87,2896
39,88,2529
39,89,2469
39,90,2974
40,1,3245
40,2,2848
40,3,2715
40,4,3180
40,5,3070
40,6,2985
40,7,2953
40,8,2878
40,9,2513
40,10,2323
40,11,2947
40,12,3211
40,13,3087
40,14,2981
40,15,2894
40,16,2484
40,17,2363
40,18,2963
40,19,2975
40,20,2904
40,21,3177
40,22,2940
40,23,2469
40,24,2407
40,25,3051
40,26,2993
40,27,2924
40,28,3100
40,29,3202
40,30,2728
40,31,2886
40,32,2611
40,33,3046
40,34,2968
40,35,2966
40,36,2977
40,37,2903
40,38,2500
40,39,2470
40,40,2934
40,41,3008
40,42,2959
40,43,2926
40,44,2877
40,45,2479
40,46,2435
40,47,2799
40,48,3044
40,49,3288
40,50,2893
40,51,2866
40,52,2705
40,53,2506
40,54,2932
40,55,3007
40,56,3100
40,57,2992
40,58,2897
40,59,2660
40,60,2561
40,61,2489
40,62,3030
40,63,3118
40,64,3198
40,65,3028
40,66,3029
40,67,2721
40,68,2530
40,69,2997
40,70,2995
40,71,3047
40,72,3073
40,73,2939
40,74,2598
40,75,2261
40,76,2772
40,77,2923
40,78,2998
40,79,2960
40,80,2856
40,81,2528
40,82,2639
40,83,3059
40,84,3011
40,85,2939
40,86,2916
40,87,2864
40,88,2498
40,89,2441
40,90,2955
41,1,3272
41,2,2882
41,3,2740
41,4,3201
41,5,3056
41,6,2980
41,7,2921
41,8,2864
41,9,2513
41,10,2322
41,11,2949
41,12,3250
41,13,3107
41,14,2958
41,15,2850
41,16,2492
41,17,2372
41,18,2960
41,19,2966
41,20,2889
41,21,3154
41,22,2925
41,23,2450
41,24,2442
41,25,3090
41,26,2969
41,27,2917
41,28,3086
41,29,3158
41,30,2729
41,31,2877
41,32,2623
41,33,3049
41,34,2959
41,35,2957
41,36,2962
41,37,2869
41,38,2491
41,39,2484
41,40,2935
41,41,3052
41,42,2942
41,43,2920
41,44,2857
41,45,2468
41,46,2439
41,47,2800
41,48,3031
41,49,3267
41,50,2879
41,51,2842
41,52,2715
41,53,2499
41,54,2947
41,55,2992
41,56,3118
41,57,2948
41,58,2878
41,59,2674
41,60,2549
41,61,2493
41,62,3075
41,63,3122
41,64,3202
41,65,3020
41,66,3042
41,67,2722
41,68,2539
41,69,2976
41,70,2983
41,71,3017
41,72,3073
41,73,2901
41,74,2583
41,75,2241
41,76,2774
41,77,2896
41,78,2984
41,79,2931
41,80,2822
41,81,2551
41,82,2680
41,83,3076
41,84,3011
41,85,2925
41,86,2912
41,87,2838
41,88,2490
41,89,2451
41,90,2953
42,1,3302
42,2,2982
42,3,2815
42,4,3194
42,5,3046
42,6,2977
42,7,2960
42,8,2833
42,9,2522
42,10,2363
42,11,2998
42,12,3280
42,13,3123
42,14,2931
42,15,2802
42,16,2509
42,17,2411
42,18,2928
42,19,2907
42,20,2853
42,21,3101
42,22,2880
42,23,2456
42,24,2539
42,25,3121
42,26,2950
42,27,2890
42,28,3033
42,29,3076
42,30,2724
42,31,2917
42,32,2672
42,33,3071
42,34,2938
42,35,2940
42,36,2944
42,37,2821
42,38,2505
42,39,2528
42,40,2930
42,41,3128
42,42,2934
42,43,2909
42,44,2828
42,45,2487
42,46,2464
42,47,2805
42,48,3000
42,49,3204
42,50,2845
42,51,2794
42,52,2724
42,53,2516
42,54,2952
42,55,2946
42,56,3138
42,57,2900
42,58,2829
42,59,2727
42,60,2551
42,61,2528
42,62,3145
42,63,3158
42,64,3222
42,65,3017
42,66,3060
42,67,2741
42,68,2578
42,69,2964
42,70,2955
42,71,2985
42,72,3035
42,73,2892
42,74,2577
42,75,2255
42,76,2810
42,77,2893
42,78,2948
42,79,2901
42,80,2776
42,81,2608
42,82,2746
42,83,3097
42,84,3009
42,85,2897
42,86,2866
42,87,2795
42,88,2505
42,89,2483
42,90,2973
43,1,3358
43,2,3084
43,3,2884
43,4,3184
43,5,3037
43,6,2954
43,7,2950
43,8,2797
43,9,2547
43,10,2453
43,11,3028
43,12,3278
43,13,3106
43,14,2886
43,15,2752
43,16,2517
43,17,2467
43,18,2862
43,19,2817
43,20,2789
43,21,2991
43,22,2847
43,23,2454
43,24,2624
43,25,3073
43,26,2910
43,27,2817
43,28,2922
43,29,2934
43,30,2703
43,31,3035
43,32,2769
43,33,3064
43,34,2936
43,35,2915
43,36,2956
43,37,2779
43,38,2528
43,39,2588
43,40,2951
43,41,3137
43,42,2923
43,43,2907
43,44,2793
43,45,2512
43,46,2475
43,47,2754
43,48,2929
43,49,3132
43,50,2802
43,51,2749
43,52,2716
43,53,2535
43,54,2901
43,55,2874
43,56,3114
43,57,2853
43,58,2754
43,59,2736
43,60,2550
43,61,2587
43,62,3182
43,63,3159
43,64,3207
43,65,3018
43,66,3024
43,67,2792
43,68,2643
43,69,2922
43,70,2919
43,71,2932
43,72,2939
43,73,2822
43,74,2569
43,75,2291
43,76,2847
43,77,2864
43,78,2871
43,79,2820
43,80,2722
43,81,2659
43,82,2784
43,83,3071
43,84,3006
43,85,2830
43,86,2806
43,87,2724
43,88,2514
43,89,2516
43,90,2965
44,1,3289
44,2,3036
44,3,3012
44,4,3330
44,5,3164
44,6,3070
44,7,3081
44,8,2849
44,9,2665
44,10,2616
44,11,3126
44,12,3316
44,13,3124
44,14,2974
44,15,2829
44,16,2640
44,17,2589
44,18,2924
44,19,2843
44,20,2826
44,21,2990
44,22,2883
44,23,2522
44,24,2740
44,25,3093
44,26,2974
44,27,2855
44,28,2917
44,29,2884
44,30,2729
44,31,2996
44,32,2961
44,33,3159
44,34,3063
44,35,3022
44,36,3092
44,37,2861
44,38,2649
44,39,2719
44,40,3064
44,41,3213
44,42,3024
44,43,2998
44,44,2874
44,45,2616
44,46,2591
44,47,2809
44,48,2953
44,49,3165
44,50,2845
44,51,2811
44,52,2757
44,53,2619
44,54,2937
44,55,2898
44,56,3095
44,57,2909
44,58,2758
44,59,2745
44,60,2623
44,61,2788
44,62,3224
44,63,3250
44,64,3290
44,65,3141
44,66,3019
44,67,2880
44,68,2836
44,69,3037
44,70,3014
44,71,3033
44,72,2986
44,73,2867
44,74,2663
44,75,2441
44,76,2911
44,77,2925
44,78,2906
44,79,2853
44,80,2771
44,81,2737
44,82,2866
44,83,3120
44,84,3040
44,85,2861
44,86,2847
44,87,2746
44,88,2564
44,89,2603
44,90,2985
45,1,3151
45,2,2952
45,3,3007
45,4,3351
45,5,3197
45,6,3096
45,7,3032
45,8,2869
45,9,2752
45,10,2713
45,11,3106
45,12,3220
45,13,3091
45,14,3055
45,15,2895
45,16,2681
45,17,2655
45,18,2956
45,19,2892
45,20,2894
45,21,3035
45,22,2859
45,23,2615
45,24,2787
45,25,3047
45,26,2997
45,27,2973
45,28,3011
45,29,2951
45,30,2822
45,31,2898
45,32,2973
45,33,3164
45,34,3082
45,35,3037
45,36,3074
45,37,2894
45,38,2726
45,39,2839
45,40,3082
45,41,3165
45,42,3079
45,43,3059
45,44,2932
45,45,2704
45,46,2706
45,47,2878
45,48,3016
45,49,3175
45,50,2918
45,51,2817
45,52,2743
45,53,2758
45,54,3030
45,55,2987
45,56,3058
45,57,2997
45,58,2854
45,59,2753
45,60,2773
45,61,2850
45,62,3141
45,63,3214
45,64,3257
45,65,3127
45,66,2973
45,67,2892
45,68,2928
45,69,3071
45,70,3039
45,71,3029
45,72,2997
45,73,2843
45,74,2737
45,75,2577
45,76,2879
45,77,2914
45,78,2958
45,79,2908
45,80,2809
45,81,2739
45,82,2848
45,83,3082
45,84,2995
45,85,2976
45,86,2947
45,87,2830
45,88,2681
45,89,2754
45,90,3026
46,1,2997
46,2,2846
46,3,2864
46,4,3197
46,5,3048
46,6,2940
46,7,2873
46,8,2753
46,9,2663
46,10,2623
46,11,2928
46,12,3025
46,13,2906
46,14,2921
46,15,2767
46,16,2587
46,17,2533
46,18,2801
46,19,2735
46,20,2751
46,21,2874
46,22,2718
46,23,2552
46,24,2635
46,25,2861
46,26,2840
46,27,2830
46,28,2861
46,29,2826
46,30,2735
46,31,2769
46,32,2840
46,33,3004
46,34,2911
46,35,2874
46,36,2898
46,37,2760
46,38,2648
46,39,2679
46,40,2905
46,41,2990
46,42,2924
46,43,2907
46,44,2804
46,45,2622
46,46,2586
46,47,2728
46,48,2852
46,49,2943
46,50,2760
46,51,2697
46,52,2647
46,53,2653
46,54,2862
46,55,2840
46,56,2870
46,57,2837
46,58,2722
46,59,2661
46,60,2661
46,61,2705
46,62,2950
46,63,3036
46,64,3087
46,65,2976
46,66,2822
46,67,2792
46,68,2796
46,69,2900
46,70,2879
46,71,2854
46,72,2831
46,73,2718
46,74,2625
46,75,2494
46,76,2724
46,77,2766
46,78,2820
46,79,2771
46,80,2696
46,81,2638
46,82,2709
46,83,2888
46,84,2813
46,85,2839
46,86,2808
46,87,2737
46,88,2615
46,89,2630
46,90,2859
47,1,2773
47,2,2672
47,3,2666
47,4,2941
47,5,2778
47,6,2687
47,7,2637
47,8,2564
47,9,2516
47,10,2437
47,11,2636
47,12,2739
47,13,2633
47,14,2674
47,15,2587
47,16,2426
47,17,2368
47,18,2556
47,19,2482
47,20,2509
47,21,2622
47,22,2528
47,23,2406
47,24,2437
47,25,2571
47,26,2558
47,27,2564
47,28,2588
47,29,2591
47,30,2558
47,31,2589
47,32,2630
47,33,2742
47,34,2632
47,35,2608
47,36,2639
47,37,2561
47,38,2490
47,39,2471
47,40,2625
47,41,2714
47,42,2661
47,43,2655
47,44,2603
47,45,2493
47,46,2410
47,47,2474
47,48,2589
47,49,2612
47,50,2535
47,51,2491
47,52,2482
47,53,2444
47,54,2597
47,55,2547
47,56,2591
47,57,2581
47,58,2519
47,59,2502
47,60,2453
47,61,2498
47,62,2678
47,63,2768
47,64,2813
47,65,2717
47,66,2625
47,67,2632
47,68,2594
47,69,2633
47,70,2629
47,71,2585
47,72,2577
47,73,2508
47,74,2443
47,75,2340
47,76,2489
47,77,2518
47,78,2572
47,79,2521
47,80,2508
47,81,2468
47,82,2511
47,83,2616
47,84,2535
47,85,2577
47,86,2544
47,87,2555
47,88,2467
47,89,2423
47,90,2592
48,1,2544
48,2,2474
48,3,2439
48,4,2659
48,5,2498
48,6,2408
48,7,2385
48,8,2349
48,9,2316
48,10,2233
48,11,2363
48,12,2455
48,13,2357
48,14,2430
48,15,2372
48,16,2227
48,17,2167
48,18,2315
48,19,2236
48,20,2256
48,21,2361
48,22,2302
48,23,2225
48,24,2218
48,25,2301
48,26,2277
48,27,2300
48,28,2297
48,29,2333
48,30,2350
48,31,2385
48,32,2397
48,33,2463
48,34,2358
48,35,2339
48,36,2348
48,37,2333
48,38,2306
48,39,2231
48,40,2358
48,41,2433
48,42,2386
48,43,2388
48,44,2386
48,45,2301
48,46,2214
48,47,2223
48,48,2328
48,49,2321
48,50,2284
48,51,2275
48,52,2292
48,53,2205
48,54,2315
48,55,2278
48,56,2317
48,57,2311
48,58,2294
48,59,2301
48,60,2219
48,61,2271
48,62,2403
48,63,2485
48,64,2538
48,65,2430
48,66,2387
48,67,2443
48,68,2357
48,69,2351
48,70,2337
48,71,2311
48,72,2297
48,73,2290
48,74,2251
48,75,2152
48,76,2239
48,77,2256
48,78,2297
48,79,2266
48,80,2296
48,81,2295
48,82,2292
48,83,2344
48,84,2271
48,85,2292
48,86,2284
48,87,2337
48,88,2283
48,89,2207
48,90,2319
49,1,2372
49,2,2301
49,3,2261
49,4,2446
49,5,2307
49,6,2228
49,7,2185
49,8,2175
49,9,2140
49,10,2081
49,11,2187
49,12,2250
49,13,2166
49,14,2225
49,15,2192
49,16,2070
49,17,2006
49,18,2131
49,19,2052
49,20,2069
49,21,2152
49,22,2130
49,23,2065
49,24,2062
49,25,2118
49,26,2082
49,27,2118
49,28,2099
49,29,2133
49,30,2153
49,31,2224
49,32,2208
49,33,2272
49,34,2170
49,35,2135
49,36,2153
49,37,2163
49,38,2148
49,39,2057
49,40,2185
49,41,2265
49,42,2203
49,43,2205
49,44,2224
49,45,2157
49,46,2048
49,47,2060
49,48,2140
49,49,2134
49,50,2111
49,51,2107
49,52,2119
49,53,2042
49,54,2133
49,55,2092
49,56,2137
49,57,2118
49,58,2115
49,59,2117
49,60,2051
49,61,2125
49,62,2191
49,63,2301
49,64,2357
49,65,2268
49,66,2218
49,67,2281
49,68,2196
49,69,2176
49,70,2167
49,71,2135
49,72,2125
49,73,2110
49,74,2071
49,75,2000
49,76,2080
49,77,2093
49,78,2118
49,79,2101
49,80,2126
49,81,2127
49,82,2111
49,83,2158
49,84,2104
49,85,2110
49,86,2097
49,87,2163
49,88,2127
49,89,2044
49,90,2143
50,1,2261
50,2,1965
50,3,2177
50,4,2336
50,5,2206
50,6,2145
50,7,2082
50,8,2071
50,9,2023
50,10,2010
50,11,2087
50,12,2136
50,13,2062
50,14,2112
50,15,2085
50,16,1957
50,17,1919
50,18,2028
50,19,1945
50,20,1965
50,21,2027
50,22,2022
50,23,1966
50,24,1975
50,25,2021
50,26,1990
50,27,2011
50,28,1978
50,29,2009
50,30,2020
50,31,1990
50,32,2113
50,33,2167
50,34,2066
50,35,2038
50,36,2059
50,37,2063
50,38,2045
50,39,1980
50,40,2097
50,41,2178
50,42,2104
50,43,2116
50,44,2120
50,45,2059
50,46,1959
50,47,1964
50,48,2029
50,49,2017
50,50,2010
50,51,2002
50,52,1999
50,53,1951
50,54,2044
50,55,1991
50,56,2029
50,57,2027
50,58,2003
50,59,2006
50,60,1965
50,61,2028
50,62,2096
50,63,2214
50,64,2259
50,65,2176
50,66,2105
50,67,2175
50,68,2118
50,69,2083
50,70,2067
50,71,2032
50,72,2016
50,73,1997
50,74,1952
50,75,1915
50,76,1985
50,77,1998
50,78,2012
50,79,1993
50,80,2030
50,81,2043
50,82,2027
50,83,2057
50,84,2018
50,85,2020
50,86,2009
50,87,2067
50,88,2026
50,89,1961
50,90,2059
51,1,2203
51,2,2185
51,3,2134
51,4,2301
51,5,2163
51,6,2107
51,7,2039
51,8,2022
51,9,1964
51,10,1976
51,11,2048
51,12,2072
51,13,2022
51,14,2059
51,15,2033
51,16,1894
51,17,1876
51,18,1973
51,19,1901
51,20,1923
51,21,1946
51,22,1955
51,23,1911
51,24,1945
51,25,1974
51,26,1943
51,27,1966
51,28,1929
51,29,1938
51,30,1952
51,31,2123
51,32,2069
51,33,2127
51,34,2023
51,35,1994
51,36,2006
51,37,2003
51,38,1992
51,39,1935
51,40,2068
51,41,2133
51,42,2073
51,43,2076
51,44,2070
51,45,2010
51,46,1910
51,47,1921
51,48,1981
51,49,1963
51,50,1966
51,51,1951
51,52,1931
51,53,1915
51,54,1998
51,55,1945
51,56,1984
51,57,1987
51,58,1946
51,59,1945
51,60,1927
51,61,1996
51,62,2062
51,63,2174
51,64,2211
51,65,2123
51,66,2050
51,67,2118
51,68,2085
51,69,2041
51,70,2033
51,71,1984
51,72,1966
51,73,1937
51,74,1884
51,75,1883
51,76,1944
51,77,1957
51,78,1959
51,79,1941
51,80,1981
51,81,1986
51,82,1981
51,83,2013
51,84,1977
51,85,1968
51,86,1968
51,87,2027
51,88,1974
51,89,1929
51,90,2015
52,1,2177
52,2,2121
52,3,2145
52,4,2285
52,5,2151
52,6,2112
52,7,2033
52,8,2002
52,9,1941
52,10,1973
52,11,2043
52,12,2044
52,13,2009
52,14,2057
52,15,2014
52,16,1864
52,17,1870
52,18,1953
52,19,1889
52,20,1907
52,21,1918
52,22,1927
52,23,1887
52,24,1940
52,25,1968
52,26,1931
52,27,1960
52,28,1914
52,29,1897
52,30,1902
52,31,2071
52,32,2065
52,33,2113
52,34,2011
52,35,1984
52,36,1998
52,37,1986
52,38,1970
52,39,1938
52,40,2069
52,41,2132
52,42,2068
52,43,2080
52,44,2056
52,45,1987
52,46,1906
52,47,1917
52,48,1959
52,49,1941
52,50,1956
52,51,1920
52,52,1901
52,53,1915
52,54,1995
52,55,1945
52,56,1973
52,57,1981
52,58,1921
52,59,1912
52,60,1921
52,61,1993
52,62,2048
52,63,2167
52,64,2196
52,65,2118
52,66,2023
52,67,2090
52,68,2089
52,69,2039
52,70,2028
52,71,1971
52,72,1939
52,73,1907
52,74,1844
52,75,1881
52,76,1933
52,77,1942
52,78,1937
52,79,1934
52,80,1970
52,81,1957
52,82,1975
52,83,1997
52,84,1977
52,85,1962
52,86,1961
52,87,2006
52,88,1952
52,89,1925
52,90,2004
53,1,2184
53,2,2102
53,3,2199
53,4,2330
53,5,2194
53,6,2156
53,7,2065
53,8,2001
53,9,1946
53,10,2026
53,11,2101
53,12,2069
53,13,2039
53,14,2095
53,15,2025
53,16,1854
53,17,1896
53,18,1964
53,19,1919
53,20,1942
53,21,1933
53,22,1934
53,23,1892
53,24,1986
53,25,1995
53,26,1971
53,27,1997
53,28,1940
53,29,1888
53,30,1890
53,31,2046
53,32,2111
53,33,2153
53,34,2048
53,35,2021
53,36,2017
53,37,1987
53,38,1968
53,39,1990
53,40,2122
53,41,2178
53,42,2104
53,43,2126
53,44,2072
53,45,1991
53,46,1936
53,47,1955
53,48,1990
53,49,1962
53,50,1995
53,51,1928
53,52,1900
53,53,1969
53,54,2040
53,55,1972
53,56,2013
53,57,2017
53,58,1920
53,59,1896
53,60,1976
53,61,2043
53,62,2084
53,63,2209
53,64,2246
53,65,2159
53,66,2023
53,67,2092
53,68,2150
53,69,2090
53,70,2069
53,71,2011
53,72,1966
53,73,1909
53,74,1834
53,75,1910
53,76,1969
53,77,1979
53,78,1969
53,79,1969
53,80,1981
53,81,1946
53,82,2017
53,83,2035
53,84,2011
53,85,1993
53,86,2000
53,87,2008
53,88,1955
53,89,1976
53,90,2035
54,1,2235
54,2,2113
54,3,2388
54,4,2506
54,5,2367
54,6,2332
54,7,2206
54,8,2071
54,9,1978
54,10,2199
54,11,2261
54,12,2221
54,13,2202
54,14,2269
54,15,2078
54,16,1881
54,17,2017
54,18,2092
54,19,2049
54,20,2086
54,21,2059
54,22,1986
54,23,1914
54,24,2158
54,25,2162
54,26,2137
54,27,2146
54,28,2081
54,29,1915
54,30,1894
54,31,2055
54,32,2286
54,33,2340
54,34,2233
54,35,2187
54,36,2164
54,37,2047
54,38,2010
54,39,2181
54,40,2303
54,41,2364
54,42,2289
54,43,2300
54,44,2139
54,45,2026
54,46,2056
54,47,2107
54,48,2127
54,49,2094
54,50,2138
54,51,1980
54,52,1925
54,53,2137
54,54,2194
54,55,2121
54,56,2174
54,57,2158
54,58,1964
54,59,1915
54,60,2137
54,61,2228
54,62,2262
54,63,2396
54,64,2447
54,65,2366
54,66,2078
54,67,2123
54,68,2358
54,69,2282
54,70,2243
54,71,2180
54,72,2112
54,73,1964
54,74,1854
54,75,2039
54,76,2126
54,77,2125
54,78,2109
54,79,2112
54,80,2030
54,81,1970
54,82,2205
54,83,2209
54,84,2180
54,85,2159
54,86,2155
54,87,2053
54,88,1966
54,89,2144
54,90,2197
55,1,2353
55,2,2158
55,3,2754
55,4,2841
55,5,2708
55,6,2675
55,7,2464
55,8,2158
55,9,2025
55,10,2523
55,11,2648
55,12,2576
55,13,2570
55,14,2601
55,15,2162
55,16,1894
55,17,2197
55,18,2331
55,19,2307
55,20,2363
55,21,2327
55,22,2059
55,23,1953
55,24,2504
55,25,2506
55,26,2477
55,27,2458
55,28,2400
55,29,2006
55,30,1944
55,31,2098
55,32,2631
55,33,2677
55,34,2558
55,35,2508
55,36,2498
55,37,2142
55,38,2040
55,39,2518
55,40,2652
55,41,2699
55,42,2617
55,43,2629
55,44,2216
55,45,2056
55,46,2229
55,47,2365
55,48,2383
55,49,2346
55,50,2383
55,51,2054
55,52,1966
55,53,2474
55,54,2506
55,55,2469
55,56,2519
55,57,2469
55,58,2038
55,59,1952
55,60,2445
55,61,2546
55,62,2639
55,63,2732
55,64,2782
55,65,2681
55,66,2197
55,67,2176
55,68,2680
55,69,2604
55,70,2568
55,71,2517
55,72,2338
55,73,2045
55,74,1881
55,75,2225
55,76,2385
55,77,2385
55,78,2342
55,79,2342
55,80,2107
55,81,2014
55,82,2531
55,83,2519
55,84,2510
55,85,2472
55,86,2464
55,87,2139
55,88,2002
55,89,2456
55,90,2542
56,1,2550
56,2,2223
56,3,3109
56,4,3123
56,5,2986
56,6,2947
56,7,2730
56,8,2334
56,9,2161
56,10,2831
56,11,3004
56,12,2899
56,13,2890
56,14,2895
56,15,2320
56,16,2017
56,17,2439
56,18,2631
56,19,2612
56,20,2673
56,21,2628
56,22,2235
56,23,2076
56,24,2866
56,25,2835
56,26,2804
56,27,2767
56,28,2736
56,29,2235
56,30,2100
56,31,2173
56,32,2929
56,33,2952
56,34,2863
56,35,2800
56,36,2810
56,37,2307
56,38,2157
56,39,2813
56,40,2932
56,41,2966
56,42,2885
56,43,2911
56,44,2384
56,45,2157
56,46,2472
56,47,2647
56,48,2711
56,49,2637
56,50,2657
56,51,2225
56,52,2076
56,53,2780
56,54,2794
56,55,2810
56,56,2845
56,57,2763
56,58,2235
56,59,2079
56,60,2732
56,61,2840
56,62,2967
56,63,3003
56,64,3035
56,65,2945
56,66,2369
56,67,2286
56,68,2948
56,69,2887
56,70,2852
56,71,2820
56,72,2614
56,73,2214
56,74,2016
56,75,2472
56,76,2663
56,77,2674
56,78,2645
56,79,2629
56,80,2285
56,81,2127
56,82,2854
56,83,2795
56,84,2788
56,85,2754
56,86,2750
56,87,2314
56,88,2119
56,89,2768
56,90,2875
57,1,2742
57,2,2351
57,3,3250
57,4,3221
57,5,3089
57,6,3031
57,7,2898
57,8,2511
57,9,2321
57,10,2951
57,11,3158
57,12,3049
57,13,3047
57,14,3009
57,15,2480
57,16,2181
57,17,2626
57,18,2823
57,19,2818
57,20,2871
57,21,2848
57,22,2412
57,23,2214
57,24,3022
57,25,2967
57,26,2933
57,27,2897
57,28,2905
57,29,2467
57,30,2284
57,31,2302
57,32,3067
57,33,3039
57,34,2964
57,35,2910
57,36,2942
57,37,2480
57,38,2295
57,39,2935
57,40,3033
57,41,3049
57,42,2976
57,43,2998
57,44,2538
57,45,2286
57,46,2661
57,47,2829
57,48,2926
57,49,2824
57,50,2817
57,51,2446
57,52,2246
57,53,2884
57,54,2908
57,55,2958
57,56,2968
57,57,2897
57,58,2445
57,59,2251
57,60,2864
57,61,2960
57,62,3092
57,63,3134
57,64,3111
57,65,3029
57,66,2596
57,67,2448
57,68,3038
57,69,2978
57,70,2961
57,71,2972
57,72,2806
57,73,2442
57,74,2175
57,75,2648
57,76,2820
57,77,2853
57,78,2862
57,79,2808
57,80,2453
57,81,2289
57,82,2996
57,83,2892
57,84,2894
57,85,2877
57,86,2875
57,87,2494
57,88,2270
57,89,2903
57,90,3027
58,1,2886
58,2,2495
58,3,3299
58,4,3247
58,5,3115
58,6,3058
58,7,2976
58,8,2639
58,9,2451
58,10,3000
58,11,3213
58,12,3107
58,13,3098
58,14,3051
58,15,2577
58,16,2309
58,17,2778
58,18,2940
58,19,2887
58,20,2977
58,21,2979
58,22,2519
58,23,2328
58,24,3100
58,25,3028
58,26,2966
58,27,2975
58,28,3029
58,29,2647
58,30,2456
58,31,2425
58,32,3118
58,33,3083
58,34,3017
58,35,2979
58,36,3000
58,37,2606
58,38,2421
58,39,2995
58,40,3067
58,41,3090
58,42,3024
58,43,3033
58,44,2629
58,45,2385
58,46,2791
58,47,2961
58,48,3072
58,49,2907
58,50,2911
58,51,2611
58,52,2412
58,53,2945
58,54,2977
58,55,3048
58,56,3025
58,57,2961
58,58,2582
58,59,2427
58,60,2936
58,61,3008
58,62,3169
58,63,3220
58,64,3129
58,65,3068
58,66,2763
58,67,2568
58,68,3064
58,69,3016
58,70,3004
58,71,3051
58,72,2929
58,73,2597
58,74,2301
58,75,2755
58,76,2924
58,77,2931
58,78,2971
58,79,2898
58,80,2551
58,81,2458
58,82,3074
58,83,2966
58,84,2943
58,85,2939
58,86,2937
58,87,2603
58,88,2389
58,89,2978
58,90,3101
59,1,2946
59,2,2624
59,3,3320
59,4,3250
59,5,3113
59,6,3064
59,7,3004
59,8,2685
59,9,2530
59,10,3026
59,11,3259
59,12,3097
59,13,3133
59,14,3052
59,15,2635
59,16,2403
59,17,2889
59,18,2987
59,19,2928
59,20,3053
59,21,3070
59,22,2589
59,23,2393
59,24,3135
59,25,3045
59,26,2985
59,27,3031
59,28,3118
59,29,2737
59,30,2575
59,31,2527
59,32,3127
59,33,3082
59,34,3040
59,35,3006
59,36,3021
59,37,2660
59,38,2492
59,39,3023
59,40,3085
59,41,3096
59,42,3029
59,43,3046
59,44,2666
59,45,2461
59,46,2865
59,47,3035
59,48,3186
59,49,2949
59,50,2942
59,51,2696
59,52,2534
59,53,2990
59,54,3022
59,55,3086
59,56,3039
59,57,2990
59,58,2667
59,59,2558
59,60,2990
59,61,3034
59,62,3196
59,63,3263
59,64,3133
59,65,3076
59,66,2837
59,67,2630
59,68,3085
59,69,3048
59,70,3049
59,71,3082
59,72,2995
59,73,2690
59,74,2375
59,75,2816
59,76,2976
59,77,2980
59,78,3024
59,79,2939
59,80,2613
59,81,2580
59,82,3103
59,83,3003
59,84,2966
59,85,2976
59,86,2961
59,87,2652
59,88,2468
59,89,2998
59,90,3133
60,1,2971
60,2,2709
60,3,3312
60,4,3225
60,5,3097
60,6,3052
60,7,3003
60,8,2698
60,9,2552
60,10,3022
60,11,3272
60,12,3138
60,13,3125
60,14,3032
60,15,2636
60,16,2443
60,17,2942
60,18,3017
60,19,2944
60,20,3116
60,21,3091
60,22,2630
60,23,2451
60,24,3139
60,25,3042
60,26,2994
60,27,3060
60,28,3187
60,29,2796
60,30,2676
60,31,2604
60,32,3112
60,33,3064
60,34,3039
60,35,3022
60,36,3023
60,37,2669
60,38,2538
60,39,3022
60,40,3079
60,41,3090
60,42,3028
60,43,3031
60,44,2667
60,45,2501
60,46,2891
60,47,3070
60,48,3263
60,49,2968
60,50,2946
60,51,2743
60,52,2619
60,53,3005
60,54,3040
60,55,3102
60,56,3053
60,57,2986
60,58,2695
60,59,2617
60,60,3006
60,61,3058
60,62,3187
60,63,3282
60,64,3121
60,65,3068
60,66,2884
60,67,2641
60,68,3067
60,69,3068
60,70,3076
60,71,3098
60,72,3030
60,73,2714
60,74,2408
60,75,2851
60,76,3019
60,77,3009
60,78,3044
60,79,2946
60,80,2626
60,81,2635
60,82,3114
60,83,3011
60,84,2969
60,85,2994
60,86,2959
60,87,2661
60,88,2515
60,89,3018
60,90,3139
61,1,2952
61,2,2756
61,3,3294
61,4,3190
61,5,3071
61,6,3028
61,7,2979
61,8,2649
61,9,2535
61,10,3005
61,11,3256
61,12,3133
61,13,3112
61,14,2999
61,15,2605
61,16,2443
61,17,2965
61,18,3006
61,19,2942
61,20,3149
61,21,3069
61,22,2609
61,23,2456
61,24,3136
61,25,3048
61,26,2988
61,27,3071
61,28,3210
61,29,2807
61,30,2713
61,31,2670
61,32,3099
61,33,3057
61,34,3042
61,35,3018
61,36,3001
61,37,2648
61,38,2552
61,39,3012
61,40,3051
61,41,3063
61,42,3014
61,43,3015
61,44,2633
61,45,2506
61,46,2886
61,47,3071
61,48,3312
61,49,2975
61,50,2944
61,51,2762
61,52,2637
61,53,3015
61,54,3055
61,55,3103
61,56,3058
61,57,2971
61,58,2710
61,59,2665
61,60,3007
61,61,3049
61,62,3174
61,63,3278
61,64,3117
61,65,3046
61,66,2861
61,67,2637
61,68,3041
61,69,3057
61,70,3082
61,71,3087
61,72,3025
61,73,2704
61,74,2408
61,75,2840
61,76,3027
61,77,3020
61,78,3041
61,79,2935
61,80,2619
61,81,2645
61,82,3107
61,83,3016
61,84,2974
61,85,2995
61,86,2941
61,87,2643
61,88,2519
61,89,3013
61,90,3137
62,1,2910
62,2,2750
62,3,3272
62,4,3162
62,5,3054
62,6,3012
62,7,2944
62,8,2592
62,9,2467
62,10,2991
62,11,3235
62,12,3117
62,13,3077
62,14,2980
62,15,2542
62,16,2416
62,17,2971
62,18,3006
62,19,2934
62,20,3188
62,21,3037
62,22,2549
62,23,2430
62,24,3111
62,25,3051
62,26,2977
62,27,3096
62,28,3238
62,29,2767
62,30,2713
62,31,2648
62,32,3083
62,33,3050
62,34,3029
62,35,3030
62,36,2986
62,37,2576
62,38,2531
62,39,2996
62,40,3042
62,41,3034
62,42,2999
62,43,2988
62,44,2571
62,45,2481
62,46,2863
62,47,3077
62,48,3328
62,49,2966
62,50,2958
62,51,2761
62,52,2601
62,53,2994
62,54,3043
62,55,3113
62,56,3046
62,57,2973
62,58,2682
62,59,2615
62,60,3001
62,61,3042
62,62,3152
62,63,3265
62,64,3095
62,65,3025
62,66,2790
62,67,2595
62,68,3045
62,69,3050
62,70,3078
62,71,3097
62,72,3008
62,73,2663
62,74,2365
62,75,2820
62,76,3015
62,77,3025
62,78,3023
62,79,2920
62,80,2574
62,81,2649
62,82,3100
62,83,3029
62,84,2970
62,85,2982
62,86,2931
62,87,2578
62,88,2493
62,89,3001
62,90,3120
63,1,2864
63,2,2737
63,3,3193
63,4,3109
63,5,3022
63,6,2993
63,7,2912
63,8,2537
63,9,2381
63,10,2972
63,11,3209
63,12,3096
63,13,3027
63,14,2932
63,15,2508
63,16,2383
63,17,2965
63,18,2995
63,19,2905
63,20,3195
63,21,3004
63,22,2501
63,23,2403
63,24,3080
63,25,3028
63,26,2951
63,27,3098
63,28,3243
63,29,2745
63,30,2685
63,31,2633
63,32,3039
63,33,3001
63,34,2988
63,35,2999
63,36,2935
63,37,2532
63,38,2490
63,39,2946
63,40,3022
63,41,2985
63,42,2944
63,43,2932
63,44,2516
63,45,2452
63,46,2811
63,47,3062
63,48,3323
63,49,2911
63,50,2906
63,51,2729
63,52,2548
63,53,2951
63,54,3013
63,55,3106
63,56,3000
63,57,2927
63,58,2670
63,59,2600
63,60,2957
63,61,3011
63,62,3123
63,63,3228
63,64,3052
63,65,3015
63,66,2737
63,67,2553
63,68,3016
63,69,3022
63,70,3069
63,71,3096
63,72,2986
63,73,2630
63,74,2306
63,75,2793
63,76,2975
63,77,3011
63,78,3008
63,79,2898
63,80,2538
63,81,2644
63,82,3068
63,83,3015
63,84,2949
63,85,2946
63,86,2896
63,87,2529
63,88,2469
63,89,2974
63,90,3096
64,1,2848
64,2,2715
64,3,3180
64,4,3070
64,5,2985
64,6,2953
64,7,2878
64,8,2513
64,9,2323
64,10,2947
64,11,3211
64,12,3087
64,13,2981
64,14,2894
64,15,2484
64,16,2363
64,17,2963
64,18,2975
64,19,2904
64,20,3177
64,21,2940
64,22,2469
64,23,2407
64,24,3051
64,25,2993
64,26,2924
64,27,3100
64,28,3202
64,29,2728
64,30,2669
64,31,2611
64,32,3046
64,33,2968
64,34,2966
64,35,2977
64,36,2903
64,37,2500
64,38,2470
64,39,2934
64,40,3008
64,41,2959
64,42,2926
64,43,2877
64,44,2479
64,45,2435
64,46,2799
64,47,3044
64,48,3288
64,49,2893
64,50,2866
64,51,2705
64,52,2506
64,53,2932
64,54,3007
64,55,3100
64,56,2992
64,57,2897
64,58,2660
64,59,2561
64,60,2942
64,61,3030
64,62,3118
64,63,3198
64,64,3028
64,65,3029
64,66,2721
64,67,2530
64,68,2997
64,69,2995
64,70,3047
64,71,3073
64,72,2939
64,73,2598
64,74,2261
64,75,2772
64,76,2923
64,77,2998
64,78,2960
64,79,2856
64,80,2528
64,81,2639
64,82,3059
64,83,3011
64,84,2939
64,85,2916
64,86,2864
64,87,2498
64,88,2441
64,89,2955
64,90,3096
65,1,2882
65,2,2740
65,3,3201
65,4,3056
65,5,2980
65,6,2921
65,7,2864
65,8,2513
65,9,2322
65,10,2949
65,11,3250
65,12,3107
65,13,2958
65,14,2850
65,15,2492
65,16,2372
65,17,2960
65,18,2966
65,19,2889
65,20,3154
65,21,2925
65,22,2450
65,23,2442
65,24,3090
65,25,2969
65,26,2917
65,27,3086
65,28,3158
65,29,2729
65,30,2697
65,31,2623
65,32,3049
65,33,2959
65,34,2957
65,35,2962
65,36,2869
65,37,2491
65,38,2484
65,39,2935
65,40,3052
65,41,2942
65,42,2920
65,43,2857
65,44,2468
65,45,2439
65,46,2800
65,47,3031
65,48,3267
65,49,2879
65,50,2842
65,51,2715
65,52,2499
65,53,2947
65,54,2992
65,55,3118
65,56,2948
65,57,2878
65,58,2674
65,59,2549
65,60,2948
65,61,3075
65,62,3122
65,63,3202
65,64,3020
65,65,3042
65,66,2722
65,67,2539
65,68,2976
65,69,2983
65,70,3017
65,71,3073
65,72,2901
65,73,2583
65,74,2241
65,75,2774
65,76,2896
65,77,2984
65,78,2931
65,79,2822
65,80,2551
65,81,2680
65,82,3076
65,83,3011
65,84,2925
65,85,2912
65,86,2838
65,87,2490
65,88,2451
65,89,2953
65,90,3106
66,1,2982
66,2,2815
66,3,3194
66,4,3046
66,5,2977
66,6,2960
66,7,2833
66,8,2522
66,9,2363
66,10,2998
66,11,3280
66,12,3123
66,13,2931
66,14,2802
66,15,2509
66,16,2411
66,17,2928
66,18,2907
66,19,2853
66,20,3101
66,21,2880
66,22,2456
66,23,2539
66,24,3121
66,25,2950
66,26,2890
66,27,3033
66,28,3076
66,29,2724
66,30,2743
66,31,2672
66,32,3071
66,33,2938
66,34,2940
66,35,2944
66,36,2821
66,37,2505
66,38,2528
66,39,2930
66,40,3128
66,41,2934
66,42,2909
66,43,2828
66,44,2487
66,45,2464
66,46,2805
66,47,3000
66,48,3204
66,49,2845
66,50,2794
66,51,2724
66,52,2516
66,53,2952
66,54,2946
66,55,3138
66,56,2900
66,57,2829
66,58,2727
66,59,2551
66,60,2947
66,61,3145
66,62,3158
66,63,3222
66,64,3017
66,65,3060
66,66,2741
66,67,2578
66,68,2964
66,69,2955
66,70,2985
66,71,3035
66,72,2892
66,73,2577
66,74,2255
66,75,2810
66,76,2893
66,77,2948
66,78,2901
66,79,2776
66,80,2608
66,81,2746
66,82,3097
66,83,3009
66,84,2897
66,85,2866
66,86,2795
66,87,2505
66,88,2483
66,89,2973
66,90,3124
67,1,3084
67,2,2884
67,3,3184
67,4,3037
67,5,2954
67,6,2950
67,7,2797
67,8,2547
67,9,2453
67,10,3028
67,11,3278
67,12,3106
67,13,2886
67,14,2752
67,15,2517
67,16,2467
67,17,2862
67,18,2817
67,19,2789
67,20,2991
67,21,2847
67,22,2454
67,23,2624
67,24,3073
67,25,2910
67,26,2817
67,27,2922
67,28,2934
67,29,2703
67,30,2780
67,31,2769
67,32,3064
67,33,2936
67,34,2915
67,35,2956
67,36,2779
67,37,2528
67,38,2588
67,39,2951
67,40,3137
67,41,2923
67,42,2907
67,43,2793
67,44,2512
67,45,2475
67,46,2754
67,47,2929
67,48,3132
67,49,2802
67,50,2749
67,51,2716
67,52,2535
67,53,2901
67,54,2874
67,55,3114
67,56,2853
67,57,2754
67,58,2736
67,59,2550
67,60,2893
67,61,3182
67,62,3159
67,63,3207
67,64,3018
67,65,3024
67,66,2792
67,67,2643
67,68,2922
67,69,2919
67,70,2932
67,71,2939
67,72,2822
67,73,2569
67,74,2291
67,75,2847
67,76,2864
67,77,2871
67,78,2820
67,79,2722
67,80,2659
67,81,2784
67,82,3071
67,83,3006
67,84,2830
67,85,2806
67,86,2724
67,87,2514
67,88,2516
67,89,2965
67,90,3094
68,1,3036
68,2,3012
68,3,3330
68,4,3164
68,5,3070
68,6,3081
68,7,2849
68,8,2665
68,9,2616
68,10,3126
68,11,3316
68,12,3124
68,13,2974
68,14,2829
68,15,2640
68,16,2589
68,17,2924
68,18,2843
68,19,2826
68,20,2990
68,21,2883
68,22,2522
68,23,2740
68,24,3093
68,25,2974
68,26,2855
68,27,2917
68,28,2884
68,29,2729
68,30,2823
68,31,2961
68,32,3159
68,33,3063
68,34,3022
68,35,3092
68,36,2861
68,37,2649
68,38,2719
68,39,3064
68,40,3213
68,41,3024
68,42,2998
68,43,2874
68,44,2616
68,45,2591
68,46,2809
68,47,2953
68,48,3165
68,49,2845
68,50,2811
68,51,2757
68,52,2619
68,53,2937
68,54,2898
68,55,3095
68,56,2909
68,57,2758
68,58,2745
68,59,2623
68,60,2926
68,61,3224
68,62,3250
68,63,3290
68,64,3141
68,65,3019
68,66,2880
68,67,2836
68,68,3037
68,69,3014
68,70,3033
68,71,2986
68,72,2867
68,73,2663
68,74,2441
68,75,2911
68,76,2925
68,77,2906
68,78,2853
68,79,2771
68,80,2737
68,81,2866
68,82,3120
68,83,3040
68,84,2861
68,85,2847
68,86,2746
68,87,2564
68,88,2603
68,89,2985
68,90,3125
69,1,2952
69,2,3007
69,3,3351
69,4,3197
69,5,3096
69,6,3032
69,7,2869
69,8,2752
69,9,2713
69,10,3106
69,11,3220
69,12,3091
69,13,3055
69,14,2895
69,15,2681
69,16,2655
69,17,2956
69,18,2892
69,19,2894
69,20,3035
69,21,2859
69,22,2615
69,23,2787
69,24,3047
69,25,2997
69,26,2973
69,27,3011
69,28,2951
69,29,2822
69,30,2861
69,31,2973
69,32,3164
69,33,3082
69,34,3037
69,35,3074
69,36,2894
69,37,2726
69,38,2839
69,39,3082
69,40,3165
69,41,3079
69,42,3059
69,43,2932
69,44,2704
69,45,2706
69,46,2878
69,47,3016
69,48,3175
69,49,2918
69,50,2817
69,51,2743
69,52,2758
69,53,3030
69,54,2987
69,55,3058
69,56,2997
69,57,2854
69,58,2753
69,59,2773
69,60,2991
69,61,3141
69,62,3214
69,63,3257
69,64,3127
69,65,2973
69,66,2892
69,67,2928
69,68,3071
69,69,3039
69,70,3029
69,71,2997
69,72,2843
69,73,2737
69,74,2577
69,75,2879
69,76,2914
69,77,2958
69,78,2908
69,79,2809
69,80,2739
69,81,2848
69,82,3082
69,83,2995
69,84,2976
69,85,2947
69,86,2830
69,87,2681
69,88,2754
69,89,3026
69,90,3090
70,1,2846
70,2,2864
70,3,3197
70,4,3048
70,5,2940
70,6,2873
70,7,2753
70,8,2663
70,9,2623
70,10,2928
70,11,3025
70,12,2906
70,13,2921
70,14,2767
70,15,2587
70,16,2533
70,17,2801
70,18,2735
70,19,2751
70,20,2874
70,21,2718
70,22,2552
70,23,2635
70,24,2861
70,25,2840
70,26,2830
70,27,2861
70,28,2826
70,29,2735
70,30,2710
70,31,2840
70,32,3004
70,33,2911
70,34,2874
70,35,2898
70,36,2760
70,37,2648
70,38,2679
70,39,2905
70,40,2990
70,41,2924
70,42,2907
70,43,2804
70,44,2622
70,45,2586
70,46,2728
70,47,2852
70,48,2943
70,49,2760
70,50,2697
70,51,2647
70,52,2653
70,53,2862
70,54,2840
70,55,2870
70,56,2837
70,57,2722
70,58,2661
70,59,2661
70,60,2838
70,61,2950
70,62,3036
70,63,3087
70,64,2976
70,65,2822
70,66,2792
70,67,2796
70,68,2900
70,69,2879
70,70,2854
70,71,2831
70,72,2718
70,73,2625
70,74,2494
70,75,2724
70,76,2766
70,77,2820
70,78,2771
70,79,2696
70,80,2638
70,81,2709
70,82,2888
70,83,2813
70,84,2839
70,85,2808
70,86,2737
70,87,2615
70,88,2630
70,89,2859
70,90,2918
71,1,2672
71,2,2666
71,3,2941
71,4,2778
71,5,2687
71,6,2637
71,7,2564
71,8,2516
71,9,2437
71,10,2636
71,11,2739
71,12,2633
71,13,2674
71,14,2587
71,15,2426
71,16,2368
71,17,2556
71,18,2482
71,19,2509
71,20,2622
71,21,2528
71,22,2406
71,23,2437
71,24,2571
71,25,2558
71,26,2564
71,27,2588
71,28,2591
71,29,2558
71,30,2493
71,31,2630
71,32,2742
71,33,2632
71,34,2608
71,35,2639
71,36,2561
71,37,2490
71,38,2471
71,39,2625
71,40,2714
71,41,2661
71,42,2655
71,43,2603
71,44,2493
71,45,2410
71,46,2474
71,47,2589
71,48,2612
71,49,2535
71,50,2491
71,51,2482
71,52,2444
71,53,2597
71,54,2547
71,55,2591
71,56,2581
71,57,2519
71,58,2502
71,59,2453
71,60,2556
71,61,2678
71,62,2768
71,63,2813
71,64,2717
71,65,2625
71,66,2632
71,67,2594
71,68,2633
71,69,2629
71,70,2585
71,71,2577
71,72,2508
71,73,2443
71,74,2340
71,75,2489
71,76,2518
71,77,2572
71,78,2521
71,79,2508
71,80,2468
71,81,2511
71,82,2616
71,83,2535
71,84,2577
71,85,2544
71,86,2555
71,87,2467
71,88,2423
71,89,2592
71,90,2644
72,1,2474
72,2,2439
72,3,2659
72,4,2498
72,5,2408
72,6,2385
72,7,2349
72,8,2316
72,9,2233
72,10,2363
72,11,2455
72,12,2357
72,13,2430
72,14,2372
72,15,2227
72,16,2167
72,17,2315
72,18,2236
72,19,2256
72,20,2361
72,21,2302
72,22,2225
72,23,2218
72,24,2301
72,25,2277
72,26,2300
72,27,2297
72,28,2333
72,29,2350
72,30,2248
72,31,2397
72,32,2463
72,33,2358
72,34,2339
72,35,2348
72,36,2333
72,37,2306
72,38,2231
72,39,2358
72,40,2433
72,41,2386
72,42,2388
72,43,2386
72,44,2301
72,45,2214
72,46,2223
72,47,2328
72,48,2321
72,49,2284
72,50,2275
72,51,2292
72,52,2205
72,53,2315
72,54,2278
72,55,2317
72,56,2311
72,57,2294
72,58,2301
72,59,2219
72,60,2280
72,61,2403
72,62,2485
72,63,2538
72,64,2430
72,65,2387
72,66,2443
72,67,2357
72,68,2351
72,69,2337
72,70,2311
72,71,2297
72,72,2290
72,73,2251
72,74,2152
72,75,2239
72,76,2256
72,77,2297
72,78,2266
72,79,2296
72,80,2295
72,81,2292
72,82,2344
72,83,2271
72,84,2292
72,85,2284
72,86,2337
72,87,2283
72,88,2207
72,89,2319
72,90,2368
73,1,2301
73,2,2261
73,3,2446
73,4,2307
73,5,2228
73,6,2185
73,7,2175
73,8,2140
73,9,2081
73,10,2187
73,11,2250
73,12,2166
73,13,2225
73,14,2192
73,15,2070
73,16,2006
73,17,2131
73,18,2052
73,19,2069
73,20,2152
73,21,2130
73,22,2065
73,23,2062
73,24,2118
73,25,2082
73,26,2118
73,27,2099
73,28,2133
73,29,2153
73,30,2079
73,31,2208
73,32,2272
73,33,2170
73,34,2135
73,35,2153
73,36,2163
73,37,2148
73,38,2057
73,39,2185
73,40,2265
73,41,2203
73,42,2205
73,43,2224
73,44,2157
73,45,2048
73,46,2060
73,47,2140
73,48,2134
73,49,2111
73,50,2107
73,51,2119
73,52,2042
73,53,2133
73,54,2092
73,55,2137
73,56,2118
73,57,2115
73,58,2117
73,59,2051
73,60,2088
73,61,2191
73,62,2301
73,63,2357
73,64,2268
73,65,2218
73,66,2281
73,67,2196
73,68,2176
73,69,2167
73,70,2135
73,71,2125
73,72,2110
73,73,2071
73,74,2000
73,75,2080
73,76,2093
73,77,2118
73,78,2101
73,79,2126
73,80,2127
73,81,2111
73,82,2158
73,83,2104
73,84,2110
73,85,2097
73,86,2163
73,87,2127
73,88,2044
73,89,2143
73,90,2187
74,1,2021
74,2,2177
74,3,2336
74,4,2206
74,5,2145
74,6,2082
74,7,2071
74,8,2023
74,9,2010
74,10,2087
74,11,2136
74,12,2062
74,13,2112
74,14,2085
74,15,1957
74,16,1919
74,17,2028
74,18,1945
74,19,1965
74,20,2027
74,21,2022
74,22,1966
74,23,1975
74,24,2021
74,25,1990
74,26,2011
74,27,1978
74,28,2009
74,29,2020
74,30,1990
74,31,2113
74,32,2167
74,33,2066
74,34,2038
74,35,2059
74,36,2063
74,37,2045
74,38,1980
74,39,2097
74,40,2178
74,41,2104
74,42,2116
74,43,2120
74,44,2059
74,45,1959
74,46,1964
74,47,2029
74,48,2017
74,49,2010
74,50,2002
74,51,1999
74,52,1951
74,53,2044
74,54,1991
74,55,2029
74,56,2027
74,57,2003
74,58,2006
74,59,1965
74,60,1994
74,61,2096
74,62,2214
74,63,2259
74,64,2176
74,65,2105
74,66,2175
74,67,2118
74,68,2083
74,69,2067
74,70,2032
74,71,2016
74,72,1997
74,73,1952
74,74,1915
74,75,1985
74,76,1998
74,77,2012
74,78,1993
74,79,2030
74,80,2043
74,81,2027
74,82,2057
74,83,2018
74,84,2020
74,85,2009
74,86,2067
74,87,2026
74,88,1961
74,89,2059
74,90,2091
75,1,2185
75,2,2134
75,3,2301
75,4,2163
75,5,2107
75,6,2039
75,7,2022
75,8,1964
75,9,1976
75,10,2048
75,11,2072
75,12,2022
75,13,2059
75,14,2033
75,15,1894
75,16,1876
75,17,1973
75,18,1901
75,19,1923
75,20,1946
75,21,1955
75,22,1911
75,23,1945
75,24,1974
75,25,1943
75,26,1966
75,27,1929
75,28,1938
75,29,1952
75,30,1951
75,31,2069
75,32,2127
75,33,2023
75,34,1994
75,35,2006
75,36,2003
75,37,1992
75,38,1935
75,39,2068
75,40,2133
75,41,2073
75,42,2076
75,43,2070
75,44,2010
75,45,1910
75,46,1921
75,47,1981
75,48,1963
75,49,1966
75,50,1951
75,51,1931
75,52,1915
75,53,1998
75,54,1945
75,55,1984
75,56,1987
75,57,1946
75,58,1945
75,59,1927
75,60,1959
75,61,2062
75,62,2174
75,63,2211
75,64,2123
75,65,2050
75,66,2118
75,67,2085
75,68,2041
75,69,2033
75,70,1984
75,71,1966
75,72,1937
75,73,1884
75,74,1883
75,75,1944
75,76,1957
75,77,1959
75,78,1941
75,79,1981
75,80,1986
75,81,1981
75,82,2013
75,83,1977
75,84,1968
75,85,1968
75,86,2027
75,87,1974
75,88,1929
75,89,2015
75,90,2042
76,1,2121
76,2,2145
76,3,2285
76,4,2151
76,5,2112
76,6,2033
76,7,2002
76,8,1941
76,9,1973
76,10,2043
76,11,2044
76,12,2009
76,13,2057
76,14,2014
76,15,1864
76,16,1870
76,17,1953
76,18,1889
76,19,1907
76,20,1918
76,21,1927
76,22,1887
76,23,1940
76,24,1968
76,25,1931
76,26,1960
76,27,1914
76,28,1897
76,29,1902
76,30,1942
76,31,2065
76,32,2113
76,33,2011
76,34,1984
76,35,1998
76,36,1986
76,37,1970
76,38,1938
76,39,2069
76,40,2132
76,41,2068
76,42,2080
76,43,2056
76,44,1987
76,45,1906
76,46,1917
76,47,1959
76,48,1941
76,49,1956
76,50,1920
76,51,1901
76,52,1915
76,53,1995
76,54,1945
76,55,1973
76,56,1981
76,57,1921
76,58,1912
76,59,1921
76,60,1950
76,61,2048
76,62,2167
76,63,2196
76,64,2118
76,65,2023
76,66,2090
76,67,2089
76,68,2039
76,69,2028
76,70,1971
76,71,1939
76,72,1907
76,73,1844
76,74,1881
76,75,1933
76,76,1942
76,77,1937
76,78,1934
76,79,1970
76,80,1957
76,81,1975
76,82,1997
76,83,1977
76,84,1962
76,85,1961
76,86,2006
76,87,1952
76,88,1925
76,89,2004
76,90,2029
77,1,2102
77,2,2199
77,3,2330
77,4,2194
77,5,2156
77,6,2065
77,7,2001
77,8,1946
77,9,2026
77,10,2101
77,11,2069
77,12,2039
77,13,2095
77,14,2025
77,15,1854
77,16,1896
77,17,1964
77,18,1919
77,19,1942
77,20,1933
77,21,1934
77,22,1892
77,23,1986
77,24,1995
77,25,1971
77,26,1997
77,27,1940
77,28,1888
77,29,1890
77,30,1990
77,31,2111
77,32,2153
77,33,2048
77,34,2021
77,35,2017
77,36,1987
77,37,1968
77,38,1990
77,39,2122
77,40,2178
77,41,2104
77,42,2126
77,43,2072
77,44,1991
77,45,1936
77,46,1955
77,47,1990
77,48,1962
77,49,1995
77,50,1928
77,51,1900
77,52,1969
77,53,2040
77,54,1972
77,55,2013
77,56,2017
77,57,1920
77,58,1896
77,59,1976
77,60,1996
77,61,2084
77,62,2209
77,63,2246
77,64,2159
77,65,2023
77,66,2092
77,67,2150
77,68,2090
77,69,2069
77,70,2011
77,71,1966
77,72,1909
77,73,1834
77,74,1910
77,75,1969
77,76,1979
77,77,1969
77,78,1969
77,79,1981
77,80,1946
77,81,2017
77,82,2035
77,83,2011
77,84,1993
77,85,2000
77,86,2008
77,87,1955
77,88,1976
77,89,2035
77,90,2060
78,1,2113
78,2,2388
78,3,2506
78,4,2367
78,5,2332
78,6,2206
78,7,2071
78,8,1978
78,9,2199
78,10,2261
78,11,2221
78,12,2202
78,13,2269
78,14,2078
78,15,1881
78,16,2017
78,17,2092
78,18,2049
78,19,2086
78,20,2059
78,21,1986
78,22,1914
78,23,2158
78,24,2162
78,25,2137
78,26,2146
78,27,2081
78,28,1915
78,29,1894
78,30,2160
78,31,2286
78,32,2340
78,33,2233
78,34,2187
78,35,2164
78,36,2047
78,37,2010
78,38,2181
78,39,2303
78,40,2364
78,41,2289
78,42,2300
78,43,2139
78,44,2026
78,45,2056
78,46,2107
78,47,2127
78,48,2094
78,49,2138
78,50,1980
78,51,1925
78,52,2137
78,53,2194
78,54,2121
78,55,2174
78,56,2158
78,57,1964
78,58,1915
78,59,2137
78,60,2139
78,61,2262
78,62,2396
78,63,2447
78,64,2366
78,65,2078
78,66,2123
78,67,2358
78,68,2282
78,69,2243
78,70,2180
78,71,2112
78,72,1964
78,73,1854
78,74,2039
78,75,2126
78,76,2125
78,77,2109
78,78,2112
78,79,2030
78,80,1970
78,81,2205
78,82,2209
78,83,2180
78,84,2159
78,85,2155
78,86,2053
78,87,1966
78,88,2144
78,89,2197
78,90,2221
79,1,2158
79,2,2754
79,3,2841
79,4,2708
79,5,2675
79,6,2464
79,7,2158
79,8,2025
79,9,2523
79,10,2648
79,11,2576
79,12,2570
79,13,2601
79,14,2162
79,15,1894
79,16,2197
79,17,2331
79,18,2307
79,19,2363
79,20,2327
79,21,2059
79,22,1953
79,23,2504
79,24,2506
79,25,2477
79,26,2458
79,27,2400
79,28,2006
79,29,1944
79,30,2512
79,31,2631
79,32,2677
79,33,2558
79,34,2508
79,35,2498
79,36,2142
79,37,2040
79,38,2518
79,39,2652
79,40,2699
79,41,2617
79,42,2629
79,43,2216
79,44,2056
79,45,2229
79,46,2365
79,47,2383
79,48,2346
79,49,2383
79,50,2054
79,51,1966
79,52,2474
79,53,2506
79,54,2469
79,55,2519
79,56,2469
79,57,2038
79,58,1952
79,59,2445
79,60,2467
79,61,2639
79,62,2732
79,63,2782
79,64,2681
79,65,2197
79,66,2176
79,67,2680
79,68,2604
79,69,2568
79,70,2517
79,71,2338
79,72,2045
79,73,1881
79,74,2225
79,75,2385
79,76,2385
79,77,2342
79,78,2342
79,79,2107
79,80,2014
79,81,2531
79,82,2519
79,83,2510
79,84,2472
79,85,2464
79,86,2139
79,87,2002
79,88,2456
79,89,2542
79,90,2566
80,1,2223
80,2,3109
80,3,3123
80,4,2986
80,5,2947
80,6,2730
80,7,2334
80,8,2161
80,9,2831
80,10,3004
80,11,2899
80,12,2890
80,13,2895
80,14,2320
80,15,2017
80,16,2439
80,17,2631
80,18,2612
80,19,2673
80,20,2628
80,21,2235
80,22,2076
80,23,2866
80,24,2835
80,25,2804
80,26,2767
80,27,2736
80,28,2235
80,29,2100
80,30,2852
80,31,2929
80,32,2952
80,33,2863
80,34,2800
80,35,2810
80,36,2307
80,37,2157
80,38,2813
80,39,2932
80,40,2966
80,41,2885
80,42,2911
80,43,2384
80,44,2157
80,45,2472
80,46,2647
80,47,2711
80,48,2637
80,49,2657
80,50,2225
80,51,2076
80,52,2780
80,53,2794
80,54,2810
80,55,2845
80,56,2763
80,57,2235
80,58,2079
80,59,2732
80,60,2771
80,61,2967
80,62,3003
80,63,3035
80,64,2945
80,65,2369
80,66,2286
80,67,2948
80,68,2887
80,69,2852
80,70,2820
80,71,2614
80,72,2214
80,73,2016
80,74,2472
80,75,2663
80,76,2674
80,77,2645
80,78,2629
80,79,2285
80,80,2127
80,81,2854
80,82,2795
80,83,2788
80,84,2754
80,85,2750
80,86,2314
80,87,2119
80,88,2768
80,89,2875
80,90,2887
81,1,2351
81,2,3250
81,3,3221
81,4,3089
81,5,3031
81,6,2898
81,7,2511
81,8,2321
81,9,2951
81,10,3158
81,11,3049
81,12,3047
81,13,3009
81,14,2480
81,15,2181
81,16,2626
81,17,2823
81,18,2818
81,19,2871
81,20,2848
81,21,2412
81,22,2214
81,23,3022
81,24,2967
81,25,2933
81,26,2897
81,27,2905
81,28,2467
81,29,2284
81,30,3019
81,31,3067
81,32,3039
81,33,2964
81,34,2910
81,35,2942
81,36,2480
81,37,2295
81,38,2935
81,39,3033
81,40,3049
81,41,2976
81,42,2998
81,43,2538
81,44,2286
81,45,2661
81,46,2829
81,47,2926
81,48,2824
81,49,2817
81,50,2446
81,51,2246
81,52,2884
81,53,2908
81,54,2958
81,55,2968
81,56,2897
81,57,2445
81,58,2251
81,59,2864
81,60,2889
81,61,3092
81,62,3134
81,63,3111
81,64,3029
81,65,2596
81,66,2448
81,67,3038
81,68,2978
81,69,2961
81,70,2972
81,71,2806
81,72,2442
81,73,2175
81,74,2648
81,75,2820
81,76,2853
81,77,2862
81,78,2808
81,79,2453
81,80,2289
81,81,2996
81,82,2892
81,83,2894
81,84,2877
81,85,2875
81,86,2494
81,87,2270
81,88,2903
81,89,3027
81,90,3023
82,1,2495
82,2,3299
82,3,3247
82,4,3115
82,5,3058
82,6,2976
82,7,2639
82,8,2451
82,9,3000
82,10,3213
82,11,3107
82,12,3098
82,13,3051
82,14,2577
82,15,2309
82,16,2778
82,17,2940
82,18,2887
82,19,2977
82,20,2979
82,21,2519
82,22,2328
82,23,3100
82,24,3028
82,25,2966
82,26,2975
82,27,3029
82,28,2647
82,29,2456
82,30,3114
82,31,3118
82,32,3083
82,33,3017
82,34,2979
82,35,3000
82,36,2606
82,37,2421
82,38,2995
82,39,3067
82,40,3090
82,41,3024
82,42,3033
82,43,2629
82,44,2385
82,45,2791
82,46,2961
82,47,3072
82,48,2907
82,49,2911
82,50,2611
82,51,2412
82,52,2945
82,53,2977
82,54,3048
82,55,3025
82,56,2961
82,57,2582
82,58,2427
82,59,2936
82,60,2953
82,61,3169
82,62,3220
82,63,3129
82,64,3068
82,65,2763
82,66,2568
82,67,3064
82,68,3016
82,69,3004
82,70,3051
82,71,2929
82,72,2597
82,73,2301
82,74,2755
82,75,2924
82,76,2931
82,77,2971
82,78,2898
82,79,2551
82,80,2458
82,81,3074
82,82,2966
82,83,2943
82,84,2939
82,85,2937
82,86,2603
82,87,2389
82,88,2978
82,89,3101
82,90,3086
83,1,2624
83,2,3320
83,3,3250
83,4,3113
83,5,3064
83,6,3004
83,7,2685
83,8,2530
83,9,3026
83,10,3259
83,11,3097
83,12,3133
83,13,3052
83,14,2635
83,15,2403
83,16,2889
83,17,2987
83,18,2928
83,19,3053
83,20,3070
83,21,2589
83,22,2393
83,23,3135
83,24,3045
83,25,2985
83,26,3031
83,27,3118
83,28,2737
83,29,2575
83,30,3186
83,31,3127
83,32,3082
83,33,3040
83,34,3006
83,35,3021
83,36,2660
83,37,2492
83,38,3023
83,39,3085
83,40,3096
83,41,3029
83,42,3046
83,43,2666
83,44,2461
83,45,2865
83,46,3035
83,47,3186
83,48,2949
83,49,2942
83,50,2696
83,51,2534
83,52,2990
83,53,3022
83,54,3086
83,55,3039
83,56,2990
83,57,2667
83,58,2558
83,59,2990
83,60,2986
83,61,3196
83,62,3263
83,63,3133
83,64,3076
83,65,2837
83,66,2630
83,67,3085
83,68,3048
83,69,3049
83,70,3082
83,71,2995
83,72,2690
83,73,2375
83,74,2816
83,75,2976
83,76,2980
83,77,3024
83,78,2939
83,79,2613
83,80,2580
83,81,3103
83,82,3003
83,83,2966
83,84,2976
83,85,2961
83,86,2652
83,87,2468
83,88,2998
83,89,3133
83,90,3113
84,1,2709
84,2,3312
84,3,3225
84,4,3097
84,5,3052
84,6,3003
84,7,2698
84,8,2552
84,9,3022
84,10,3272
84,11,3138
84,12,3125
84,13,3032
84,14,2636
84,15,2443
84,16,2942
84,17,3017
84,18,2944
84,19,3116
84,20,3091
84,21,2630
84,22,2451
84,23,3139
84,24,3042
84,25,2994
84,26,3060
84,27,3187
84,28,2796
84,29,2676
84,30,3213
84,31,3112
84,32,3064
84,33,3039
84,34,3022
84,35,3023
84,36,2669
84,37,2538
84,38,3022
84,39,3079
84,40,3090
84,41,3028
84,42,3031
84,43,2667
84,44,2501
84,45,2891
84,46,3070
84,47,3263
84,48,2968
84,49,2946
84,50,2743
84,51,2619
84,52,3005
84,53,3040
84,54,3102
84,55,3053
84,56,2986
84,57,2695
84,58,2617
84,59,3006
84,60,3006
84,61,3187
84,62,3282
84,63,3121
84,64,3068
84,65,2884
84,66,2641
84,67,3067
84,68,3068
84,69,3076
84,70,3098
84,71,3030
84,72,2714
84,73,2408
84,74,2851
84,75,3019
84,76,3009
84,77,3044
84,78,2946
84,79,2626
84,80,2635
84,81,3114
84,82,3011
84,83,2969
84,84,2994
84,85,2959
84,86,2661
84,87,2515
84,88,3018
84,89,3139
84,90,3120
85,1,2756
85,2,3294
85,3,3190
85,4,3071
85,5,3028
85,6,2979
85,7,2649
85,8,2535
85,9,3005
85,10,3256
85,11,3133
85,12,3112
85,13,2999
85,14,2605
85,15,2443
85,16,2965
85,17,3006
85,18,2942
85,19,3149
85,20,3069
85,21,2609
85,22,2456
85,23,3136
85,24,3048
85,25,2988
85,26,3071
85,27,3210
85,28,2807
85,29,2713
85,30,3222
85,31,3099
85,32,3057
85,33,3042
85,34,3018
85,35,3001
85,36,2648
85,37,2552
85,38,3012
85,39,3051
85,40,3063
85,41,3014
85,42,3015
85,43,2633
85,44,2506
85,45,2886
85,46,3071
85,47,3312
85,48,2975
85,49,2944
85,50,2762
85,51,2637
85,52,3015
85,53,3055
85,54,3103
85,55,3058
85,56,2971
85,57,2710
85,58,2665
85,59,3007
85,60,3006
85,61,3174
85,62,3278
85,63,3117
85,64,3046
85,65,2861
85,66,2637
85,67,3041
85,68,3057
85,69,3082
85,70,3087
85,71,3025
85,72,2704
85,73,2408
85,74,2840
85,75,3027
85,76,3020
85,77,3041
85,78,2935
85,79,2619
85,80,2645
85,81,3107
85,82,3016
85,83,2974
85,84,2995
85,85,2941
85,86,2643
85,87,2519
85,88,3013
85,89,3137
85,90,3117
86,1,2750
86,2,3272
86,3,3162
86,4,3054
86,5,3012
86,6,2944
86,7,2592
86,8,2467
86,9,2991
86,10,3235
86,11,3117
86,12,3077
86,13,2980
86,14,2542
86,15,2416
86,16,2971
86,17,3006
86,18,2934
86,19,3188
86,20,3037
86,21,2549
86,22,2430
86,23,3111
86,24,3051
86,25,2977
86,26,3096
86,27,3238
86,28,2767
86,29,2713
86,30,3171
86,31,3083
86,32,3050
86,33,3029
86,34,3030
86,35,2986
86,36,2576
86,37,2531
86,38,2996
86,39,3042
86,40,3034
86,41,2999
86,42,2988
86,43,2571
86,44,2481
86,45,2863
86,46,3077
86,47,3328
86,48,2966
86,49,2958
86,50,2761
86,51,2601
86,52,2994
86,53,3043
86,54,3113
86,55,3046
86,56,2973
86,57,2682
86,58,2615
86,59,3001
86,60,3000
86,61,3152
86,62,3265
86,63,3095
86,64,3025
86,65,2790
86,66,2595
86,67,3045
86,68,3050
86,69,3078
86,70,3097
86,71,3008
86,72,2663
86,73,2365
86,74,2820
86,75,3015
86,76,3025
86,77,3023
86,78,2920
86,79,2574
86,80,2649
86,81,3100
86,82,3029
86,83,2970
86,84,2982
86,85,2931
86,86,2578
86,87,2493
86,88,3001
86,89,3120
86,90,3102
87,1,2737
87,2,3193
87,3,3109
87,4,3022
87,5,2993
87,6,2912
87,7,2537
87,8,2381
87,9,2972
87,10,3209
87,11,3096
87,12,3027
87,13,2932
87,14,2508
87,15,2383
87,16,2965
87,17,2995
87,18,2905
87,19,3195
87,20,3004
87,21,2501
87,22,2403
87,23,3080
87,24,3028
87,25,2951
87,26,3098
87,27,3243
87,28,2745
87,29,2685
87,30,3162
87,31,3039
87,32,3001
87,33,2988
87,34,2999
87,35,2935
87,36,2532
87,37,2490
87,38,2946
87,39,3022
87,40,2985
87,41,2944
87,42,2932
87,43,2516
87,44,2452
87,45,2811
87,46,3062
87,47,3323
87,48,2911
87,49,2906
87,50,2729
87,51,2548
87,52,2951
87,53,3013
87,54,3106
87,55,3000
87,56,2927
87,57,2670
87,58,2600
87,59,2957
87,60,2960
87,61,3123
87,62,3228
87,63,3052
87,64,3015
87,65,2737
87,66,2553
87,67,3016
87,68,3022
87,69,3069
87,70,3096
87,71,2986
87,72,2630
87,73,2306
87,74,2793
87,75,2975
87,76,3011
87,77,3008
87,78,2898
87,79,2538
87,80,2644
87,81,3068
87,82,3015
87,83,2949
87,84,2946
87,85,2896
87,86,2529
87,87,2469
87,88,2974
87,89,3096
87,90,3085
88,1,2715
88,2,3180
88,3,3070
88,4,2985
88,5,2953
88,6,2878
88,7,2513
88,8,2323
88,9,2947
88,10,3211
88,11,3087
88,12,2981
88,13,2894
88,14,2484
88,15,2363
88,16,2963
88,17,2975
88,18,2904
88,19,3177
88,20,2940
88,21,2469
88,22,2407
88,23,3051
88,24,2993
88,25,2924
88,26,3100
88,27,3202
88,28,2728
88,29,2669
88,30,3174
88,31,3046
88,32,2968
88,33,2966
88,34,2977
88,35,2903
88,36,2500
88,37,2470
88,38,2934
88,39,3008
88,40,2959
88,41,2926
88,42,2877
88,43,2479
88,44,2435
88,45,2799
88,46,3044
88,47,3288
88,48,2893
88,49,2866
88,50,2705
88,51,2506
88,52,2932
88,53,3007
88,54,3100
88,55,2992
88,56,2897
88,57,2660
88,58,2561
88,59,2942
88,60,2934
88,61,3118
88,62,3198
88,63,3028
88,64,3029
88,65,2721
88,66,2530
88,67,2997
88,68,2995
88,69,3047
88,70,3073
88,71,2939
88,72,2598
88,73,2261
88,74,2772
88,75,2923
88,76,2998
88,77,2960
88,78,2856
88,79,2528
88,80,2639
88,81,3059
88,82,3011
88,83,2939
88,84,2916
88,85,2864
88,86,2498
88,87,2441
88,88,2955
88,89,3096
88,90,3091
89,1,2740
89,2,3201
89,3,3056
89,4,2980
89,5,2921
89,6,2864
89,7,2513
89,8,2322
89,9,2949
89,10,3250
89,11,3107
89,12,2958
89,13,2850
89,14,2492
89,15,2372
89,16,2960
89,17,2966
89,18,2889
89,19,3154
89,20,2925
89,21,2450
89,22,2442
89,23,3090
89,24,2969
89,25,2917
89,26,3086
89,27,3158
89,28,2729
89,29,2697
89,30,3163
89,31,3049
89,32,2959
89,33,2957
89,34,2962
89,35,2869
89,36,2491
89,37,2484
89,38,2935
89,39,3052
89,40,2942
89,41,2920
89,42,2857
89,43,2468
89,44,2439
89,45,2800
89,46,3031
89,47,3267
89,48,2879
89,49,2842
89,50,2715
89,51,2499
89,52,2947
89,53,2992
89,54,3118
89,55,2948
89,56,2878
89,57,2674
89,58,2549
89,59,2948
89,60,2915
89,61,3122
89,62,3202
89,63,3020
89,64,3042
89,65,2722
89,66,2539
89,67,2976
89,68,2983
89,69,3017
89,70,3073
89,71,2901
89,72,2583
89,73,2241
89,74,2774
89,75,2896
89,76,2984
89,77,2931
89,78,2822
89,79,2551
89,80,2680
89,81,3076
89,82,3011
89,83,2925
89,84,2912
89,85,2838
89,86,2490
89,87,2451
89,88,2953
89,89,3106
89,90,3110
90,1,2815
90,2,3194
90,3,3046
90,4,2977
90,5,2960
90,6,2833
90,7,2522
90,8,2363
90,9,2998
90,10,3280
90,11,3123
90,12,2931
90,13,2802
90,14,2509
90,15,2411
90,16,2928
90,17,2907
90,18,2853
90,19,3101
90,20,2880
90,21,2456
90,22,2539
90,23,3121
90,24,2950
90,25,2890
90,26,3033
90,27,3076
90,28,2724
90,29,2743
90,30,3146
90,31,3071
90,32,2938
90,33,2940
90,34,2944
90,35,2821
90,36,2505
90,37,2528
90,38,2930
90,39,3128
90,40,2934
90,41,2909
90,42,2828
90,43,2487
90,44,2464
90,45,2805
90,46,3000
90,47,3204
90,48,2845
90,49,2794
90,50,2724
90,51,2516
90,52,2952
90,53,2946
90,54,3138
90,55,2900
90,56,2829
90,57,2727
90,58,2551
90,59,2947
90,60,2900
90,61,3158
90,62,3222
90,63,3017
90,64,3060
90,65,2741
90,66,2578
90,67,2964
90,68,2955
90,69,2985
90,70,3035
90,71,2892
90,72,2577
90,73,2255
90,74,2810
90,75,2893
90,76,2948
90,77,2901
90,78,2776
90,79,2608
90,80,2746
90,81,3097
90,82,3009
90,83,2897
90,84,2866
90,85,2795
90,86,2505
90,87,2483
90,88,2973
90,89,3124
90,90,3133
91,1,2884
91,2,3184
91,3,3037
91,4,2954
91,5,2950
91,6,2797
91,7,2547
91,8,2453
91,9,3028
91,10,3278
91,11,3106
91,12,2886
91,13,2752
91,14,2517
91,15,2467
91,16,2862
91,17,2817
91,18,2789
91,19,2991
91,20,2847
91,21,2454
91,22,2624
91,23,3073
91,24,2910
91,25,2817
91,26,2922
91,27,2934
91,28,2703
91,29,2780
91,30,3083
91,31,3064
91,32,2936
91,33,2915
91,34,2956
91,35,2779
91,36,2528
91,37,2588
91,38,2951
91,39,3137
91,40,2923
91,41,2907
91,42,2793
91,43,2512
91,44,2475
91,45,2754
91,46,2929
91,47,3132
91,48,2802
91,49,2749
91,50,2716
91,51,2535
91,52,2901
91,53,2874
91,54,3114
91,55,2853
91,56,2754
91,57,2736
91,58,2550
91,59,2893
91,60,2858
91,61,3159
91,62,3207
91,63,3018
91,64,3024
91,65,2792
91,66,2643
91,67,2922
91,68,2919
91,69,2932
91,70,2939
91,71,2822
91,72,2569
91,73,2291
91,74,2847
91,75,2864
91,76,2871
91,77,2820
91,78,2722
91,79,2659
91,80,2784
91,81,3071
91,82,3006
91,83,2830
91,84,2806
91,85,2724
91,86,2514
91,87,2516
91,88,2965
91,89,3094
91,90,3108
92,1,3012
92,2,3330
92,3,3164
92,4,3070
92,5,3081
92,6,2849
92,7,2665
92,8,2616
92,9,3126
92,10,3316
92,11,3124
92,12,2974
92,13,2829
92,14,2640
92,15,2589
92,16,2924
92,17,2843
92,18,2826
92,19,2990
92,20,2883
92,21,2522
92,22,2740
92,23,3093
92,24,2974
92,25,2855
92,26,2917
92,27,2884
92,28,2729
92,29,2823
92,30,3099
92,31,3159
92,32,3063
92,33,3022
92,34,3092
92,35,2861
92,36,2649
92,37,2719
92,38,3064
92,39,3213
92,40,3024
92,41,2998
92,42,2874
92,43,2616
92,44,2591
92,45,2809
92,46,2953
92,47,3165
92,48,2845
92,49,2811
92,50,2757
92,51,2619
92,52,2937
92,53,2898
92,54,3095
92,55,2909
92,56,2758
92,57,2745
92,58,2623
92,59,2926
92,60,2872
92,61,3250
92,62,3290
92,63,3141
92,64,3019
92,65,2880
92,66,2836
92,67,3037
92,68,3014
92,69,3033
92,70,2986
92,71,2867
92,72,2663
92,73,2441
92,74,2911
92,75,2925
92,76,2906
92,77,2853
92,78,2771
92,79,2737
92,80,2866
92,81,3120
92,82,3040
92,83,2861
92,84,2847
92,85,2746
92,86,2564
92,87,2603
92,88,2985
92,89,3125
92,90,3113
93,1,3007
93,2,3351
93,3,3197
93,4,3096
93,5,3032
93,6,2869
93,7,2752
93,8,2713
93,9,3106
93,10,3220
93,11,3091
93,12,3055
93,13,2895
93,14,2681
93,15,2655
93,16,2956
93,17,2892
93,18,2894
93,19,3035
93,20,2859
93,21,2615
93,22,2787
93,23,3047
93,24,2997
93,25,2973
93,26,3011
93,27,2951
93,28,2822
93,29,2861
93,30,3082
93,31,3164
93,32,3082
93,33,3037
93,34,3074
93,35,2894
93,36,2726
93,37,2839
93,38,3082
93,39,3165
93,40,3079
93,41,3059
93,42,2932
93,43,2704
93,44,2706
93,45,2878
93,46,3016
93,47,3175
93,48,2918
93,49,2817
93,50,2743
93,51,2758
93,52,3030
93,53,2987
93,54,3058
93,55,2997
93,56,2854
93,57,2753
93,58,2773
93,59,2991
93,60,2967
93,61,3214
93,62,3257
93,63,3127
93,64,2973
93,65,2892
93,66,2928
93,67,3071
93,68,3039
93,69,3029
93,70,2997
93,71,2843
93,72,2737
93,73,2577
93,74,2879
93,75,2914
93,76,2958
93,77,2908
93,78,2809
93,79,2739
93,80,2848
93,81,3082
93,82,2995
93,83,2976
93,84,2947
93,85,2830
93,86,2681
93,87,2754
93,88,3026
93,89,3090
93,90,3091
94,1,2864
94,2,3197
94,3,3048
94,4,2940
94,5,2873
94,6,2753
94,7,2663
94,8,2623
94,9,2928
94,10,3025
94,11,2906
94,12,2921
94,13,2767
94,14,2587
94,15,2533
94,16,2801
94,17,2735
94,18,2751
94,19,2874
94,20,2718
94,21,2552
94,22,2635
94,23,2861
94,24,2840
94,25,2830
94,26,2861
94,27,2826
94,28,2735
94,29,2710
94,30,2881
94,31,3004
94,32,2911
94,33,2874
94,34,2898
94,35,2760
94,36,2648
94,37,2679
94,38,2905
94,39,2990
94,40,2924
94,41,2907
94,42,2804
94,43,2622
94,44,2586
94,45,2728
94,46,2852
94,47,2943
94,48,2760
94,49,2697
94,50,2647
94,51,2653
94,52,2862
94,53,2840
94,54,2870
94,55,2837
94,56,2722
94,57,2661
94,58,2661
94,59,2838
94,60,2829
94,61,3036
94,62,3087
94,63,2976
94,64,2822
94,65,2792
94,66,2796
94,67,2900
94,68,2879
94,69,2854
94,70,2831
94,71,2718
94,72,2625
94,73,2494
94,74,2724
94,75,2766
94,76,2820
94,77,2771
94,78,2696
94,79,2638
94,80,2709
94,81,2888
94,82,2813
94,83,2839
94,84,2808
94,85,2737
94,86,2615
94,87,2630
94,88,2859
94,89,2918
94,90,2913
95,1,2666
95,2,2941
95,3,2778
95,4,2687
95,5,2637
95,6,2564
95,7,2516
95,8,2437
95,9,2636
95,10,2739
95,11,2633
95,12,2674
95,13,2587
95,14,2426
95,15,2368
95,16,2556
95,17,2482
95,18,2509
95,19,2622
95,20,2528
95,21,2406
95,22,2437
95,23,2571
95,24,2558
95,25,2564
95,26,2588
95,27,2591
95,28,2558
95,29,2493
95,30,2590
95,31,2742
95,32,2632
95,33,2608
95,34,2639
95,35,2561
95,36,2490
95,37,2471
95,38,2625
95,39,2714
95,40,2661
95,41,2655
95,42,2603
95,43,2493
95,44,2410
95,45,2474
95,46,2589
95,47,2612
95,48,2535
95,49,2491
95,50,2482
95,51,2444
95,52,2597
95,53,2547
95,54,2591
95,55,2581
95,56,2519
95,57,2502
95,58,2453
95,59,2556
95,60,2558
95,61,2768
95,62,2813
95,63,2717
95,64,2625
95,65,2632
95,66,2594
95,67,2633
95,68,2629
95,69,2585
95,70,2577
95,71,2508
95,72,2443
95,73,2340
95,74,2489
95,75,2518
95,76,2572
95,77,2521
95,78,2508
95,79,2468
95,80,2511
95,81,2616
95,82,2535
95,83,2577
95,84,2544
95,85,2555
95,86,2467
95,87,2423
95,88,2592
95,89,2644
95,90,2649
96,1,2439
96,2,2659
96,3,2498
96,4,2408
96,5,2385
96,6,2349
96,7,2316
96,8,2233
96,9,2363
96,10,2455
96,11,2357
96,12,2430
96,13,2372
96,14,2227
96,15,2167
96,16,2315
96,17,2236
96,18,2256
96,19,2361
96,20,2302
96,21,2225
96,22,2218
96,23,2301
96,24,2277
96,25,2300
96,26,2297
96,27,2333
96,28,2350
96,29,2248
96,30,2289
96,31,2463
96,32,2358
96,33,2339
96,34,2348
96,35,2333
96,36,2306
96,37,2231
96,38,2358
96,39,2433
96,40,2386
96,41,2388
96,42,2386
96,43,2301
96,44,2214
96,45,2223
96,46,2328
96,47,2321
96,48,2284
96,49,2275
96,50,2292
96,51,2205
96,52,2315
96,53,2278
96,54,2317
96,55,2311
96,56,2294
96,57,2301
96,58,2219
96,59,2280
96,60,2282
96,61,2485
96,62,2538
96,63,2430
96,64,2387
96,65,2443
96,66,2357
96,67,2351
96,68,2337
96,69,2311
96,70,2297
96,71,2290
96,72,2251
96,73,2152
96,74,2239
96,75,2256
96,76,2297
96,77,2266
96,78,2296
96,79,2295
96,80,2292
96,81,2344
96,82,2271
96,83,2292
96,84,2284
96,85,2337
96,86,2283
96,87,2207
96,88,2319
96,89,2368
96,90,2370
