Hours,Scenarios,NEMASSBOST
1,1,1346
1,2,1360
1,3,1365
1,4,1328
1,5,1305
1,6,1427
1,7,1348
1,8,1320
1,9,1272
1,10,1246
1,11,1235
1,12,1184
1,13,1277
1,14,1275
1,15,1236
1,16,1295
1,17,1293
1,18,1179
1,19,1147
1,20,1193
1,21,1192
1,22,1206
1,23,1217
1,24,1251
1,25,1173
1,26,1179
1,27,1221
1,28,1210
1,29,1232
1,30,1206
1,31,1324
1,32,1308
1,33,1267
1,34,1276
1,35,1315
1,36,1259
1,37,1246
1,38,1244
1,39,1270
1,40,1240
1,41,1174
1,42,1280
1,43,1328
1,44,1306
1,45,1323
1,46,1328
1,47,1254
1,48,1178
1,49,1194
1,50,1212
1,51,1216
1,52,1239
1,53,1216
1,54,1192
1,55,1166
1,56,1245
1,57,1209
1,58,1225
1,59,1242
1,60,1225
1,61,1214
1,62,1176
1,63,1172
1,64,1225
1,65,1313
1,66,1361
1,67,1314
1,68,1263
1,69,1288
1,70,1258
1,71,1250
1,72,1212
1,73,1211
1,74,1211
1,75,1192
1,76,1174
1,77,1131
1,78,1207
1,79,1212
1,80,1213
1,81,1200
1,82,1266
1,83,1221
1,84,1181
1,85,1241
1,86,1200
1,87,1229
1,88,1205
1,89,1254
1,90,1235
2,1,1286
2,2,1297
2,3,1302
2,4,1214
2,5,1262
2,6,1381
2,7,1290
2,8,1268
2,9,1209
2,10,1184
2,11,1156
2,12,1136
2,13,1214
2,14,1198
2,15,1172
2,16,1233
2,17,1229
2,18,1106
2,19,1099
2,20,1136
2,21,1132
2,22,1142
2,23,1146
2,24,1183
2,25,1107
2,26,1132
2,27,1158
2,28,1143
2,29,1175
2,30,1138
2,31,1267
2,32,1237
2,33,1152
2,34,1216
2,35,1257
2,36,1199
2,37,1184
2,38,1170
2,39,1200
2,40,1175
2,41,1123
2,42,1227
2,43,1271
2,44,1249
2,45,1263
2,46,1273
2,47,1194
2,48,1126
2,49,1139
2,50,1149
2,51,1152
2,52,1174
2,53,1156
2,54,1118
2,55,1120
2,56,1186
2,57,1146
2,58,1161
2,59,1182
2,60,1152
2,61,1144
2,62,1153
2,63,1120
2,64,1169
2,65,1254
2,66,1298
2,67,1252
2,68,1185
2,69,1217
2,70,1213
2,71,1199
2,72,1159
2,73,1142
2,74,1140
2,75,1119
2,76,1098
2,77,1084
2,78,1146
2,79,1153
2,80,1145
2,81,1145
2,82,1197
2,83,1156
2,84,1126
2,85,1184
2,86,1144
2,87,1169
2,88,1142
2,89,1191
2,90,1175
3,1,1263
3,2,1270
3,3,1262
3,4,1265
3,5,1238
3,6,1342
3,7,1268
3,8,1246
3,9,1177
3,10,1155
3,11,1119
3,12,1122
3,13,1179
3,14,1172
3,15,1147
3,16,1206
3,17,1195
3,18,1071
3,19,1072
3,20,1107
3,21,1107
3,22,1111
3,23,1109
3,24,1146
3,25,1073
3,26,1111
3,27,1131
3,28,1114
3,29,1151
3,30,1107
3,31,1242
3,32,1208
3,33,1198
3,34,1192
3,35,1230
3,36,1168
3,37,1162
3,38,1141
3,39,1161
3,40,1145
3,41,1106
3,42,1208
3,43,1247
3,44,1228
3,45,1242
3,46,1243
3,47,1167
3,48,1110
3,49,1118
3,50,1118
3,51,1118
3,52,1149
3,53,1119
3,54,1080
3,55,1085
3,56,1165
3,57,1116
3,58,1132
3,59,1153
3,60,1102
3,61,1108
3,62,1113
3,63,1100
3,64,1141
3,65,1226
3,66,1272
3,67,1225
3,68,1145
3,69,1185
3,70,1194
3,71,1173
3,72,1131
3,73,1117
3,74,1107
3,75,1076
3,76,1053
3,77,1060
3,78,1117
3,79,1121
3,80,1112
3,81,1110
3,82,1164
3,83,1119
3,84,1104
3,85,1156
3,86,1123
3,87,1146
3,88,1119
3,89,1158
3,90,1141
4,1,1256
4,2,1265
4,3,1244
4,4,1228
4,5,1247
4,6,1335
4,7,1267
4,8,1243
4,9,1173
4,10,1147
4,11,1106
4,12,1124
4,13,1176
4,14,1165
4,15,1141
4,16,1202
4,17,1185
4,18,1061
4,19,1070
4,20,1092
4,21,1102
4,22,1104
4,23,1093
4,24,1140
4,25,1063
4,26,1114
4,27,1120
4,28,1111
4,29,1150
4,30,1094
4,31,1235
4,32,1195
4,33,1155
4,34,1190
4,35,1224
4,36,1163
4,37,1159
4,38,1130
4,39,1149
4,40,1133
4,41,1108
4,42,1209
4,43,1245
4,44,1225
4,45,1237
4,46,1237
4,47,1157
4,48,1111
4,49,1112
4,50,1109
4,51,1110
4,52,1143
4,53,1104
4,54,1060
4,55,1088
4,56,1160
4,57,1108
4,58,1126
4,59,1151
4,60,1100
4,61,1094
4,62,1082
4,63,1107
4,64,1136
4,65,1226
4,66,1271
4,67,1218
4,68,1129
4,69,1171
4,70,1196
4,71,1174
4,72,1135
4,73,1110
4,74,1096
4,75,1060
4,76,1034
4,77,1060
4,78,1115
4,79,1115
4,80,1109
4,81,1102
4,82,1158
4,83,1095
4,84,1101
4,85,1149
4,86,1121
4,87,1142
4,88,1114
4,89,1147
4,90,1130
5,1,1293
5,2,1297
5,3,1249
5,4,1215
5,5,1271
5,6,1370
5,7,1302
5,8,1283
5,9,1200
5,10,1156
5,11,1111
5,12,1156
5,13,1215
5,14,1185
5,15,1178
5,16,1239
5,17,1195
5,18,1057
5,19,1092
5,20,1117
5,21,1133
5,22,1125
5,23,1112
5,24,1133
5,25,1071
5,26,1145
5,27,1151
5,28,1143
5,29,1186
5,30,1122
5,31,1274
5,32,1204
5,33,1138
5,34,1217
5,35,1262
5,36,1197
5,37,1188
5,38,1165
5,39,1155
5,40,1139
5,41,1149
5,42,1249
5,43,1281
5,44,1259
5,45,1272
5,46,1242
5,47,1165
5,48,1138
5,49,1146
5,50,1130
5,51,1129
5,52,1173
5,53,1105
5,54,1058
5,55,1123
5,56,1193
5,57,1134
5,58,1151
5,59,1180
5,60,1106
5,61,1101
5,62,1074
5,63,1143
5,64,1172
5,65,1268
5,66,1301
5,67,1256
5,68,1133
5,69,1175
5,70,1243
5,71,1208
5,72,1178
5,73,1138
5,74,1123
5,75,1062
5,76,1030
5,77,1095
5,78,1142
5,79,1142
5,80,1135
5,81,1133
5,82,1168
5,83,1101
5,84,1135
5,85,1180
5,86,1158
5,87,1178
5,88,1146
5,89,1156
5,90,1135
6,1,1422
6,2,1420
6,3,1288
6,4,1230
6,5,1404
6,6,1494
6,7,1438
6,8,1420
6,9,1303
6,10,1202
6,11,1138
6,12,1299
6,13,1348
6,14,1303
6,15,1310
6,16,1367
6,17,1242
6,18,1079
6,19,1182
6,20,1216
6,21,1246
6,22,1236
6,23,1212
6,24,1177
6,25,1097
6,26,1283
6,27,1275
6,28,1279
6,29,1301
6,30,1231
6,31,1389
6,32,1258
6,33,1151
6,34,1344
6,35,1396
6,36,1331
6,37,1321
6,38,1276
6,39,1204
6,40,1170
6,41,1289
6,42,1388
6,43,1416
6,44,1393
6,45,1403
6,46,1292
6,47,1196
6,48,1218
6,49,1255
6,50,1227
6,51,1235
6,52,1280
6,53,1149
6,54,1080
6,55,1260
6,56,1319
6,57,1254
6,58,1280
6,59,1298
6,60,1140
6,61,1129
6,62,1089
6,63,1284
6,64,1295
6,65,1404
6,66,1445
6,67,1398
6,68,1170
6,69,1201
6,70,1387
6,71,1350
6,72,1320
6,73,1272
6,74,1216
6,75,1103
6,76,1054
6,77,1193
6,78,1261
6,79,1263
6,80,1249
6,81,1235
6,82,1210
6,83,1128
6,84,1272
6,85,1309
6,86,1296
6,87,1306
6,88,1276
6,89,1189
6,90,1154
7,1,1672
7,2,1665
7,3,1381
7,4,1262
7,5,1674
7,6,1755
7,7,1690
7,8,1664
7,9,1471
7,10,1287
7,11,1191
7,12,1554
7,13,1627
7,14,1562
7,15,1574
7,16,1603
7,17,1312
7,18,1110
7,19,1316
7,20,1377
7,21,1415
7,22,1406
7,23,1392
7,24,1250
7,25,1130
7,26,1532
7,27,1521
7,28,1534
7,29,1525
7,30,1451
7,31,1629
7,32,1351
7,33,1201
7,34,1607
7,35,1639
7,36,1582
7,37,1566
7,38,1535
7,39,1283
7,40,1200
7,41,1536
7,42,1637
7,43,1660
7,44,1633
7,45,1631
7,46,1361
7,47,1232
7,48,1354
7,49,1430
7,50,1393
7,51,1410
7,52,1437
7,53,1215
7,54,1112
7,55,1507
7,56,1542
7,57,1497
7,58,1529
7,59,1522
7,60,1219
7,61,1220
7,62,1120
7,63,1543
7,64,1569
7,65,1666
7,66,1695
7,67,1642
7,68,1262
7,69,1255
7,70,1638
7,71,1593
7,72,1556
7,73,1504
7,74,1374
7,75,1179
7,76,1088
7,77,1331
7,78,1441
7,79,1438
7,80,1411
7,81,1397
7,82,1271
7,83,1160
7,84,1519
7,85,1529
7,86,1531
7,87,1537
7,88,1504
7,89,1260
7,90,1186
8,1,1855
8,2,1847
8,3,1532
8,4,1321
8,5,1877
8,6,1915
8,7,1858
8,8,1823
8,9,1634
8,10,1431
8,11,1306
8,12,1738
8,13,1819
8,14,1766
8,15,1774
8,16,1782
8,17,1433
8,18,1214
8,19,1495
8,20,1564
8,21,1602
8,22,1585
8,23,1590
8,24,1385
8,25,1233
8,26,1752
8,27,1719
8,28,1740
8,29,1689
8,30,1634
8,31,1799
8,32,1519
8,33,1260
8,34,1792
8,35,1797
8,36,1754
8,37,1732
8,38,1729
8,39,1414
8,40,1300
8,41,1715
8,42,1809
8,43,1826
8,44,1792
8,45,1802
8,46,1488
8,47,1323
8,48,1502
8,49,1611
8,50,1586
8,51,1591
8,52,1605
8,53,1350
8,54,1209
8,55,1683
8,56,1706
8,57,1704
8,58,1716
8,59,1697
8,60,1373
8,61,1367
8,62,1194
8,63,1706
8,64,1753
8,65,1820
8,66,1839
8,67,1796
8,68,1408
8,69,1352
8,70,1790
8,71,1754
8,72,1713
8,73,1689
8,74,1542
8,75,1322
8,76,1210
8,77,1497
8,78,1628
8,79,1616
8,80,1589
8,81,1572
8,82,1406
8,83,1258
8,84,1715
8,85,1693
8,86,1705
8,87,1703
8,88,1677
8,89,1406
8,90,1284
9,1,1916
9,2,1904
9,3,1687
9,4,1436
9,5,1945
9,6,1942
9,7,1875
9,8,1842
9,9,1729
9,10,1555
9,11,1444
9,12,1808
9,13,1881
9,14,1823
9,15,1839
9,16,1820
9,17,1557
9,18,1339
9,19,1608
9,20,1664
9,21,1697
9,22,1692
9,23,1720
9,24,1519
9,25,1357
9,26,1836
9,27,1778
9,28,1802
9,29,1729
9,30,1699
9,31,1839
9,32,1698
9,33,1373
9,34,1847
9,35,1822
9,36,1791
9,37,1774
9,38,1796
9,39,1546
9,40,1415
9,41,1775
9,42,1844
9,43,1849
9,44,1816
9,45,1836
9,46,1596
9,47,1427
9,48,1623
9,49,1700
9,50,1691
9,51,1701
9,52,1692
9,53,1508
9,54,1362
9,55,1733
9,56,1745
9,57,1778
9,58,1775
9,59,1751
9,60,1530
9,61,1526
9,62,1317
9,63,1753
9,64,1808
9,65,1866
9,66,1865
9,67,1821
9,68,1569
9,69,1494
9,70,1817
9,71,1776
9,72,1749
9,73,1744
9,74,1643
9,75,1481
9,76,1357
9,77,1618
9,78,1722
9,79,1712
9,80,1678
9,81,1675
9,82,1531
9,83,1405
9,84,1786
9,85,1731
9,86,1751
9,87,1738
9,88,1731
9,89,1535
9,90,1403
10,1,1950
10,2,1922
10,3,1785
10,4,1550
10,5,1968
10,6,1937
10,7,1872
10,8,1836
10,9,1777
10,10,1636
10,11,1551
10,12,1822
10,13,1908
10,14,1844
10,15,1872
10,16,1842
10,17,1622
10,18,1438
10,19,1684
10,20,1727
10,21,1735
10,22,1749
10,23,1806
10,24,1592
10,25,1455
10,26,1875
10,27,1805
10,28,1810
10,29,1750
10,30,1736
10,31,1848
10,32,1826
10,33,1491
10,34,1855
10,35,1821
10,36,1803
10,37,1785
10,38,1829
10,39,1625
10,40,1510
10,41,1796
10,42,1851
10,43,1847
10,44,1816
10,45,1848
10,46,1664
10,47,1505
10,48,1692
10,49,1751
10,50,1762
10,51,1757
10,52,1740
10,53,1616
10,54,1502
10,55,1770
10,56,1758
10,57,1817
10,58,1797
10,59,1777
10,60,1636
10,61,1608
10,62,1432
10,63,1759
10,64,1835
10,65,1889
10,66,1860
10,67,1827
10,68,1694
10,69,1601
10,70,1812
10,71,1776
10,72,1763
10,73,1768
10,74,1698
10,75,1580
10,76,1449
10,77,1707
10,78,1765
10,79,1747
10,80,1733
10,81,1730
10,82,1600
10,83,1529
10,84,1821
10,85,1750
10,86,1762
10,87,1757
10,88,1754
10,89,1602
10,90,1485
11,1,1964
11,2,1928
11,3,1819
11,4,1646
11,5,1987
11,6,1925
11,7,1870
11,8,1829
11,9,1785
11,10,1654
11,11,1611
11,12,1823
11,13,1920
11,14,1846
11,15,1878
11,16,1839
11,17,1635
11,18,1481
11,19,1720
11,20,1750
11,21,1748
11,22,1783
11,23,1853
11,24,1613
11,25,1499
11,26,1902
11,27,1819
11,28,1807
11,29,1767
11,30,1766
11,31,1849
11,32,1886
11,33,1574
11,34,1866
11,35,1817
11,36,1804
11,37,1793
11,38,1847
11,39,1653
11,40,1544
11,41,1808
11,42,1850
11,43,1847
11,44,1828
11,45,1835
11,46,1680
11,47,1533
11,48,1729
11,49,1773
11,50,1817
11,51,1783
11,52,1755
11,53,1668
11,54,1597
11,55,1796
11,56,1764
11,57,1845
11,58,1808
11,59,1786
11,60,1681
11,61,1642
11,62,1502
11,63,1770
11,64,1848
11,65,1923
11,66,1854
11,67,1816
11,68,1754
11,69,1646
11,70,1811
11,71,1779
11,72,1769
11,73,1782
11,74,1726
11,75,1620
11,76,1488
11,77,1747
11,78,1784
11,79,1759
11,80,1753
11,81,1749
11,82,1610
11,83,1600
11,84,1843
11,85,1765
11,86,1762
11,87,1761
11,88,1760
11,89,1617
11,90,1525
12,1,1968
12,2,1924
12,3,1827
12,4,1704
12,5,1990
12,6,1900
12,7,1868
12,8,1809
12,9,1770
12,10,1622
12,11,1624
12,12,1816
12,13,1925
12,14,1863
12,15,1866
12,16,1815
12,17,1612
12,18,1495
12,19,1722
12,20,1755
12,21,1745
12,22,1796
12,23,1860
12,24,1602
12,25,1516
12,26,1905
12,27,1816
12,28,1787
12,29,1753
12,30,1781
12,31,1826
12,32,1896
12,33,1640
12,34,1854
12,35,1802
12,36,1798
12,37,1789
12,38,1839
12,39,1638
12,40,1557
12,41,1803
12,42,1837
12,43,1833
12,44,1816
12,45,1817
12,46,1658
12,47,1533
12,48,1727
12,49,1779
12,50,1844
12,51,1782
12,52,1747
12,53,1677
12,54,1654
12,55,1799
12,56,1765
12,57,1853
12,58,1804
12,59,1773
12,60,1698
12,61,1630
12,62,1535
12,63,1771
12,64,1844
12,65,1950
12,66,1838
12,67,1786
12,68,1773
12,69,1651
12,70,1792
12,71,1771
12,72,1763
12,73,1785
12,74,1710
12,75,1626
12,76,1497
12,77,1756
12,78,1780
12,79,1766
12,80,1756
12,81,1749
12,82,1608
12,83,1639
12,84,1850
12,85,1760
12,86,1757
12,87,1761
12,88,1756
12,89,1607
12,90,1545
13,1,1965
13,2,1918
13,3,1804
13,4,1713
13,5,1963
13,6,1871
13,7,1835
13,8,1783
13,9,1739
13,10,1594
13,11,1600
13,12,1786
13,13,1903
13,14,1846
13,15,1841
13,16,1787
13,17,1572
13,18,1476
13,19,1709
13,20,1739
13,21,1731
13,22,1780
13,23,1838
13,24,1555
13,25,1498
13,26,1882
13,27,1787
13,28,1754
13,29,1738
13,30,1781
13,31,1792
13,32,1864
13,33,1653
13,34,1832
13,35,1781
13,36,1773
13,37,1775
13,38,1810
13,39,1605
13,40,1537
13,41,1781
13,42,1811
13,43,1816
13,44,1795
13,45,1784
13,46,1627
13,47,1512
13,48,1707
13,49,1767
13,50,1851
13,51,1757
13,52,1727
13,53,1677
13,54,1644
13,55,1788
13,56,1758
13,57,1849
13,58,1780
13,59,1750
13,60,1695
13,61,1600
13,62,1534
13,63,1742
13,64,1823
13,65,1939
13,66,1810
13,67,1752
13,68,1776
13,69,1627
13,70,1768
13,71,1749
13,72,1742
13,73,1767
13,74,1708
13,75,1601
13,76,1474
13,77,1734
13,78,1765
13,79,1754
13,80,1738
13,81,1722
13,82,1588
13,83,1648
13,84,1845
13,85,1747
13,86,1734
13,87,1754
13,88,1731
13,89,1573
13,90,1537
14,1,1959
14,2,1909
14,3,1785
14,4,1682
14,5,1936
14,6,1845
14,7,1816
14,8,1766
14,9,1715
14,10,1562
14,11,1527
14,12,1772
14,13,1886
14,14,1837
14,15,1825
14,16,1755
14,17,1536
14,18,1449
14,19,1703
14,20,1733
14,21,1721
14,22,1790
14,23,1813
14,24,1509
14,25,1470
14,26,1858
14,27,1772
14,28,1743
14,29,1746
14,30,1788
14,31,1767
14,32,1829
14,33,1631
14,34,1815
14,35,1766
14,36,1770
14,37,1776
14,38,1793
14,39,1567
14,40,1511
14,41,1766
14,42,1799
14,43,1803
14,44,1785
14,45,1768
14,46,1577
14,47,1482
14,48,1691
14,49,1771
14,50,1862
14,51,1751
14,52,1719
14,53,1652
14,54,1597
14,55,1774
14,56,1744
14,57,1840
14,58,1769
14,59,1740
14,60,1689
14,61,1574
14,62,1507
14,63,1732
14,64,1810
14,65,1920
14,66,1796
14,67,1737
14,68,1751
14,69,1586
14,70,1751
14,71,1742
14,72,1739
14,73,1756
14,74,1696
14,75,1575
14,76,1415
14,77,1704
14,78,1757
14,79,1750
14,80,1734
14,81,1712
14,82,1567
14,83,1642
14,84,1832
14,85,1747
14,86,1728
14,87,1758
14,88,1723
14,89,1544
14,90,1512
15,1,1947
15,2,1873
15,3,1761
15,4,1635
15,5,1886
15,6,1803
15,7,1780
15,8,1734
15,9,1683
15,10,1524
15,11,1439
15,12,1738
15,13,1857
15,14,1819
15,15,1780
15,16,1722
15,17,1494
15,18,1415
15,19,1688
15,20,1711
15,21,1696
15,22,1767
15,23,1780
15,24,1481
15,25,1442
15,26,1829
15,27,1748
15,28,1716
15,29,1721
15,30,1765
15,31,1734
15,32,1788
15,33,1607
15,34,1787
15,35,1739
15,36,1742
15,37,1753
15,38,1757
15,39,1529
15,40,1479
15,41,1735
15,42,1776
15,43,1772
15,44,1752
15,45,1735
15,46,1532
15,47,1448
15,48,1664
15,49,1756
15,50,1857
15,51,1729
15,52,1687
15,53,1610
15,54,1550
15,55,1749
15,56,1725
15,57,1830
15,58,1747
15,59,1708
15,60,1677
15,61,1545
15,62,1470
15,63,1704
15,64,1786
15,65,1888
15,66,1757
15,67,1717
15,68,1728
15,69,1543
15,70,1714
15,71,1716
15,72,1712
15,73,1731
15,74,1666
15,75,1550
15,76,1352
15,77,1665
15,78,1731
15,79,1725
15,80,1716
15,81,1676
15,82,1548
15,83,1616
15,84,1803
15,85,1720
15,86,1701
15,87,1736
15,88,1694
15,89,1507
15,90,1480
16,1,1972
16,2,1883
16,3,1760
16,4,1615
16,5,1847
16,6,1778
16,7,1765
16,8,1712
16,9,1650
16,10,1503
16,11,1401
16,12,1723
16,13,1865
16,14,1806
16,15,1755
16,16,1689
16,17,1472
16,18,1399
16,19,1678
16,20,1693
16,21,1668
16,22,1756
16,23,1748
16,24,1460
16,25,1439
16,26,1824
16,27,1729
16,28,1697
16,29,1706
16,30,1742
16,31,1702
16,32,1756
16,33,1586
16,34,1763
16,35,1714
16,36,1724
16,37,1737
16,38,1717
16,39,1508
16,40,1465
16,41,1722
16,42,1763
16,43,1741
16,44,1733
16,45,1691
16,46,1497
16,47,1439
16,48,1654
16,49,1735
16,50,1834
16,51,1693
16,52,1644
16,53,1596
16,54,1521
16,55,1736
16,56,1702
16,57,1832
16,58,1739
16,59,1679
16,60,1654
16,61,1545
16,62,1452
16,63,1701
16,64,1777
16,65,1869
16,66,1735
16,67,1727
16,68,1706
16,69,1517
16,70,1692
16,71,1702
16,72,1688
16,73,1712
16,74,1631
16,75,1532
16,76,1324
16,77,1637
16,78,1705
16,79,1704
16,80,1687
16,81,1646
16,82,1540
16,83,1611
16,84,1791
16,85,1699
16,86,1683
16,87,1715
16,88,1664
16,89,1488
16,90,1471
17,1,2025
17,2,1915
17,3,1790
17,4,1663
17,5,1867
17,6,1772
17,7,1760
17,8,1721
17,9,1649
17,10,1502
17,11,1373
17,12,1741
17,13,1899
17,14,1845
17,15,1744
17,16,1662
17,17,1479
17,18,1422
17,19,1674
17,20,1689
17,21,1655
17,22,1746
17,23,1724
17,24,1446
17,25,1483
17,26,1853
17,27,1723
17,28,1687
17,29,1694
17,30,1713
17,31,1698
17,32,1753
17,33,1599
17,34,1752
17,35,1693
17,36,1715
17,37,1723
17,38,1692
17,39,1509
17,40,1483
17,41,1722
17,42,1785
17,43,1733
17,44,1722
17,45,1671
17,46,1495
17,47,1453
17,48,1651
17,49,1722
17,50,1821
17,51,1680
17,52,1622
17,53,1610
17,54,1526
17,55,1756
17,56,1696
17,57,1868
17,58,1737
17,59,1656
17,60,1674
17,61,1642
17,62,1470
17,63,1734
17,64,1793
17,65,1874
17,66,1748
17,67,1742
17,68,1707
17,69,1522
17,70,1683
17,71,1689
17,72,1681
17,73,1698
17,74,1619
17,75,1536
17,76,1309
17,77,1632
17,78,1707
17,79,1694
17,80,1671
17,81,1624
17,82,1564
17,83,1635
17,84,1807
17,85,1694
17,86,1671
17,87,1692
17,88,1643
17,89,1492
17,90,1483
18,1,2100
18,2,1979
18,3,1860
18,4,1740
18,5,1896
18,6,1789
18,7,1790
18,8,1770
18,9,1643
18,10,1536
18,11,1414
18,12,1808
18,13,1951
18,14,1900
18,15,1759
18,16,1647
18,17,1507
18,18,1455
18,19,1679
18,20,1681
18,21,1655
18,22,1730
18,23,1719
18,24,1467
18,25,1565
18,26,1896
18,27,1725
18,28,1686
18,29,1683
18,30,1676
18,31,1742
18,32,1806
18,33,1654
18,34,1777
18,35,1717
18,36,1727
18,37,1744
18,38,1677
18,39,1533
18,40,1521
18,41,1754
18,42,1846
18,43,1744
18,44,1739
18,45,1663
18,46,1518
18,47,1483
18,48,1662
18,49,1721
18,50,1805
18,51,1679
18,52,1611
18,53,1635
18,54,1557
18,55,1785
18,56,1701
18,57,1905
18,58,1748
18,59,1643
18,60,1707
18,61,1725
18,62,1509
18,63,1814
18,64,1827
18,65,1922
18,66,1769
18,67,1799
18,68,1716
18,69,1565
18,70,1707
18,71,1708
18,72,1688
18,73,1717
18,74,1637
18,75,1550
18,76,1319
18,77,1653
18,78,1724
18,79,1689
18,80,1663
18,81,1616
18,82,1629
18,83,1680
18,84,1839
18,85,1726
18,86,1681
18,87,1683
18,88,1628
18,89,1511
18,90,1522
19,1,2173
19,2,2062
19,3,1950
19,4,1813
19,5,1931
19,6,1832
19,7,1818
19,8,1851
19,9,1654
19,10,1574
19,11,1493
19,12,1872
19,13,1993
19,14,1921
19,15,1778
19,16,1653
19,17,1541
19,18,1500
19,19,1687
19,20,1678
19,21,1663
19,22,1734
19,23,1729
19,24,1481
19,25,1623
19,26,1914
19,27,1741
19,28,1688
19,29,1684
19,30,1657
19,31,1905
19,32,1906
19,33,1727
19,34,1844
19,35,1754
19,36,1752
19,37,1801
19,38,1700
19,39,1560
19,40,1563
19,41,1802
19,42,1909
19,43,1777
19,44,1774
19,45,1682
19,46,1544
19,47,1509
19,48,1668
19,49,1722
19,50,1795
19,51,1682
19,52,1651
19,53,1646
19,54,1579
19,55,1807
19,56,1705
19,57,1915
19,58,1748
19,59,1645
19,60,1741
19,61,1786
19,62,1563
19,63,1887
19,64,1856
19,65,1985
19,66,1795
19,67,1822
19,68,1750
19,69,1618
19,70,1746
19,71,1727
19,72,1732
19,73,1732
19,74,1669
19,75,1566
19,76,1353
19,77,1730
19,78,1747
19,79,1687
19,80,1670
19,81,1637
19,82,1679
19,83,1728
19,84,1863
19,85,1797
19,86,1694
19,87,1685
19,88,1628
19,89,1530
19,90,1552
20,1,2148
20,2,2045
20,3,1943
20,4,1915
20,5,2069
20,6,1969
20,7,1947
20,8,1935
20,9,1739
20,10,1690
20,11,1649
20,12,1984
20,13,2030
20,14,1948
20,15,1884
20,16,1753
20,17,1644
20,18,1596
20,19,1779
20,20,1750
20,21,1755
20,22,1795
20,23,1800
20,24,1553
20,25,1714
20,26,1946
20,27,1809
20,28,1764
20,29,1755
20,30,1692
20,31,1919
20,32,1876
20,33,1863
20,34,1971
20,35,1902
20,36,1888
20,37,1922
20,38,1797
20,39,1666
20,40,1693
20,41,1923
20,42,2009
20,43,1895
20,44,1896
20,45,1783
20,46,1641
20,47,1606
20,48,1756
20,49,1798
20,50,1867
20,51,1761
20,52,1759
20,53,1689
20,54,1662
20,55,1872
20,56,1793
20,57,1934
20,58,1827
20,59,1700
20,60,1757
20,61,1765
20,62,1725
20,63,1959
20,64,1982
20,65,2056
20,66,1921
20,67,1864
20,68,1811
20,69,1759
20,70,1872
20,71,1845
20,72,1856
20,73,1809
20,74,1761
20,75,1650
20,76,1484
20,77,1834
20,78,1826
20,79,1765
20,80,1748
20,81,1718
20,82,1732
20,83,1793
20,84,1929
20,85,1886
20,86,1775
20,87,1758
20,88,1689
20,89,1587
20,90,1631
21,1,2042
21,2,1962
21,3,1869
21,4,1882
21,5,2084
21,6,1991
21,7,1973
21,8,1907
21,9,1785
21,10,1744
21,11,1705
21,12,1953
21,13,1975
21,14,1916
21,15,1927
21,16,1828
21,17,1683
21,18,1640
21,19,1816
21,20,1801
21,21,1814
21,22,1835
21,23,1808
21,24,1635
21,25,1740
21,26,1899
21,27,1857
21,28,1857
21,29,1849
21,30,1783
21,31,1860
21,32,1788
21,33,1864
21,34,1986
21,35,1927
21,36,1913
21,37,1920
21,38,1829
21,39,1721
21,40,1758
21,41,1950
21,42,1999
21,43,1949
21,44,1948
21,45,1854
21,46,1708
21,47,1675
21,48,1815
21,49,1857
21,50,1914
21,51,1828
21,52,1786
21,53,1708
21,54,1743
21,55,1920
21,56,1871
21,57,1916
21,58,1906
21,59,1788
21,60,1745
21,61,1684
21,62,1761
21,63,1908
21,64,1975
21,65,2033
21,66,1945
21,67,1835
21,68,1795
21,69,1822
21,70,1911
21,71,1881
21,72,1875
21,73,1845
21,74,1750
21,75,1714
21,76,1576
21,77,1810
21,78,1831
21,79,1838
21,80,1808
21,81,1782
21,82,1725
21,83,1769
21,84,1914
21,85,1862
21,86,1879
21,87,1854
21,88,1785
21,89,1682
21,90,1736
22,1,1880
22,2,1844
22,3,1758
22,4,1752
22,5,1956
22,6,1871
22,7,1841
22,8,1789
22,9,1700
22,10,1667
22,11,1605
22,12,1802
22,13,1818
22,14,1769
22,15,1810
22,16,1739
22,17,1596
22,18,1542
22,19,1687
22,20,1685
22,21,1699
22,22,1730
22,23,1711
22,24,1566
22,25,1605
22,26,1748
22,27,1731
22,28,1755
22,29,1740
22,30,1696
22,31,1747
22,32,1669
22,33,1736
22,34,1850
22,35,1798
22,36,1783
22,37,1783
22,38,1738
22,39,1637
22,40,1617
22,41,1804
22,42,1856
22,43,1825
22,44,1832
22,45,1762
22,46,1637
22,47,1567
22,48,1685
22,49,1728
22,50,1778
22,51,1715
22,52,1691
22,53,1621
22,54,1620
22,55,1776
22,56,1748
22,57,1767
22,58,1774
22,59,1700
22,60,1655
22,61,1583
22,62,1626
22,63,1763
22,64,1843
22,65,1893
22,66,1820
22,67,1733
22,68,1708
22,69,1696
22,70,1768
22,71,1749
22,72,1736
22,73,1726
22,74,1649
22,75,1636
22,76,1496
22,77,1673
22,78,1706
22,79,1724
22,80,1696
22,81,1700
22,82,1620
22,83,1626
22,84,1765
22,85,1718
22,86,1764
22,87,1741
22,88,1710
22,89,1621
22,90,1618
23,1,1672
23,2,1661
23,3,1618
23,4,1587
23,5,1753
23,6,1674
23,7,1641
23,8,1600
23,9,1547
23,10,1535
23,11,1444
23,12,1585
23,13,1606
23,14,1556
23,15,1612
23,16,1591
23,17,1448
23,18,1393
23,19,1512
23,20,1484
23,21,1514
23,22,1531
23,23,1557
23,24,1434
23,25,1438
23,26,1533
23,27,1521
23,28,1544
23,29,1524
23,30,1522
23,31,1577
23,32,1541
23,33,1563
23,34,1640
23,35,1583
23,36,1566
23,37,1569
23,38,1576
23,39,1500
23,40,1438
23,41,1591
23,42,1637
23,43,1616
23,44,1631
23,45,1602
23,46,1497
23,47,1406
23,48,1484
23,49,1524
23,50,1558
23,51,1538
23,52,1520
23,53,1471
23,54,1443
23,55,1560
23,56,1532
23,57,1548
23,58,1571
23,59,1535
23,60,1511
23,61,1433
23,62,1452
23,63,1547
23,64,1625
23,65,1679
23,66,1614
23,67,1563
23,68,1566
23,69,1517
23,70,1551
23,71,1532
23,72,1526
23,73,1530
23,74,1484
23,75,1480
23,76,1363
23,77,1486
23,78,1514
23,79,1522
23,80,1500
23,81,1545
23,82,1479
23,83,1450
23,84,1544
23,85,1501
23,86,1547
23,87,1522
23,88,1546
23,89,1488
23,90,1439
24,1,1480
24,2,1491
24,3,1462
24,4,1424
24,5,1571
24,6,1486
24,7,1444
24,8,1411
24,9,1373
24,10,1370
24,11,1292
24,12,1404
24,13,1395
24,14,1363
24,15,1428
24,16,1417
24,17,1292
24,18,1266
24,19,1317
24,20,1308
24,21,1326
24,22,1345
24,23,1381
24,24,1285
24,25,1283
24,26,1341
24,27,1335
24,28,1360
24,29,1327
24,30,1338
24,31,1414
24,32,1380
24,33,1389
24,34,1444
24,35,1388
24,36,1368
24,37,1367
24,38,1400
24,39,1350
24,40,1272
24,41,1395
24,42,1444
24,43,1423
24,44,1438
24,45,1430
24,46,1360
24,47,1267
24,48,1312
24,49,1336
24,50,1351
24,51,1355
24,52,1345
24,53,1314
24,54,1273
24,55,1365
24,56,1334
24,57,1347
24,58,1374
24,59,1355
24,60,1341
24,61,1286
24,62,1284
24,63,1353
24,64,1427
24,65,1477
24,66,1426
24,67,1394
24,68,1413
24,69,1352
24,70,1363
24,71,1348
24,72,1333
24,73,1335
24,74,1311
24,75,1311
24,76,1230
24,77,1316
24,78,1336
24,79,1331
24,80,1319
24,81,1381
24,82,1332
24,83,1280
24,84,1345
24,85,1296
24,86,1343
24,87,1329
24,88,1373
24,89,1349
24,90,1284
25,1,1360
25,2,1365
25,3,1328
25,4,1305
25,5,1427
25,6,1348
25,7,1320
25,8,1272
25,9,1246
25,10,1235
25,11,1184
25,12,1277
25,13,1275
25,14,1236
25,15,1295
25,16,1293
25,17,1179
25,18,1147
25,19,1193
25,20,1192
25,21,1206
25,22,1217
25,23,1251
25,24,1173
25,25,1179
25,26,1221
25,27,1210
25,28,1232
25,29,1206
25,30,1196
25,31,1308
25,32,1267
25,33,1276
25,34,1315
25,35,1259
25,36,1246
25,37,1244
25,38,1270
25,39,1240
25,40,1174
25,41,1280
25,42,1328
25,43,1306
25,44,1323
25,45,1328
25,46,1254
25,47,1178
25,48,1194
25,49,1212
25,50,1216
25,51,1239
25,52,1216
25,53,1192
25,54,1166
25,55,1245
25,56,1209
25,57,1225
25,58,1242
25,59,1225
25,60,1210
25,61,1176
25,62,1172
25,63,1225
25,64,1313
25,65,1361
25,66,1314
25,67,1263
25,68,1288
25,69,1258
25,70,1250
25,71,1212
25,72,1211
25,73,1211
25,74,1192
25,75,1174
25,76,1131
25,77,1207
25,78,1212
25,79,1213
25,80,1200
25,81,1266
25,82,1221
25,83,1181
25,84,1241
25,85,1200
25,86,1229
25,87,1205
25,88,1254
25,89,1235
25,90,1178
26,1,1297
26,2,1302
26,3,1233
26,4,1262
26,5,1381
26,6,1290
26,7,1268
26,8,1209
26,9,1184
26,10,1156
26,11,1136
26,12,1214
26,13,1198
26,14,1172
26,15,1233
26,16,1229
26,17,1106
26,18,1099
26,19,1136
26,20,1132
26,21,1142
26,22,1146
26,23,1183
26,24,1107
26,25,1132
26,26,1158
26,27,1143
26,28,1175
26,29,1138
26,30,1126
26,31,1237
26,32,1174
26,33,1216
26,34,1257
26,35,1199
26,36,1184
26,37,1170
26,38,1200
26,39,1175
26,40,1123
26,41,1227
26,42,1271
26,43,1249
26,44,1263
26,45,1273
26,46,1194
26,47,1126
26,48,1139
26,49,1149
26,50,1152
26,51,1174
26,52,1156
26,53,1118
26,54,1120
26,55,1186
26,56,1146
26,57,1161
26,58,1182
26,59,1152
26,60,1143
26,61,1140
26,62,1120
26,63,1169
26,64,1254
26,65,1298
26,66,1252
26,67,1185
26,68,1217
26,69,1213
26,70,1199
26,71,1159
26,72,1142
26,73,1140
26,74,1119
26,75,1098
26,76,1084
26,77,1146
26,78,1153
26,79,1145
26,80,1145
26,81,1197
26,82,1156
26,83,1126
26,84,1184
26,85,1144
26,86,1169
26,87,1142
26,88,1191
26,89,1175
26,90,1129
27,1,1270
27,2,1262
27,3,1265
27,4,1238
27,5,1342
27,6,1268
27,7,1246
27,8,1177
27,9,1155
27,10,1119
27,11,1122
27,12,1179
27,13,1172
27,14,1147
27,15,1206
27,16,1195
27,17,1071
27,18,1072
27,19,1107
27,20,1107
27,21,1111
27,22,1109
27,23,1146
27,24,1073
27,25,1111
27,26,1131
27,27,1114
27,28,1151
27,29,1107
27,30,1080
27,31,1208
27,32,1198
27,33,1192
27,34,1230
27,35,1168
27,36,1162
27,37,1141
27,38,1161
27,39,1145
27,40,1106
27,41,1208
27,42,1247
27,43,1228
27,44,1242
27,45,1243
27,46,1167
27,47,1110
27,48,1118
27,49,1118
27,50,1118
27,51,1149
27,52,1119
27,53,1080
27,54,1085
27,55,1165
27,56,1116
27,57,1132
27,58,1153
27,59,1102
27,60,1093
27,61,1113
27,62,1100
27,63,1141
27,64,1226
27,65,1272
27,66,1225
27,67,1145
27,68,1185
27,69,1194
27,70,1173
27,71,1131
27,72,1117
27,73,1107
27,74,1076
27,75,1053
27,76,1060
27,77,1117
27,78,1121
27,79,1112
27,80,1110
27,81,1164
27,82,1119
27,83,1104
27,84,1156
27,85,1123
27,86,1146
27,87,1119
27,88,1158
27,89,1141
27,90,1112
28,1,1265
28,2,1244
28,3,1228
28,4,1247
28,5,1335
28,6,1267
28,7,1243
28,8,1173
28,9,1147
28,10,1106
28,11,1124
28,12,1176
28,13,1165
28,14,1141
28,15,1202
28,16,1185
28,17,1061
28,18,1070
28,19,1092
28,20,1102
28,21,1104
28,22,1093
28,23,1140
28,24,1063
28,25,1114
28,26,1120
28,27,1111
28,28,1150
28,29,1094
28,30,1060
28,31,1195
28,32,1155
28,33,1190
28,34,1224
28,35,1163
28,36,1159
28,37,1130
28,38,1149
28,39,1133
28,40,1108
28,41,1209
28,42,1245
28,43,1225
28,44,1237
28,45,1237
28,46,1157
28,47,1111
28,48,1112
28,49,1109
28,50,1110
28,51,1143
28,52,1104
28,53,1060
28,54,1088
28,55,1160
28,56,1108
28,57,1126
28,58,1151
28,59,1100
28,60,1075
28,61,1082
28,62,1107
28,63,1136
28,64,1226
28,65,1271
28,66,1218
28,67,1129
28,68,1171
28,69,1196
28,70,1174
28,71,1135
28,72,1110
28,73,1096
28,74,1060
28,75,1034
28,76,1060
28,77,1115
28,78,1115
28,79,1109
28,80,1102
28,81,1158
28,82,1095
28,83,1101
28,84,1149
28,85,1121
28,86,1142
28,87,1114
28,88,1147
28,89,1130
28,90,1116
29,1,1297
29,2,1249
29,3,1215
29,4,1271
29,5,1370
29,6,1302
29,7,1283
29,8,1200
29,9,1156
29,10,1111
29,11,1156
29,12,1215
29,13,1185
29,14,1178
29,15,1239
29,16,1195
29,17,1057
29,18,1092
29,19,1117
29,20,1133
29,21,1125
29,22,1112
29,23,1133
29,24,1071
29,25,1145
29,26,1151
29,27,1143
29,28,1186
29,29,1122
29,30,1063
29,31,1204
29,32,1138
29,33,1217
29,34,1262
29,35,1197
29,36,1188
29,37,1165
29,38,1155
29,39,1139
29,40,1149
29,41,1249
29,42,1281
29,43,1259
29,44,1272
29,45,1242
29,46,1165
29,47,1138
29,48,1146
29,49,1130
29,50,1129
29,51,1173
29,52,1105
29,53,1058
29,54,1123
29,55,1193
29,56,1134
29,57,1151
29,58,1180
29,59,1106
29,60,1073
29,61,1074
29,62,1143
29,63,1172
29,64,1268
29,65,1301
29,66,1256
29,67,1133
29,68,1175
29,69,1243
29,70,1208
29,71,1178
29,72,1138
29,73,1123
29,74,1062
29,75,1030
29,76,1095
29,77,1142
29,78,1142
29,79,1135
29,80,1133
29,81,1168
29,82,1101
29,83,1135
29,84,1180
29,85,1158
29,86,1178
29,87,1146
29,88,1156
29,89,1135
29,90,1149
30,1,1420
30,2,1288
30,3,1230
30,4,1404
30,5,1494
30,6,1438
30,7,1420
30,8,1303
30,9,1202
30,10,1138
30,11,1299
30,12,1348
30,13,1303
30,14,1310
30,15,1367
30,16,1242
30,17,1079
30,18,1182
30,19,1216
30,20,1246
30,21,1236
30,22,1212
30,23,1177
30,24,1097
30,25,1283
30,26,1275
30,27,1279
30,28,1301
30,29,1231
30,30,1091
30,31,1258
30,32,1151
30,33,1344
30,34,1396
30,35,1331
30,36,1321
30,37,1276
30,38,1204
30,39,1170
30,40,1289
30,41,1388
30,42,1416
30,43,1393
30,44,1403
30,45,1292
30,46,1196
30,47,1218
30,48,1255
30,49,1227
30,50,1235
30,51,1280
30,52,1149
30,53,1080
30,54,1260
30,55,1319
30,56,1254
30,57,1280
30,58,1298
30,59,1140
30,60,1093
30,61,1089
30,62,1284
30,63,1295
30,64,1404
30,65,1445
30,66,1398
30,67,1170
30,68,1201
30,69,1387
30,70,1350
30,71,1320
30,72,1272
30,73,1216
30,74,1103
30,75,1054
30,76,1193
30,77,1261
30,78,1263
30,79,1249
30,80,1235
30,81,1210
30,82,1128
30,83,1272
30,84,1309
30,85,1296
30,86,1306
30,87,1276
30,88,1189
30,89,1154
30,90,1288
31,1,1665
31,2,1381
31,3,1262
31,4,1674
31,5,1755
31,6,1690
31,7,1664
31,8,1471
31,9,1287
31,10,1191
31,11,1554
31,12,1627
31,13,1562
31,14,1574
31,15,1603
31,16,1312
31,17,1110
31,18,1316
31,19,1377
31,20,1415
31,21,1406
31,22,1392
31,23,1250
31,24,1130
31,25,1532
31,26,1521
31,27,1534
31,28,1525
31,29,1451
31,30,1171
31,31,1351
31,32,1201
31,33,1607
31,34,1639
31,35,1582
31,36,1566
31,37,1535
31,38,1283
31,39,1200
31,40,1536
31,41,1637
31,42,1660
31,43,1633
31,44,1631
31,45,1361
31,46,1232
31,47,1354
31,48,1430
31,49,1393
31,50,1410
31,51,1437
31,52,1215
31,53,1112
31,54,1507
31,55,1542
31,56,1497
31,57,1529
31,58,1522
31,59,1219
31,60,1132
31,61,1120
31,62,1543
31,63,1569
31,64,1666
31,65,1695
31,66,1642
31,67,1262
31,68,1255
31,69,1638
31,70,1593
31,71,1556
31,72,1504
31,73,1374
31,74,1179
31,75,1088
31,76,1331
31,77,1441
31,78,1438
31,79,1411
31,80,1397
31,81,1271
31,82,1160
31,83,1519
31,84,1529
31,85,1531
31,86,1537
31,87,1504
31,88,1260
31,89,1186
31,90,1517
32,1,1847
32,2,1532
32,3,1321
32,4,1877
32,5,1915
32,6,1858
32,7,1823
32,8,1634
32,9,1431
32,10,1306
32,11,1738
32,12,1819
32,13,1766
32,14,1774
32,15,1782
32,16,1433
32,17,1214
32,18,1495
32,19,1564
32,20,1602
32,21,1585
32,22,1590
32,23,1385
32,24,1233
32,25,1752
32,26,1719
32,27,1740
32,28,1689
32,29,1634
32,30,1332
32,31,1519
32,32,1260
32,33,1792
32,34,1797
32,35,1754
32,36,1732
32,37,1729
32,38,1414
32,39,1300
32,40,1715
32,41,1809
32,42,1826
32,43,1792
32,44,1802
32,45,1488
32,46,1323
32,47,1502
32,48,1611
32,49,1586
32,50,1591
32,51,1605
32,52,1350
32,53,1209
32,54,1683
32,55,1706
32,56,1704
32,57,1716
32,58,1697
32,59,1373
32,60,1235
32,61,1194
32,62,1706
32,63,1753
32,64,1820
32,65,1839
32,66,1796
32,67,1408
32,68,1352
32,69,1790
32,70,1754
32,71,1713
32,72,1689
32,73,1542
32,74,1322
32,75,1210
32,76,1497
32,77,1628
32,78,1616
32,79,1589
32,80,1572
32,81,1406
32,82,1258
32,83,1715
32,84,1693
32,85,1705
32,86,1703
32,87,1677
32,88,1406
32,89,1284
32,90,1703
33,1,1904
33,2,1687
33,3,1436
33,4,1945
33,5,1942
33,6,1875
33,7,1842
33,8,1729
33,9,1555
33,10,1444
33,11,1808
33,12,1881
33,13,1823
33,14,1839
33,15,1820
33,16,1557
33,17,1339
33,18,1608
33,19,1664
33,20,1697
33,21,1692
33,22,1720
33,23,1519
33,24,1357
33,25,1836
33,26,1778
33,27,1802
33,28,1729
33,29,1699
33,30,1486
33,31,1698
33,32,1373
33,33,1847
33,34,1822
33,35,1791
33,36,1774
33,37,1796
33,38,1546
33,39,1415
33,40,1775
33,41,1844
33,42,1849
33,43,1816
33,44,1836
33,45,1596
33,46,1427
33,47,1623
33,48,1700
33,49,1691
33,50,1701
33,51,1692
33,52,1508
33,53,1362
33,54,1733
33,55,1745
33,56,1778
33,57,1775
33,58,1751
33,59,1530
33,60,1381
33,61,1317
33,62,1753
33,63,1808
33,64,1866
33,65,1865
33,66,1821
33,67,1569
33,68,1494
33,69,1817
33,70,1776
33,71,1749
33,72,1744
33,73,1643
33,74,1481
33,75,1357
33,76,1618
33,77,1722
33,78,1712
33,79,1678
33,80,1675
33,81,1531
33,82,1405
33,83,1786
33,84,1731
33,85,1751
33,86,1738
33,87,1731
33,88,1535
33,89,1403
33,90,1763
34,1,1922
34,2,1785
34,3,1550
34,4,1968
34,5,1937
34,6,1872
34,7,1836
34,8,1777
34,9,1636
34,10,1551
34,11,1822
34,12,1908
34,13,1844
34,14,1872
34,15,1842
34,16,1622
34,17,1438
34,18,1684
34,19,1727
34,20,1735
34,21,1749
34,22,1806
34,23,1592
34,24,1455
34,25,1875
34,26,1805
34,27,1810
34,28,1750
34,29,1736
34,30,1574
34,31,1826
34,32,1491
34,33,1855
34,34,1821
34,35,1803
34,36,1785
34,37,1829
34,38,1625
34,39,1510
34,40,1796
34,41,1851
34,42,1847
34,43,1816
34,44,1848
34,45,1664
34,46,1505
34,47,1692
34,48,1751
34,49,1762
34,50,1757
34,51,1740
34,52,1616
34,53,1502
34,54,1770
34,55,1758
34,56,1817
34,57,1797
34,58,1777
34,59,1636
34,60,1516
34,61,1432
34,62,1759
34,63,1835
34,64,1889
34,65,1860
34,66,1827
34,67,1694
34,68,1601
34,69,1812
34,70,1776
34,71,1763
34,72,1768
34,73,1698
34,74,1580
34,75,1449
34,76,1707
34,77,1765
34,78,1747
34,79,1733
34,80,1730
34,81,1600
34,82,1529
34,83,1821
34,84,1750
34,85,1762
34,86,1757
34,87,1754
34,88,1602
34,89,1485
34,90,1787
35,1,1928
35,2,1819
35,3,1646
35,4,1987
35,5,1925
35,6,1870
35,7,1829
35,8,1785
35,9,1654
35,10,1611
35,11,1823
35,12,1920
35,13,1846
35,14,1878
35,15,1839
35,16,1635
35,17,1481
35,18,1720
35,19,1750
35,20,1748
35,21,1783
35,22,1853
35,23,1613
35,24,1499
35,25,1902
35,26,1819
35,27,1807
35,28,1767
35,29,1766
35,30,1613
35,31,1886
35,32,1574
35,33,1866
35,34,1817
35,35,1804
35,36,1793
35,37,1847
35,38,1653
35,39,1544
35,40,1808
35,41,1850
35,42,1847
35,43,1828
35,44,1835
35,45,1680
35,46,1533
35,47,1729
35,48,1773
35,49,1817
35,50,1783
35,51,1755
35,52,1668
35,53,1597
35,54,1796
35,55,1764
35,56,1845
35,57,1808
35,58,1786
35,59,1681
35,60,1600
35,61,1502
35,62,1770
35,63,1848
35,64,1923
35,65,1854
35,66,1816
35,67,1754
35,68,1646
35,69,1811
35,70,1779
35,71,1769
35,72,1782
35,73,1726
35,74,1620
35,75,1488
35,76,1747
35,77,1784
35,78,1759
35,79,1753
35,80,1749
35,81,1610
35,82,1600
35,83,1843
35,84,1765
35,85,1762
35,86,1761
35,87,1760
35,88,1617
35,89,1525
35,90,1796
36,1,1924
36,2,1827
36,3,1704
36,4,1990
36,5,1900
36,6,1868
36,7,1809
36,8,1770
36,9,1622
36,10,1624
36,11,1816
36,12,1925
36,13,1863
36,14,1866
36,15,1815
36,16,1612
36,17,1495
36,18,1722
36,19,1755
36,20,1745
36,21,1796
36,22,1860
36,23,1602
36,24,1516
36,25,1905
36,26,1816
36,27,1787
36,28,1753
36,29,1781
36,30,1616
36,31,1896
36,32,1640
36,33,1854
36,34,1802
36,35,1798
36,36,1789
36,37,1839
36,38,1638
36,39,1557
36,40,1803
36,41,1837
36,42,1833
36,43,1816
36,44,1817
36,45,1658
36,46,1533
36,47,1727
36,48,1779
36,49,1844
36,50,1782
36,51,1747
36,52,1677
36,53,1654
36,54,1799
36,55,1765
36,56,1853
36,57,1804
36,58,1773
36,59,1698
36,60,1637
36,61,1535
36,62,1771
36,63,1844
36,64,1950
36,65,1838
36,66,1786
36,67,1773
36,68,1651
36,69,1792
36,70,1771
36,71,1763
36,72,1785
36,73,1710
36,74,1626
36,75,1497
36,76,1756
36,77,1780
36,78,1766
36,79,1756
36,80,1749
36,81,1608
36,82,1639
36,83,1850
36,84,1760
36,85,1757
36,86,1761
36,87,1756
36,88,1607
36,89,1545
36,90,1795
37,1,1918
37,2,1804
37,3,1713
37,4,1963
37,5,1871
37,6,1835
37,7,1783
37,8,1739
37,9,1594
37,10,1600
37,11,1786
37,12,1903
37,13,1846
37,14,1841
37,15,1787
37,16,1572
37,17,1476
37,18,1709
37,19,1739
37,20,1731
37,21,1780
37,22,1838
37,23,1555
37,24,1498
37,25,1882
37,26,1787
37,27,1754
37,28,1738
37,29,1781
37,30,1596
37,31,1864
37,32,1653
37,33,1832
37,34,1781
37,35,1773
37,36,1775
37,37,1810
37,38,1605
37,39,1537
37,40,1781
37,41,1811
37,42,1816
37,43,1795
37,44,1784
37,45,1627
37,46,1512
37,47,1707
37,48,1767
37,49,1851
37,50,1757
37,51,1727
37,52,1677
37,53,1644
37,54,1788
37,55,1758
37,56,1849
37,57,1780
37,58,1750
37,59,1695
37,60,1641
37,61,1534
37,62,1742
37,63,1823
37,64,1939
37,65,1810
37,66,1752
37,67,1776
37,68,1627
37,69,1768
37,70,1749
37,71,1742
37,72,1767
37,73,1708
37,74,1601
37,75,1474
37,76,1734
37,77,1765
37,78,1754
37,79,1738
37,80,1722
37,81,1588
37,82,1648
37,83,1845
37,84,1747
37,85,1734
37,86,1754
37,87,1731
37,88,1573
37,89,1537
37,90,1777
38,1,1909
38,2,1785
38,3,1682
38,4,1936
38,5,1845
38,6,1816
38,7,1766
38,8,1715
38,9,1562
38,10,1527
38,11,1772
38,12,1886
38,13,1837
38,14,1825
38,15,1755
38,16,1536
38,17,1449
38,18,1703
38,19,1733
38,20,1721
38,21,1790
38,22,1813
38,23,1509
38,24,1470
38,25,1858
38,26,1772
38,27,1743
38,28,1746
38,29,1788
38,30,1578
38,31,1829
38,32,1631
38,33,1815
38,34,1766
38,35,1770
38,36,1776
38,37,1793
38,38,1567
38,39,1511
38,40,1766
38,41,1799
38,42,1803
38,43,1785
38,44,1768
38,45,1577
38,46,1482
38,47,1691
38,48,1771
38,49,1862
38,50,1751
38,51,1719
38,52,1652
38,53,1597
38,54,1774
38,55,1744
38,56,1840
38,57,1769
38,58,1740
38,59,1689
38,60,1609
38,61,1507
38,62,1732
38,63,1810
38,64,1920
38,65,1796
38,66,1737
38,67,1751
38,68,1586
38,69,1751
38,70,1742
38,71,1739
38,72,1756
38,73,1696
38,74,1575
38,75,1415
38,76,1704
38,77,1757
38,78,1750
38,79,1734
38,80,1712
38,81,1567
38,82,1642
38,83,1832
38,84,1747
38,85,1728
38,86,1758
38,87,1723
38,88,1544
38,89,1512
38,90,1777
39,1,1873
39,2,1761
39,3,1635
39,4,1886
39,5,1803
39,6,1780
39,7,1734
39,8,1683
39,9,1524
39,10,1439
39,11,1738
39,12,1857
39,13,1819
39,14,1780
39,15,1722
39,16,1494
39,17,1415
39,18,1688
39,19,1711
39,20,1696
39,21,1767
39,22,1780
39,23,1481
39,24,1442
39,25,1829
39,26,1748
39,27,1716
39,28,1721
39,29,1765
39,30,1548
39,31,1788
39,32,1607
39,33,1787
39,34,1739
39,35,1742
39,36,1753
39,37,1757
39,38,1529
39,39,1479
39,40,1735
39,41,1776
39,42,1772
39,43,1752
39,44,1735
39,45,1532
39,46,1448
39,47,1664
39,48,1756
39,49,1857
39,50,1729
39,51,1687
39,52,1610
39,53,1550
39,54,1749
39,55,1725
39,56,1830
39,57,1747
39,58,1708
39,59,1677
39,60,1581
39,61,1470
39,62,1704
39,63,1786
39,64,1888
39,65,1757
39,66,1717
39,67,1728
39,68,1543
39,69,1714
39,70,1716
39,71,1712
39,72,1731
39,73,1666
39,74,1550
39,75,1352
39,76,1665
39,77,1731
39,78,1725
39,79,1716
39,80,1676
39,81,1548
39,82,1616
39,83,1803
39,84,1720
39,85,1701
39,86,1736
39,87,1694
39,88,1507
39,89,1480
39,90,1755
40,1,1883
40,2,1760
40,3,1615
40,4,1847
40,5,1778
40,6,1765
40,7,1712
40,8,1650
40,9,1503
40,10,1401
40,11,1723
40,12,1865
40,13,1806
40,14,1755
40,15,1689
40,16,1472
40,17,1399
40,18,1678
40,19,1693
40,20,1668
40,21,1756
40,22,1748
40,23,1460
40,24,1439
40,25,1824
40,26,1729
40,27,1697
40,28,1706
40,29,1742
40,30,1540
40,31,1756
40,32,1586
40,33,1763
40,34,1714
40,35,1724
40,36,1737
40,37,1717
40,38,1508
40,39,1465
40,40,1722
40,41,1763
40,42,1741
40,43,1733
40,44,1691
40,45,1497
40,46,1439
40,47,1654
40,48,1735
40,49,1834
40,50,1693
40,51,1644
40,52,1596
40,53,1521
40,54,1736
40,55,1702
40,56,1832
40,57,1739
40,58,1679
40,59,1654
40,60,1554
40,61,1452
40,62,1701
40,63,1777
40,64,1869
40,65,1735
40,66,1727
40,67,1706
40,68,1517
40,69,1692
40,70,1702
40,71,1688
40,72,1712
40,73,1631
40,74,1532
40,75,1324
40,76,1637
40,77,1705
40,78,1704
40,79,1687
40,80,1646
40,81,1540
40,82,1611
40,83,1791
40,84,1699
40,85,1683
40,86,1715
40,87,1664
40,88,1488
40,89,1471
40,90,1736
41,1,1915
41,2,1790
41,3,1663
41,4,1867
41,5,1772
41,6,1760
41,7,1721
41,8,1649
41,9,1502
41,10,1373
41,11,1741
41,12,1899
41,13,1845
41,14,1744
41,15,1662
41,16,1479
41,17,1422
41,18,1674
41,19,1689
41,20,1655
41,21,1746
41,22,1724
41,23,1446
41,24,1483
41,25,1853
41,26,1723
41,27,1687
41,28,1694
41,29,1713
41,30,1519
41,31,1753
41,32,1599
41,33,1752
41,34,1693
41,35,1715
41,36,1723
41,37,1692
41,38,1509
41,39,1483
41,40,1722
41,41,1785
41,42,1733
41,43,1722
41,44,1671
41,45,1495
41,46,1453
41,47,1651
41,48,1722
41,49,1821
41,50,1680
41,51,1622
41,52,1610
41,53,1526
41,54,1756
41,55,1696
41,56,1868
41,57,1737
41,58,1656
41,59,1674
41,60,1565
41,61,1470
41,62,1734
41,63,1793
41,64,1874
41,65,1748
41,66,1742
41,67,1707
41,68,1522
41,69,1683
41,70,1689
41,71,1681
41,72,1698
41,73,1619
41,74,1536
41,75,1309
41,76,1632
41,77,1707
41,78,1694
41,79,1671
41,80,1624
41,81,1564
41,82,1635
41,83,1807
41,84,1694
41,85,1671
41,86,1692
41,87,1643
41,88,1492
41,89,1483
41,90,1741
42,1,1979
42,2,1860
42,3,1740
42,4,1896
42,5,1789
42,6,1790
42,7,1770
42,8,1643
42,9,1536
42,10,1414
42,11,1808
42,12,1951
42,13,1900
42,14,1759
42,15,1647
42,16,1507
42,17,1455
42,18,1679
42,19,1681
42,20,1655
42,21,1730
42,22,1719
42,23,1467
42,24,1565
42,25,1896
42,26,1725
42,27,1686
42,28,1683
42,29,1676
42,30,1544
42,31,1806
42,32,1654
42,33,1777
42,34,1717
42,35,1727
42,36,1744
42,37,1677
42,38,1533
42,39,1521
42,40,1754
42,41,1846
42,42,1744
42,43,1739
42,44,1663
42,45,1518
42,46,1483
42,47,1662
42,48,1721
42,49,1805
42,50,1679
42,51,1611
42,52,1635
42,53,1557
42,54,1785
42,55,1701
42,56,1905
42,57,1748
42,58,1643
42,59,1707
42,60,1579
42,61,1509
42,62,1814
42,63,1827
42,64,1922
42,65,1769
42,66,1799
42,67,1716
42,68,1565
42,69,1707
42,70,1708
42,71,1688
42,72,1717
42,73,1637
42,74,1550
42,75,1319
42,76,1653
42,77,1724
42,78,1689
42,79,1663
42,80,1616
42,81,1629
42,82,1680
42,83,1839
42,84,1726
42,85,1681
42,86,1683
42,87,1628
42,88,1511
42,89,1522
42,90,1785
43,1,2062
43,2,1950
43,3,1813
43,4,1931
43,5,1832
43,6,1818
43,7,1851
43,8,1654
43,9,1574
43,10,1493
43,11,1872
43,12,1993
43,13,1921
43,14,1778
43,15,1653
43,16,1541
43,17,1500
43,18,1687
43,19,1678
43,20,1663
43,21,1734
43,22,1729
43,23,1481
43,24,1623
43,25,1914
43,26,1741
43,27,1688
43,28,1684
43,29,1657
43,30,1552
43,31,1906
43,32,1727
43,33,1844
43,34,1754
43,35,1752
43,36,1801
43,37,1700
43,38,1560
43,39,1563
43,40,1802
43,41,1909
43,42,1777
43,43,1774
43,44,1682
43,45,1544
43,46,1509
43,47,1668
43,48,1722
43,49,1795
43,50,1682
43,51,1651
43,52,1646
43,53,1579
43,54,1807
43,55,1705
43,56,1915
43,57,1748
43,58,1645
43,59,1741
43,60,1595
43,61,1563
43,62,1887
43,63,1856
43,64,1985
43,65,1795
43,66,1822
43,67,1750
43,68,1618
43,69,1746
43,70,1727
43,71,1732
43,72,1732
43,73,1669
43,74,1566
43,75,1353
43,76,1730
43,77,1747
43,78,1687
43,79,1670
43,80,1637
43,81,1679
43,82,1728
43,83,1863
43,84,1797
43,85,1694
43,86,1685
43,87,1628
43,88,1530
43,89,1552
43,90,1824
44,1,2045
44,2,1943
44,3,1915
44,4,2069
44,5,1969
44,6,1947
44,7,1935
44,8,1739
44,9,1690
44,10,1649
44,11,1984
44,12,2030
44,13,1948
44,14,1884
44,15,1753
44,16,1644
44,17,1596
44,18,1779
44,19,1750
44,20,1755
44,21,1795
44,22,1800
44,23,1553
44,24,1714
44,25,1946
44,26,1809
44,27,1764
44,28,1755
44,29,1692
44,30,1610
44,31,1876
44,32,1863
44,33,1971
44,34,1902
44,35,1888
44,36,1922
44,37,1797
44,38,1666
44,39,1693
44,40,1923
44,41,2009
44,42,1895
44,43,1896
44,44,1783
44,45,1641
44,46,1606
44,47,1756
44,48,1798
44,49,1867
44,50,1761
44,51,1759
44,52,1689
44,53,1662
44,54,1872
44,55,1793
44,56,1934
44,57,1827
44,58,1700
44,59,1757
44,60,1651
44,61,1725
44,62,1959
44,63,1982
44,64,2056
44,65,1921
44,66,1864
44,67,1811
44,68,1759
44,69,1872
44,70,1845
44,71,1856
44,72,1809
44,73,1761
44,74,1650
44,75,1484
44,76,1834
44,77,1826
44,78,1765
44,79,1748
44,80,1718
44,81,1732
44,82,1793
44,83,1929
44,84,1886
44,85,1775
44,86,1758
44,87,1689
44,88,1587
44,89,1631
44,90,1874
45,1,1962
45,2,1869
45,3,1882
45,4,2084
45,5,1991
45,6,1973
45,7,1907
45,8,1785
45,9,1744
45,10,1705
45,11,1953
45,12,1975
45,13,1916
45,14,1927
45,15,1828
45,16,1683
45,17,1640
45,18,1816
45,19,1801
45,20,1814
45,21,1835
45,22,1808
45,23,1635
45,24,1740
45,25,1899
45,26,1857
45,27,1857
45,28,1849
45,29,1783
45,30,1691
45,31,1788
45,32,1864
45,33,1986
45,34,1927
45,35,1913
45,36,1920
45,37,1829
45,38,1721
45,39,1758
45,40,1950
45,41,1999
45,42,1949
45,43,1948
45,44,1854
45,45,1708
45,46,1675
45,47,1815
45,48,1857
45,49,1914
45,50,1828
45,51,1786
45,52,1708
45,53,1743
45,54,1920
45,55,1871
45,56,1916
45,57,1906
45,58,1788
45,59,1745
45,60,1748
45,61,1761
45,62,1908
45,63,1975
45,64,2033
45,65,1945
45,66,1835
45,67,1795
45,68,1822
45,69,1911
45,70,1881
45,71,1875
45,72,1845
45,73,1750
45,74,1714
45,75,1576
45,76,1810
45,77,1831
45,78,1838
45,79,1808
45,80,1782
45,81,1725
45,82,1769
45,83,1914
45,84,1862
45,85,1879
45,86,1854
45,87,1785
45,88,1682
45,89,1736
45,90,1920
46,1,1844
46,2,1758
46,3,1752
46,4,1956
46,5,1871
46,6,1841
46,7,1789
46,8,1700
46,9,1667
46,10,1605
46,11,1802
46,12,1818
46,13,1769
46,14,1810
46,15,1739
46,16,1596
46,17,1542
46,18,1687
46,19,1685
46,20,1699
46,21,1730
46,22,1711
46,23,1566
46,24,1605
46,25,1748
46,26,1731
46,27,1755
46,28,1740
46,29,1696
46,30,1618
46,31,1669
46,32,1736
46,33,1850
46,34,1798
46,35,1783
46,36,1783
46,37,1738
46,38,1637
46,39,1617
46,40,1804
46,41,1856
46,42,1825
46,43,1832
46,44,1762
46,45,1637
46,46,1567
46,47,1685
46,48,1728
46,49,1778
46,50,1715
46,51,1691
46,52,1621
46,53,1620
46,54,1776
46,55,1748
46,56,1767
46,57,1774
46,58,1700
46,59,1655
46,60,1635
46,61,1626
46,62,1763
46,63,1843
46,64,1893
46,65,1820
46,66,1733
46,67,1708
46,68,1696
46,69,1768
46,70,1749
46,71,1736
46,72,1726
46,73,1649
46,74,1636
46,75,1496
46,76,1673
46,77,1706
46,78,1724
46,79,1696
46,80,1700
46,81,1620
46,82,1626
46,83,1765
46,84,1718
46,85,1764
46,86,1741
46,87,1710
46,88,1621
46,89,1618
46,90,1772
47,1,1661
47,2,1618
47,3,1587
47,4,1753
47,5,1674
47,6,1641
47,7,1600
47,8,1547
47,9,1535
47,10,1444
47,11,1585
47,12,1606
47,13,1556
47,14,1612
47,15,1591
47,16,1448
47,17,1393
47,18,1512
47,19,1484
47,20,1514
47,21,1531
47,22,1557
47,23,1434
47,24,1438
47,25,1533
47,26,1521
47,27,1544
47,28,1524
47,29,1522
47,30,1466
47,31,1541
47,32,1563
47,33,1640
47,34,1583
47,35,1566
47,36,1569
47,37,1576
47,38,1500
47,39,1438
47,40,1591
47,41,1637
47,42,1616
47,43,1631
47,44,1602
47,45,1497
47,46,1406
47,47,1484
47,48,1524
47,49,1558
47,50,1538
47,51,1520
47,52,1471
47,53,1443
47,54,1560
47,55,1532
47,56,1548
47,57,1571
47,58,1535
47,59,1511
47,60,1449
47,61,1452
47,62,1547
47,63,1625
47,64,1679
47,65,1614
47,66,1563
47,67,1566
47,68,1517
47,69,1551
47,70,1532
47,71,1526
47,72,1530
47,73,1484
47,74,1480
47,75,1363
47,76,1486
47,77,1514
47,78,1522
47,79,1500
47,80,1545
47,81,1479
47,82,1450
47,83,1544
47,84,1501
47,85,1547
47,86,1522
47,87,1546
47,88,1488
47,89,1439
47,90,1564
48,1,1491
48,2,1462
48,3,1424
48,4,1571
48,5,1486
48,6,1444
48,7,1411
48,8,1373
48,9,1370
48,10,1292
48,11,1404
48,12,1395
48,13,1363
48,14,1428
48,15,1417
48,16,1292
48,17,1266
48,18,1317
48,19,1308
48,20,1326
48,21,1345
48,22,1381
48,23,1285
48,24,1283
48,25,1341
48,26,1335
48,27,1360
48,28,1327
48,29,1338
48,30,1304
48,31,1380
48,32,1389
48,33,1444
48,34,1388
48,35,1368
48,36,1367
48,37,1400
48,38,1350
48,39,1272
48,40,1395
48,41,1444
48,42,1423
48,43,1438
48,44,1430
48,45,1360
48,46,1267
48,47,1312
48,48,1336
48,49,1351
48,50,1355
48,51,1345
48,52,1314
48,53,1273
48,54,1365
48,55,1334
48,56,1347
48,57,1374
48,58,1355
48,59,1341
48,60,1288
48,61,1284
48,62,1353
48,63,1427
48,64,1477
48,65,1426
48,66,1394
48,67,1413
48,68,1352
48,69,1363
48,70,1348
48,71,1333
48,72,1335
48,73,1311
48,74,1311
48,75,1230
48,76,1316
48,77,1336
48,78,1331
48,79,1319
48,80,1381
48,81,1332
48,82,1280
48,83,1345
48,84,1296
48,85,1343
48,86,1329
48,87,1373
48,88,1349
48,89,1284
48,90,1368
49,1,1365
49,2,1328
49,3,1305
49,4,1427
49,5,1348
49,6,1320
49,7,1272
49,8,1246
49,9,1235
49,10,1184
49,11,1277
49,12,1275
49,13,1236
49,14,1295
49,15,1293
49,16,1179
49,17,1147
49,18,1193
49,19,1192
49,20,1206
49,21,1217
49,22,1251
49,23,1173
49,24,1179
49,25,1221
49,26,1210
49,27,1232
49,28,1206
49,29,1196
49,30,1172
49,31,1267
49,32,1276
49,33,1315
49,34,1259
49,35,1246
49,36,1244
49,37,1270
49,38,1240
49,39,1174
49,40,1280
49,41,1328
49,42,1306
49,43,1323
49,44,1328
49,45,1254
49,46,1178
49,47,1194
49,48,1212
49,49,1216
49,50,1239
49,51,1216
49,52,1192
49,53,1166
49,54,1245
49,55,1209
49,56,1225
49,57,1242
49,58,1225
49,59,1210
49,60,1177
49,61,1172
49,62,1225
49,63,1313
49,64,1361
49,65,1314
49,66,1263
49,67,1288
49,68,1258
49,69,1250
49,70,1212
49,71,1211
49,72,1211
49,73,1192
49,74,1174
49,75,1131
49,76,1207
49,77,1212
49,78,1213
49,79,1200
49,80,1266
49,81,1221
49,82,1181
49,83,1241
49,84,1200
49,85,1229
49,86,1205
49,87,1254
49,88,1235
49,89,1178
49,90,1251
50,1,1302
50,2,1136
50,3,1262
50,4,1381
50,5,1290
50,6,1268
50,7,1209
50,8,1184
50,9,1156
50,10,1136
50,11,1214
50,12,1198
50,13,1172
50,14,1233
50,15,1229
50,16,1106
50,17,1099
50,18,1136
50,19,1132
50,20,1142
50,21,1146
50,22,1183
50,23,1107
50,24,1132
50,25,1158
50,26,1143
50,27,1175
50,28,1138
50,29,1126
50,30,1093
50,31,1152
50,32,1216
50,33,1257
50,34,1199
50,35,1184
50,36,1170
50,37,1200
50,38,1175
50,39,1123
50,40,1227
50,41,1271
50,42,1249
50,43,1263
50,44,1273
50,45,1194
50,46,1126
50,47,1139
50,48,1149
50,49,1152
50,50,1174
50,51,1156
50,52,1118
50,53,1120
50,54,1186
50,55,1146
50,56,1161
50,57,1182
50,58,1152
50,59,1143
50,60,1125
50,61,1120
50,62,1169
50,63,1254
50,64,1298
50,65,1252
50,66,1185
50,67,1217
50,68,1213
50,69,1199
50,70,1159
50,71,1142
50,72,1140
50,73,1119
50,74,1098
50,75,1084
50,76,1146
50,77,1153
50,78,1145
50,79,1145
50,80,1197
50,81,1156
50,82,1126
50,83,1184
50,84,1144
50,85,1169
50,86,1142
50,87,1191
50,88,1175
50,89,1129
50,90,1190
51,1,1262
51,2,1265
51,3,1238
51,4,1342
51,5,1268
51,6,1246
51,7,1177
51,8,1155
51,9,1119
51,10,1122
51,11,1179
51,12,1172
51,13,1147
51,14,1206
51,15,1195
51,16,1071
51,17,1072
51,18,1107
51,19,1107
51,20,1111
51,21,1109
51,22,1146
51,23,1073
51,24,1111
51,25,1131
51,26,1114
51,27,1151
51,28,1107
51,29,1080
51,30,1051
51,31,1198
51,32,1192
51,33,1230
51,34,1168
51,35,1162
51,36,1141
51,37,1161
51,38,1145
51,39,1106
51,40,1208
51,41,1247
51,42,1228
51,43,1242
51,44,1243
51,45,1167
51,46,1110
51,47,1118
51,48,1118
51,49,1118
51,50,1149
51,51,1119
51,52,1080
51,53,1085
51,54,1165
51,55,1116
51,56,1132
51,57,1153
51,58,1102
51,59,1093
51,60,1103
51,61,1100
51,62,1141
51,63,1226
51,64,1272
51,65,1225
51,66,1145
51,67,1185
51,68,1194
51,69,1173
51,70,1131
51,71,1117
51,72,1107
51,73,1076
51,74,1053
51,75,1060
51,76,1117
51,77,1121
51,78,1112
51,79,1110
51,80,1164
51,81,1119
51,82,1104
51,83,1156
51,84,1123
51,85,1146
51,86,1119
51,87,1158
51,88,1141
51,89,1112
51,90,1168
52,1,1244
52,2,1228
52,3,1247
52,4,1335
52,5,1267
52,6,1243
52,7,1173
52,8,1147
52,9,1106
52,10,1124
52,11,1176
52,12,1165
52,13,1141
52,14,1202
52,15,1185
52,16,1061
52,17,1070
52,18,1092
52,19,1102
52,20,1104
52,21,1093
52,22,1140
52,23,1063
52,24,1114
52,25,1120
52,26,1111
52,27,1150
52,28,1094
52,29,1060
52,30,1028
52,31,1155
52,32,1190
52,33,1224
52,34,1163
52,35,1159
52,36,1130
52,37,1149
52,38,1133
52,39,1108
52,40,1209
52,41,1245
52,42,1225
52,43,1237
52,44,1237
52,45,1157
52,46,1111
52,47,1112
52,48,1109
52,49,1110
52,50,1143
52,51,1104
52,52,1060
52,53,1088
52,54,1160
52,55,1108
52,56,1126
52,57,1151
52,58,1100
52,59,1075
52,60,1105
52,61,1107
52,62,1136
52,63,1226
52,64,1271
52,65,1218
52,66,1129
52,67,1171
52,68,1196
52,69,1174
52,70,1135
52,71,1110
52,72,1096
52,73,1060
52,74,1034
52,75,1060
52,76,1115
52,77,1115
52,78,1109
52,79,1102
52,80,1158
52,81,1095
52,82,1101
52,83,1149
52,84,1121
52,85,1142
52,86,1114
52,87,1147
52,88,1130
52,89,1116
52,90,1165
53,1,1249
53,2,1215
53,3,1271
53,4,1370
53,5,1302
53,6,1283
53,7,1200
53,8,1156
53,9,1111
53,10,1156
53,11,1215
53,12,1185
53,13,1178
53,14,1239
53,15,1195
53,16,1057
53,17,1092
53,18,1117
53,19,1133
53,20,1125
53,21,1112
53,22,1133
53,23,1071
53,24,1145
53,25,1151
53,26,1143
53,27,1186
53,28,1122
53,29,1063
53,30,1028
53,31,1138
53,32,1217
53,33,1262
53,34,1197
53,35,1188
53,36,1165
53,37,1155
53,38,1139
53,39,1149
53,40,1249
53,41,1281
53,42,1259
53,43,1272
53,44,1242
53,45,1165
53,46,1138
53,47,1146
53,48,1130
53,49,1129
53,50,1173
53,51,1105
53,52,1058
53,53,1123
53,54,1193
53,55,1134
53,56,1151
53,57,1180
53,58,1106
53,59,1073
53,60,1146
53,61,1143
53,62,1172
53,63,1268
53,64,1301
53,65,1256
53,66,1133
53,67,1175
53,68,1243
53,69,1208
53,70,1178
53,71,1138
53,72,1123
53,73,1062
53,74,1030
53,75,1095
53,76,1142
53,77,1142
53,78,1135
53,79,1133
53,80,1168
53,81,1101
53,82,1135
53,83,1180
53,84,1158
53,85,1178
53,86,1146
53,87,1156
53,88,1135
53,89,1149
53,90,1195
54,1,1288
54,2,1230
54,3,1404
54,4,1494
54,5,1438
54,6,1420
54,7,1303
54,8,1202
54,9,1138
54,10,1299
54,11,1348
54,12,1303
54,13,1310
54,14,1367
54,15,1242
54,16,1079
54,17,1182
54,18,1216
54,19,1246
54,20,1236
54,21,1212
54,22,1177
54,23,1097
54,24,1283
54,25,1275
54,26,1279
54,27,1301
54,28,1231
54,29,1091
54,30,1051
54,31,1151
54,32,1344
54,33,1396
54,34,1331
54,35,1321
54,36,1276
54,37,1204
54,38,1170
54,39,1289
54,40,1388
54,41,1416
54,42,1393
54,43,1403
54,44,1292
54,45,1196
54,46,1218
54,47,1255
54,48,1227
54,49,1235
54,50,1280
54,51,1149
54,52,1080
54,53,1260
54,54,1319
54,55,1254
54,56,1280
54,57,1298
54,58,1140
54,59,1093
54,60,1272
54,61,1284
54,62,1295
54,63,1404
54,64,1445
54,65,1398
54,66,1170
54,67,1201
54,68,1387
54,69,1350
54,70,1320
54,71,1272
54,72,1216
54,73,1103
54,74,1054
54,75,1193
54,76,1261
54,77,1263
54,78,1249
54,79,1235
54,80,1210
54,81,1128
54,82,1272
54,83,1309
54,84,1296
54,85,1306
54,86,1276
54,87,1189
54,88,1154
54,89,1288
54,90,1325
55,1,1381
55,2,1262
55,3,1674
55,4,1755
55,5,1690
55,6,1664
55,7,1471
55,8,1287
55,9,1191
55,10,1554
55,11,1627
55,12,1562
55,13,1574
55,14,1603
55,15,1312
55,16,1110
55,17,1316
55,18,1377
55,19,1415
55,20,1406
55,21,1392
55,22,1250
55,23,1130
55,24,1532
55,25,1521
55,26,1534
55,27,1525
55,28,1451
55,29,1171
55,30,1086
55,31,1201
55,32,1607
55,33,1639
55,34,1582
55,35,1566
55,36,1535
55,37,1283
55,38,1200
55,39,1536
55,40,1637
55,41,1660
55,42,1633
55,43,1631
55,44,1361
55,45,1232
55,46,1354
55,47,1430
55,48,1393
55,49,1410
55,50,1437
55,51,1215
55,52,1112
55,53,1507
55,54,1542
55,55,1497
55,56,1529
55,57,1522
55,58,1219
55,59,1132
55,60,1524
55,61,1543
55,62,1569
55,63,1666
55,64,1695
55,65,1642
55,66,1262
55,67,1255
55,68,1638
55,69,1593
55,70,1556
55,71,1504
55,72,1374
55,73,1179
55,74,1088
55,75,1331
55,76,1441
55,77,1438
55,78,1411
55,79,1397
55,80,1271
55,81,1160
55,82,1519
55,83,1529
55,84,1531
55,85,1537
55,86,1504
55,87,1260
55,88,1186
55,89,1517
55,90,1568
56,1,1532
56,2,1321
56,3,1877
56,4,1915
56,5,1858
56,6,1823
56,7,1634
56,8,1431
56,9,1306
56,10,1738
56,11,1819
56,12,1766
56,13,1774
56,14,1782
56,15,1433
56,16,1214
56,17,1495
56,18,1564
56,19,1602
56,20,1585
56,21,1590
56,22,1385
56,23,1233
56,24,1752
56,25,1719
56,26,1740
56,27,1689
56,28,1634
56,29,1332
56,30,1207
56,31,1260
56,32,1792
56,33,1797
56,34,1754
56,35,1732
56,36,1729
56,37,1414
56,38,1300
56,39,1715
56,40,1809
56,41,1826
56,42,1792
56,43,1802
56,44,1488
56,45,1323
56,46,1502
56,47,1611
56,48,1586
56,49,1591
56,50,1605
56,51,1350
56,52,1209
56,53,1683
56,54,1706
56,55,1704
56,56,1716
56,57,1697
56,58,1373
56,59,1235
56,60,1676
56,61,1706
56,62,1753
56,63,1820
56,64,1839
56,65,1796
56,66,1408
56,67,1352
56,68,1790
56,69,1754
56,70,1713
56,71,1689
56,72,1542
56,73,1322
56,74,1210
56,75,1497
56,76,1628
56,77,1616
56,78,1589
56,79,1572
56,80,1406
56,81,1258
56,82,1715
56,83,1693
56,84,1705
56,85,1703
56,86,1677
56,87,1406
56,88,1284
56,89,1703
56,90,1768
57,1,1687
57,2,1436
57,3,1945
57,4,1942
57,5,1875
57,6,1842
57,7,1729
57,8,1555
57,9,1444
57,10,1808
57,11,1881
57,12,1823
57,13,1839
57,14,1820
57,15,1557
57,16,1339
57,17,1608
57,18,1664
57,19,1697
57,20,1692
57,21,1720
57,22,1519
57,23,1357
57,24,1836
57,25,1778
57,26,1802
57,27,1729
57,28,1699
57,29,1486
57,30,1356
57,31,1373
57,32,1847
57,33,1822
57,34,1791
57,35,1774
57,36,1796
57,37,1546
57,38,1415
57,39,1775
57,40,1844
57,41,1849
57,42,1816
57,43,1836
57,44,1596
57,45,1427
57,46,1623
57,47,1700
57,48,1691
57,49,1701
57,50,1692
57,51,1508
57,52,1362
57,53,1733
57,54,1745
57,55,1778
57,56,1775
57,57,1751
57,58,1530
57,59,1381
57,60,1730
57,61,1753
57,62,1808
57,63,1866
57,64,1865
57,65,1821
57,66,1569
57,67,1494
57,68,1817
57,69,1776
57,70,1749
57,71,1744
57,72,1643
57,73,1481
57,74,1357
57,75,1618
57,76,1722
57,77,1712
57,78,1678
57,79,1675
57,80,1531
57,81,1405
57,82,1786
57,83,1731
57,84,1751
57,85,1738
57,86,1731
57,87,1535
57,88,1403
57,89,1763
57,90,1833
58,1,1785
58,2,1550
58,3,1968
58,4,1937
58,5,1872
58,6,1836
58,7,1777
58,8,1636
58,9,1551
58,10,1822
58,11,1908
58,12,1844
58,13,1872
58,14,1842
58,15,1622
58,16,1438
58,17,1684
58,18,1727
58,19,1735
58,20,1749
58,21,1806
58,22,1592
58,23,1455
58,24,1875
58,25,1805
58,26,1810
58,27,1750
58,28,1736
58,29,1574
58,30,1471
58,31,1491
58,32,1855
58,33,1821
58,34,1803
58,35,1785
58,36,1829
58,37,1625
58,38,1510
58,39,1796
58,40,1851
58,41,1847
58,42,1816
58,43,1848
58,44,1664
58,45,1505
58,46,1692
58,47,1751
58,48,1762
58,49,1757
58,50,1740
58,51,1616
58,52,1502
58,53,1770
58,54,1758
58,55,1817
58,56,1797
58,57,1777
58,58,1636
58,59,1516
58,60,1753
58,61,1759
58,62,1835
58,63,1889
58,64,1860
58,65,1827
58,66,1694
58,67,1601
58,68,1812
58,69,1776
58,70,1763
58,71,1768
58,72,1698
58,73,1580
58,74,1449
58,75,1707
58,76,1765
58,77,1747
58,78,1733
58,79,1730
58,80,1600
58,81,1529
58,82,1821
58,83,1750
58,84,1762
58,85,1757
58,86,1754
58,87,1602
58,88,1485
58,89,1787
58,90,1865
59,1,1819
59,2,1646
59,3,1987
59,4,1925
59,5,1870
59,6,1829
59,7,1785
59,8,1654
59,9,1611
59,10,1823
59,11,1920
59,12,1846
59,13,1878
59,14,1839
59,15,1635
59,16,1481
59,17,1720
59,18,1750
59,19,1748
59,20,1783
59,21,1853
59,22,1613
59,23,1499
59,24,1902
59,25,1819
59,26,1807
59,27,1767
59,28,1766
59,29,1613
59,30,1534
59,31,1574
59,32,1866
59,33,1817
59,34,1804
59,35,1793
59,36,1847
59,37,1653
59,38,1544
59,39,1808
59,40,1850
59,41,1847
59,42,1828
59,43,1835
59,44,1680
59,45,1533
59,46,1729
59,47,1773
59,48,1817
59,49,1783
59,50,1755
59,51,1668
59,52,1597
59,53,1796
59,54,1764
59,55,1845
59,56,1808
59,57,1786
59,58,1681
59,59,1600
59,60,1769
59,61,1770
59,62,1848
59,63,1923
59,64,1854
59,65,1816
59,66,1754
59,67,1646
59,68,1811
59,69,1779
59,70,1769
59,71,1782
59,72,1726
59,73,1620
59,74,1488
59,75,1747
59,76,1784
59,77,1759
59,78,1753
59,79,1749
59,80,1610
59,81,1600
59,82,1843
59,83,1765
59,84,1762
59,85,1761
59,86,1760
59,87,1617
59,88,1525
59,89,1796
59,90,1881
60,1,1827
60,2,1704
60,3,1990
60,4,1900
60,5,1868
60,6,1809
60,7,1770
60,8,1622
60,9,1624
60,10,1816
60,11,1925
60,12,1863
60,13,1866
60,14,1815
60,15,1612
60,16,1495
60,17,1722
60,18,1755
60,19,1745
60,20,1796
60,21,1860
60,22,1602
60,23,1516
60,24,1905
60,25,1816
60,26,1787
60,27,1753
60,28,1781
60,29,1616
60,30,1578
60,31,1640
60,32,1854
60,33,1802
60,34,1798
60,35,1789
60,36,1839
60,37,1638
60,38,1557
60,39,1803
60,40,1837
60,41,1833
60,42,1816
60,43,1817
60,44,1658
60,45,1533
60,46,1727
60,47,1779
60,48,1844
60,49,1782
60,50,1747
60,51,1677
60,52,1654
60,53,1799
60,54,1765
60,55,1853
60,56,1804
60,57,1773
60,58,1698
60,59,1637
60,60,1766
60,61,1771
60,62,1844
60,63,1950
60,64,1838
60,65,1786
60,66,1773
60,67,1651
60,68,1792
60,69,1771
60,70,1763
60,71,1785
60,72,1710
60,73,1626
60,74,1497
60,75,1756
60,76,1780
60,77,1766
60,78,1756
60,79,1749
60,80,1608
60,81,1639
60,82,1850
60,83,1760
60,84,1757
60,85,1761
60,86,1756
60,87,1607
60,88,1545
60,89,1795
60,90,1881
61,1,1804
61,2,1713
61,3,1963
61,4,1871
61,5,1835
61,6,1783
61,7,1739
61,8,1594
61,9,1600
61,10,1786
61,11,1903
61,12,1846
61,13,1841
61,14,1787
61,15,1572
61,16,1476
61,17,1709
61,18,1739
61,19,1731
61,20,1780
61,21,1838
61,22,1555
61,23,1498
61,24,1882
61,25,1787
61,26,1754
61,27,1738
61,28,1781
61,29,1596
61,30,1579
61,31,1653
61,32,1832
61,33,1781
61,34,1773
61,35,1775
61,36,1810
61,37,1605
61,38,1537
61,39,1781
61,40,1811
61,41,1816
61,42,1795
61,43,1784
61,44,1627
61,45,1512
61,46,1707
61,47,1767
61,48,1851
61,49,1757
61,50,1727
61,51,1677
61,52,1644
61,53,1788
61,54,1758
61,55,1849
61,56,1780
61,57,1750
61,58,1695
61,59,1641
61,60,1749
61,61,1742
61,62,1823
61,63,1939
61,64,1810
61,65,1752
61,66,1776
61,67,1627
61,68,1768
61,69,1749
61,70,1742
61,71,1767
61,72,1708
61,73,1601
61,74,1474
61,75,1734
61,76,1765
61,77,1754
61,78,1738
61,79,1722
61,80,1588
61,81,1648
61,82,1845
61,83,1747
61,84,1734
61,85,1754
61,86,1731
61,87,1573
61,88,1537
61,89,1777
61,90,1865
62,1,1785
62,2,1682
62,3,1936
62,4,1845
62,5,1816
62,6,1766
62,7,1715
62,8,1562
62,9,1527
62,10,1772
62,11,1886
62,12,1837
62,13,1825
62,14,1755
62,15,1536
62,16,1449
62,17,1703
62,18,1733
62,19,1721
62,20,1790
62,21,1813
62,22,1509
62,23,1470
62,24,1858
62,25,1772
62,26,1743
62,27,1746
62,28,1788
62,29,1578
62,30,1562
62,31,1631
62,32,1815
62,33,1766
62,34,1770
62,35,1776
62,36,1793
62,37,1567
62,38,1511
62,39,1766
62,40,1799
62,41,1803
62,42,1785
62,43,1768
62,44,1577
62,45,1482
62,46,1691
62,47,1771
62,48,1862
62,49,1751
62,50,1719
62,51,1652
62,52,1597
62,53,1774
62,54,1744
62,55,1840
62,56,1769
62,57,1740
62,58,1689
62,59,1609
62,60,1742
62,61,1732
62,62,1810
62,63,1920
62,64,1796
62,65,1737
62,66,1751
62,67,1586
62,68,1751
62,69,1742
62,70,1739
62,71,1756
62,72,1696
62,73,1575
62,74,1415
62,75,1704
62,76,1757
62,77,1750
62,78,1734
62,79,1712
62,80,1567
62,81,1642
62,82,1832
62,83,1747
62,84,1728
62,85,1758
62,86,1723
62,87,1544
62,88,1512
62,89,1777
62,90,1855
63,1,1761
63,2,1635
63,3,1886
63,4,1803
63,5,1780
63,6,1734
63,7,1683
63,8,1524
63,9,1439
63,10,1738
63,11,1857
63,12,1819
63,13,1780
63,14,1722
63,15,1494
63,16,1415
63,17,1688
63,18,1711
63,19,1696
63,20,1767
63,21,1780
63,22,1481
63,23,1442
63,24,1829
63,25,1748
63,26,1716
63,27,1721
63,28,1765
63,29,1548
63,30,1539
63,31,1607
63,32,1787
63,33,1739
63,34,1742
63,35,1753
63,36,1757
63,37,1529
63,38,1479
63,39,1735
63,40,1776
63,41,1772
63,42,1752
63,43,1735
63,44,1532
63,45,1448
63,46,1664
63,47,1756
63,48,1857
63,49,1729
63,50,1687
63,51,1610
63,52,1550
63,53,1749
63,54,1725
63,55,1830
63,56,1747
63,57,1708
63,58,1677
63,59,1581
63,60,1718
63,61,1704
63,62,1786
63,63,1888
63,64,1757
63,65,1717
63,66,1728
63,67,1543
63,68,1714
63,69,1716
63,70,1712
63,71,1731
63,72,1666
63,73,1550
63,74,1352
63,75,1665
63,76,1731
63,77,1725
63,78,1716
63,79,1676
63,80,1548
63,81,1616
63,82,1803
63,83,1720
63,84,1701
63,85,1736
63,86,1694
63,87,1507
63,88,1480
63,89,1755
63,90,1832
64,1,1760
64,2,1615
64,3,1847
64,4,1778
64,5,1765
64,6,1712
64,7,1650
64,8,1503
64,9,1401
64,10,1723
64,11,1865
64,12,1806
64,13,1755
64,14,1689
64,15,1472
64,16,1399
64,17,1678
64,18,1693
64,19,1668
64,20,1756
64,21,1748
64,22,1460
64,23,1439
64,24,1824
64,25,1729
64,26,1697
64,27,1706
64,28,1742
64,29,1540
64,30,1548
64,31,1586
64,32,1763
64,33,1714
64,34,1724
64,35,1737
64,36,1717
64,37,1508
64,38,1465
64,39,1722
64,40,1763
64,41,1741
64,42,1733
64,43,1691
64,44,1497
64,45,1439
64,46,1654
64,47,1735
64,48,1834
64,49,1693
64,50,1644
64,51,1596
64,52,1521
64,53,1736
64,54,1702
64,55,1832
64,56,1739
64,57,1679
64,58,1654
64,59,1554
64,60,1700
64,61,1701
64,62,1777
64,63,1869
64,64,1735
64,65,1727
64,66,1706
64,67,1517
64,68,1692
64,69,1702
64,70,1688
64,71,1712
64,72,1631
64,73,1532
64,74,1324
64,75,1637
64,76,1705
64,77,1704
64,78,1687
64,79,1646
64,80,1540
64,81,1611
64,82,1791
64,83,1699
64,84,1683
64,85,1715
64,86,1664
64,87,1488
64,88,1471
64,89,1736
64,90,1827
65,1,1790
65,2,1663
65,3,1867
65,4,1772
65,5,1760
65,6,1721
65,7,1649
65,8,1502
65,9,1373
65,10,1741
65,11,1899
65,12,1845
65,13,1744
65,14,1662
65,15,1479
65,16,1422
65,17,1674
65,18,1689
65,19,1655
65,20,1746
65,21,1724
65,22,1446
65,23,1483
65,24,1853
65,25,1723
65,26,1687
65,27,1694
65,28,1713
65,29,1519
65,30,1589
65,31,1599
65,32,1752
65,33,1693
65,34,1715
65,35,1723
65,36,1692
65,37,1509
65,38,1483
65,39,1722
65,40,1785
65,41,1733
65,42,1722
65,43,1671
65,44,1495
65,45,1453
65,46,1651
65,47,1722
65,48,1821
65,49,1680
65,50,1622
65,51,1610
65,52,1526
65,53,1756
65,54,1696
65,55,1868
65,56,1737
65,57,1656
65,58,1674
65,59,1565
65,60,1702
65,61,1734
65,62,1793
65,63,1874
65,64,1748
65,65,1742
65,66,1707
65,67,1522
65,68,1683
65,69,1689
65,70,1681
65,71,1698
65,72,1619
65,73,1536
65,74,1309
65,75,1632
65,76,1707
65,77,1694
65,78,1671
65,79,1624
65,80,1564
65,81,1635
65,82,1807
65,83,1694
65,84,1671
65,85,1692
65,86,1643
65,87,1492
65,88,1483
65,89,1741
65,90,1852
66,1,1860
66,2,1740
66,3,1896
66,4,1789
66,5,1790
66,6,1770
66,7,1643
66,8,1536
66,9,1414
66,10,1808
66,11,1951
66,12,1900
66,13,1759
66,14,1647
66,15,1507
66,16,1455
66,17,1679
66,18,1681
66,19,1655
66,20,1730
66,21,1719
66,22,1467
66,23,1565
66,24,1896
66,25,1725
66,26,1686
66,27,1683
66,28,1676
66,29,1544
66,30,1656
66,31,1654
66,32,1777
66,33,1717
66,34,1727
66,35,1744
66,36,1677
66,37,1533
66,38,1521
66,39,1754
66,40,1846
66,41,1744
66,42,1739
66,43,1663
66,44,1518
66,45,1483
66,46,1662
66,47,1721
66,48,1805
66,49,1679
66,50,1611
66,51,1635
66,52,1557
66,53,1785
66,54,1701
66,55,1905
66,56,1748
66,57,1643
66,58,1707
66,59,1579
66,60,1724
66,61,1814
66,62,1827
66,63,1922
66,64,1769
66,65,1799
66,66,1716
66,67,1565
66,68,1707
66,69,1708
66,70,1688
66,71,1717
66,72,1637
66,73,1550
66,74,1319
66,75,1653
66,76,1724
66,77,1689
66,78,1663
66,79,1616
66,80,1629
66,81,1680
66,82,1839
66,83,1726
66,84,1681
66,85,1683
66,86,1628
66,87,1511
66,88,1522
66,89,1785
66,90,1901
67,1,1950
67,2,1813
67,3,1931
67,4,1832
67,5,1818
67,6,1851
67,7,1654
67,8,1574
67,9,1493
67,10,1872
67,11,1993
67,12,1921
67,13,1778
67,14,1653
67,15,1541
67,16,1500
67,17,1687
67,18,1678
67,19,1663
67,20,1734
67,21,1729
67,22,1481
67,23,1623
67,24,1914
67,25,1741
67,26,1688
67,27,1684
67,28,1657
67,29,1552
67,30,1690
67,31,1727
67,32,1844
67,33,1754
67,34,1752
67,35,1801
67,36,1700
67,37,1560
67,38,1563
67,39,1802
67,40,1909
67,41,1777
67,42,1774
67,43,1682
67,44,1544
67,45,1509
67,46,1668
67,47,1722
67,48,1795
67,49,1682
67,50,1651
67,51,1646
67,52,1579
67,53,1807
67,54,1705
67,55,1915
67,56,1748
67,57,1645
67,58,1741
67,59,1595
67,60,1729
67,61,1887
67,62,1856
67,63,1985
67,64,1795
67,65,1822
67,66,1750
67,67,1618
67,68,1746
67,69,1727
67,70,1732
67,71,1732
67,72,1669
67,73,1566
67,74,1353
67,75,1730
67,76,1747
67,77,1687
67,78,1670
67,79,1637
67,80,1679
67,81,1728
67,82,1863
67,83,1797
67,84,1694
67,85,1685
67,86,1628
67,87,1530
67,88,1552
67,89,1824
67,90,1923
68,1,1943
68,2,1915
68,3,2069
68,4,1969
68,5,1947
68,6,1935
68,7,1739
68,8,1690
68,9,1649
68,10,1984
68,11,2030
68,12,1948
68,13,1884
68,14,1753
68,15,1644
68,16,1596
68,17,1779
68,18,1750
68,19,1755
68,20,1795
68,21,1800
68,22,1553
68,23,1714
68,24,1946
68,25,1809
68,26,1764
68,27,1755
68,28,1692
68,29,1610
68,30,1748
68,31,1863
68,32,1971
68,33,1902
68,34,1888
68,35,1922
68,36,1797
68,37,1666
68,38,1693
68,39,1923
68,40,2009
68,41,1895
68,42,1896
68,43,1783
68,44,1641
68,45,1606
68,46,1756
68,47,1798
68,48,1867
68,49,1761
68,50,1759
68,51,1689
68,52,1662
68,53,1872
68,54,1793
68,55,1934
68,56,1827
68,57,1700
68,58,1757
68,59,1651
68,60,1794
68,61,1959
68,62,1982
68,63,2056
68,64,1921
68,65,1864
68,66,1811
68,67,1759
68,68,1872
68,69,1845
68,70,1856
68,71,1809
68,72,1761
68,73,1650
68,74,1484
68,75,1834
68,76,1826
68,77,1765
68,78,1748
68,79,1718
68,80,1732
68,81,1793
68,82,1929
68,83,1886
68,84,1775
68,85,1758
68,86,1689
68,87,1587
68,88,1631
68,89,1874
68,90,1962
69,1,1869
69,2,1882
69,3,2084
69,4,1991
69,5,1973
69,6,1907
69,7,1785
69,8,1744
69,9,1705
69,10,1953
69,11,1975
69,12,1916
69,13,1927
69,14,1828
69,15,1683
69,16,1640
69,17,1816
69,18,1801
69,19,1814
69,20,1835
69,21,1808
69,22,1635
69,23,1740
69,24,1899
69,25,1857
69,26,1857
69,27,1849
69,28,1783
69,29,1691
69,30,1760
69,31,1864
69,32,1986
69,33,1927
69,34,1913
69,35,1920
69,36,1829
69,37,1721
69,38,1758
69,39,1950
69,40,1999
69,41,1949
69,42,1948
69,43,1854
69,44,1708
69,45,1675
69,46,1815
69,47,1857
69,48,1914
69,49,1828
69,50,1786
69,51,1708
69,52,1743
69,53,1920
69,54,1871
69,55,1916
69,56,1906
69,57,1788
69,58,1745
69,59,1748
69,60,1885
69,61,1908
69,62,1975
69,63,2033
69,64,1945
69,65,1835
69,66,1795
69,67,1822
69,68,1911
69,69,1881
69,70,1875
69,71,1845
69,72,1750
69,73,1714
69,74,1576
69,75,1810
69,76,1831
69,77,1838
69,78,1808
69,79,1782
69,80,1725
69,81,1769
69,82,1914
69,83,1862
69,84,1879
69,85,1854
69,86,1785
69,87,1682
69,88,1736
69,89,1920
69,90,1932
70,1,1758
70,2,1752
70,3,1956
70,4,1871
70,5,1841
70,6,1789
70,7,1700
70,8,1667
70,9,1605
70,10,1802
70,11,1818
70,12,1769
70,13,1810
70,14,1739
70,15,1596
70,16,1542
70,17,1687
70,18,1685
70,19,1699
70,20,1730
70,21,1711
70,22,1566
70,23,1605
70,24,1748
70,25,1731
70,26,1755
70,27,1740
70,28,1696
70,29,1618
70,30,1628
70,31,1736
70,32,1850
70,33,1798
70,34,1783
70,35,1783
70,36,1738
70,37,1637
70,38,1617
70,39,1804
70,40,1856
70,41,1825
70,42,1832
70,43,1762
70,44,1637
70,45,1567
70,46,1685
70,47,1728
70,48,1778
70,49,1715
70,50,1691
70,51,1621
70,52,1620
70,53,1776
70,54,1748
70,55,1767
70,56,1774
70,57,1700
70,58,1655
70,59,1635
70,60,1749
70,61,1763
70,62,1843
70,63,1893
70,64,1820
70,65,1733
70,66,1708
70,67,1696
70,68,1768
70,69,1749
70,70,1736
70,71,1726
70,72,1649
70,73,1636
70,74,1496
70,75,1673
70,76,1706
70,77,1724
70,78,1696
70,79,1700
70,80,1620
70,81,1626
70,82,1765
70,83,1718
70,84,1764
70,85,1741
70,86,1710
70,87,1621
70,88,1618
70,89,1772
70,90,1788
71,1,1618
71,2,1587
71,3,1753
71,4,1674
71,5,1641
71,6,1600
71,7,1547
71,8,1535
71,9,1444
71,10,1585
71,11,1606
71,12,1556
71,13,1612
71,14,1591
71,15,1448
71,16,1393
71,17,1512
71,18,1484
71,19,1514
71,20,1531
71,21,1557
71,22,1434
71,23,1438
71,24,1533
71,25,1521
71,26,1544
71,27,1524
71,28,1522
71,29,1466
71,30,1447
71,31,1563
71,32,1640
71,33,1583
71,34,1566
71,35,1569
71,36,1576
71,37,1500
71,38,1438
71,39,1591
71,40,1637
71,41,1616
71,42,1631
71,43,1602
71,44,1497
71,45,1406
71,46,1484
71,47,1524
71,48,1558
71,49,1538
71,50,1520
71,51,1471
71,52,1443
71,53,1560
71,54,1532
71,55,1548
71,56,1571
71,57,1535
71,58,1511
71,59,1449
71,60,1529
71,61,1547
71,62,1625
71,63,1679
71,64,1614
71,65,1563
71,66,1566
71,67,1517
71,68,1551
71,69,1532
71,70,1526
71,71,1530
71,72,1484
71,73,1480
71,74,1363
71,75,1486
71,76,1514
71,77,1522
71,78,1500
71,79,1545
71,80,1479
71,81,1450
71,82,1544
71,83,1501
71,84,1547
71,85,1522
71,86,1546
71,87,1488
71,88,1439
71,89,1564
71,90,1566
72,1,1462
72,2,1424
72,3,1571
72,4,1486
72,5,1444
72,6,1411
72,7,1373
72,8,1370
72,9,1292
72,10,1404
72,11,1395
72,12,1363
72,13,1428
72,14,1417
72,15,1292
72,16,1266
72,17,1317
72,18,1308
72,19,1326
72,20,1345
72,21,1381
72,22,1285
72,23,1283
72,24,1341
72,25,1335
72,26,1360
72,27,1327
72,28,1338
72,29,1304
72,30,1278
72,31,1389
72,32,1444
72,33,1388
72,34,1368
72,35,1367
72,36,1400
72,37,1350
72,38,1272
72,39,1395
72,40,1444
72,41,1423
72,42,1438
72,43,1430
72,44,1360
72,45,1267
72,46,1312
72,47,1336
72,48,1351
72,49,1355
72,50,1345
72,51,1314
72,52,1273
72,53,1365
72,54,1334
72,55,1347
72,56,1374
72,57,1355
72,58,1341
72,59,1288
72,60,1336
72,61,1353
72,62,1427
72,63,1477
72,64,1426
72,65,1394
72,66,1413
72,67,1352
72,68,1363
72,69,1348
72,70,1333
72,71,1335
72,72,1311
72,73,1311
72,74,1230
72,75,1316
72,76,1336
72,77,1331
72,78,1319
72,79,1381
72,80,1332
72,81,1280
72,82,1345
72,83,1296
72,84,1343
72,85,1329
72,86,1373
72,87,1349
72,88,1284
72,89,1368
72,90,1369
73,1,1328
73,2,1305
73,3,1427
73,4,1348
73,5,1320
73,6,1272
73,7,1246
73,8,1235
73,9,1184
73,10,1277
73,11,1275
73,12,1236
73,13,1295
73,14,1293
73,15,1179
73,16,1147
73,17,1193
73,18,1192
73,19,1206
73,20,1217
73,21,1251
73,22,1173
73,23,1179
73,24,1221
73,25,1210
73,26,1232
73,27,1206
73,28,1196
73,29,1172
73,30,1171
73,31,1276
73,32,1315
73,33,1259
73,34,1246
73,35,1244
73,36,1270
73,37,1240
73,38,1174
73,39,1280
73,40,1328
73,41,1306
73,42,1323
73,43,1328
73,44,1254
73,45,1178
73,46,1194
73,47,1212
73,48,1216
73,49,1239
73,50,1216
73,51,1192
73,52,1166
73,53,1245
73,54,1209
73,55,1225
73,56,1242
73,57,1225
73,58,1210
73,59,1177
73,60,1215
73,61,1225
73,62,1313
73,63,1361
73,64,1314
73,65,1263
73,66,1288
73,67,1258
73,68,1250
73,69,1212
73,70,1211
73,71,1211
73,72,1192
73,73,1174
73,74,1131
73,75,1207
73,76,1212
73,77,1213
73,78,1200
73,79,1266
73,80,1221
73,81,1181
73,82,1241
73,83,1200
73,84,1229
73,85,1205
73,86,1254
73,87,1235
73,88,1178
73,89,1251
73,90,1262
74,1,1106
74,2,1262
74,3,1381
74,4,1290
74,5,1268
74,6,1209
74,7,1184
74,8,1156
74,9,1136
74,10,1214
74,11,1198
74,12,1172
74,13,1233
74,14,1229
74,15,1106
74,16,1099
74,17,1136
74,18,1132
74,19,1142
74,20,1146
74,21,1183
74,22,1107
74,23,1132
74,24,1158
74,25,1143
74,26,1175
74,27,1138
74,28,1126
74,29,1093
74,30,1115
74,31,1216
74,32,1257
74,33,1199
74,34,1184
74,35,1170
74,36,1200
74,37,1175
74,38,1123
74,39,1227
74,40,1271
74,41,1249
74,42,1263
74,43,1273
74,44,1194
74,45,1126
74,46,1139
74,47,1149
74,48,1152
74,49,1174
74,50,1156
74,51,1118
74,52,1120
74,53,1186
74,54,1146
74,55,1161
74,56,1182
74,57,1152
74,58,1143
74,59,1125
74,60,1161
74,61,1169
74,62,1254
74,63,1298
74,64,1252
74,65,1185
74,66,1217
74,67,1213
74,68,1199
74,69,1159
74,70,1142
74,71,1140
74,72,1119
74,73,1098
74,74,1084
74,75,1146
74,76,1153
74,77,1145
74,78,1145
74,79,1197
74,80,1156
74,81,1126
74,82,1184
74,83,1144
74,84,1169
74,85,1142
74,86,1191
74,87,1175
74,88,1129
74,89,1190
74,90,1198
75,1,1265
75,2,1238
75,3,1342
75,4,1268
75,5,1246
75,6,1177
75,7,1155
75,8,1119
75,9,1122
75,10,1179
75,11,1172
75,12,1147
75,13,1206
75,14,1195
75,15,1071
75,16,1072
75,17,1107
75,18,1107
75,19,1111
75,20,1109
75,21,1146
75,22,1073
75,23,1111
75,24,1131
75,25,1114
75,26,1151
75,27,1107
75,28,1080
75,29,1051
75,30,1092
75,31,1192
75,32,1230
75,33,1168
75,34,1162
75,35,1141
75,36,1161
75,37,1145
75,38,1106
75,39,1208
75,40,1247
75,41,1228
75,42,1242
75,43,1243
75,44,1167
75,45,1110
75,46,1118
75,47,1118
75,48,1118
75,49,1149
75,50,1119
75,51,1080
75,52,1085
75,53,1165
75,54,1116
75,55,1132
75,56,1153
75,57,1102
75,58,1093
75,59,1103
75,60,1132
75,61,1141
75,62,1226
75,63,1272
75,64,1225
75,65,1145
75,66,1185
75,67,1194
75,68,1173
75,69,1131
75,70,1117
75,71,1107
75,72,1076
75,73,1053
75,74,1060
75,75,1117
75,76,1121
75,77,1112
75,78,1110
75,79,1164
75,80,1119
75,81,1104
75,82,1156
75,83,1123
75,84,1146
75,85,1119
75,86,1158
75,87,1141
75,88,1112
75,89,1168
75,90,1167
76,1,1228
76,2,1247
76,3,1335
76,4,1267
76,5,1243
76,6,1173
76,7,1147
76,8,1106
76,9,1124
76,10,1176
76,11,1165
76,12,1141
76,13,1202
76,14,1185
76,15,1061
76,16,1070
76,17,1092
76,18,1102
76,19,1104
76,20,1093
76,21,1140
76,22,1063
76,23,1114
76,24,1120
76,25,1111
76,26,1150
76,27,1094
76,28,1060
76,29,1028
76,30,1083
76,31,1190
76,32,1224
76,33,1163
76,34,1159
76,35,1130
76,36,1149
76,37,1133
76,38,1108
76,39,1209
76,40,1245
76,41,1225
76,42,1237
76,43,1237
76,44,1157
76,45,1111
76,46,1112
76,47,1109
76,48,1110
76,49,1143
76,50,1104
76,51,1060
76,52,1088
76,53,1160
76,54,1108
76,55,1126
76,56,1151
76,57,1100
76,58,1075
76,59,1105
76,60,1119
76,61,1136
76,62,1226
76,63,1271
76,64,1218
76,65,1129
76,66,1171
76,67,1196
76,68,1174
76,69,1135
76,70,1110
76,71,1096
76,72,1060
76,73,1034
76,74,1060
76,75,1115
76,76,1115
76,77,1109
76,78,1102
76,79,1158
76,80,1095
76,81,1101
76,82,1149
76,83,1121
76,84,1142
76,85,1114
76,86,1147
76,87,1130
76,88,1116
76,89,1165
76,90,1157
77,1,1215
77,2,1271
77,3,1370
77,4,1302
77,5,1283
77,6,1200
77,7,1156
77,8,1111
77,9,1156
77,10,1215
77,11,1185
77,12,1178
77,13,1239
77,14,1195
77,15,1057
77,16,1092
77,17,1117
77,18,1133
77,19,1125
77,20,1112
77,21,1133
77,22,1071
77,23,1145
77,24,1151
77,25,1143
77,26,1186
77,27,1122
77,28,1063
77,29,1028
77,30,1094
77,31,1217
77,32,1262
77,33,1197
77,34,1188
77,35,1165
77,36,1155
77,37,1139
77,38,1149
77,39,1249
77,40,1281
77,41,1259
77,42,1272
77,43,1242
77,44,1165
77,45,1138
77,46,1146
77,47,1130
77,48,1129
77,49,1173
77,50,1105
77,51,1058
77,52,1123
77,53,1193
77,54,1134
77,55,1151
77,56,1180
77,57,1106
77,58,1073
77,59,1146
77,60,1155
77,61,1172
77,62,1268
77,63,1301
77,64,1256
77,65,1133
77,66,1175
77,67,1243
77,68,1208
77,69,1178
77,70,1138
77,71,1123
77,72,1062
77,73,1030
77,74,1095
77,75,1142
77,76,1142
77,77,1135
77,78,1133
77,79,1168
77,80,1101
77,81,1135
77,82,1180
77,83,1158
77,84,1178
77,85,1146
77,86,1156
77,87,1135
77,88,1149
77,89,1195
77,90,1188
78,1,1230
78,2,1404
78,3,1494
78,4,1438
78,5,1420
78,6,1303
78,7,1202
78,8,1138
78,9,1299
78,10,1348
78,11,1303
78,12,1310
78,13,1367
78,14,1242
78,15,1079
78,16,1182
78,17,1216
78,18,1246
78,19,1236
78,20,1212
78,21,1177
78,22,1097
78,23,1283
78,24,1275
78,25,1279
78,26,1301
78,27,1231
78,28,1091
78,29,1051
78,30,1222
78,31,1344
78,32,1396
78,33,1331
78,34,1321
78,35,1276
78,36,1204
78,37,1170
78,38,1289
78,39,1388
78,40,1416
78,41,1393
78,42,1403
78,43,1292
78,44,1196
78,45,1218
78,46,1255
78,47,1227
78,48,1235
78,49,1280
78,50,1149
78,51,1080
78,52,1260
78,53,1319
78,54,1254
78,55,1280
78,56,1298
78,57,1140
78,58,1093
78,59,1272
78,60,1274
78,61,1295
78,62,1404
78,63,1445
78,64,1398
78,65,1170
78,66,1201
78,67,1387
78,68,1350
78,69,1320
78,70,1272
78,71,1216
78,72,1103
78,73,1054
78,74,1193
78,75,1261
78,76,1263
78,77,1249
78,78,1235
78,79,1210
78,80,1128
78,81,1272
78,82,1309
78,83,1296
78,84,1306
78,85,1276
78,86,1189
78,87,1154
78,88,1288
78,89,1325
78,90,1316
79,1,1262
79,2,1674
79,3,1755
79,4,1690
79,5,1664
79,6,1471
79,7,1287
79,8,1191
79,9,1554
79,10,1627
79,11,1562
79,12,1574
79,13,1603
79,14,1312
79,15,1110
79,16,1316
79,17,1377
79,18,1415
79,19,1406
79,20,1392
79,21,1250
79,22,1130
79,23,1532
79,24,1521
79,25,1534
79,26,1525
79,27,1451
79,28,1171
79,29,1086
79,30,1467
79,31,1607
79,32,1639
79,33,1582
79,34,1566
79,35,1535
79,36,1283
79,37,1200
79,38,1536
79,39,1637
79,40,1660
79,41,1633
79,42,1631
79,43,1361
79,44,1232
79,45,1354
79,46,1430
79,47,1393
79,48,1410
79,49,1437
79,50,1215
79,51,1112
79,52,1507
79,53,1542
79,54,1497
79,55,1529
79,56,1522
79,57,1219
79,58,1132
79,59,1524
79,60,1509
79,61,1569
79,62,1666
79,63,1695
79,64,1642
79,65,1262
79,66,1255
79,67,1638
79,68,1593
79,69,1556
79,70,1504
79,71,1374
79,72,1179
79,73,1088
79,74,1331
79,75,1441
79,76,1438
79,77,1411
79,78,1397
79,79,1271
79,80,1160
79,81,1519
79,82,1529
79,83,1531
79,84,1537
79,85,1504
79,86,1260
79,87,1186
79,88,1517
79,89,1568
79,90,1566
80,1,1321
80,2,1877
80,3,1915
80,4,1858
80,5,1823
80,6,1634
80,7,1431
80,8,1306
80,9,1738
80,10,1819
80,11,1766
80,12,1774
80,13,1782
80,14,1433
80,15,1214
80,16,1495
80,17,1564
80,18,1602
80,19,1585
80,20,1590
80,21,1385
80,22,1233
80,23,1752
80,24,1719
80,25,1740
80,26,1689
80,27,1634
80,28,1332
80,29,1207
80,30,1672
80,31,1792
80,32,1797
80,33,1754
80,34,1732
80,35,1729
80,36,1414
80,37,1300
80,38,1715
80,39,1809
80,40,1826
80,41,1792
80,42,1802
80,43,1488
80,44,1323
80,45,1502
80,46,1611
80,47,1586
80,48,1591
80,49,1605
80,50,1350
80,51,1209
80,52,1683
80,53,1706
80,54,1704
80,55,1716
80,56,1697
80,57,1373
80,58,1235
80,59,1676
80,60,1681
80,61,1753
80,62,1820
80,63,1839
80,64,1796
80,65,1408
80,66,1352
80,67,1790
80,68,1754
80,69,1713
80,70,1689
80,71,1542
80,72,1322
80,73,1210
80,74,1497
80,75,1628
80,76,1616
80,77,1589
80,78,1572
80,79,1406
80,80,1258
80,81,1715
80,82,1693
80,83,1705
80,84,1703
80,85,1677
80,86,1406
80,87,1284
80,88,1703
80,89,1768
80,90,1771
81,1,1436
81,2,1945
81,3,1942
81,4,1875
81,5,1842
81,6,1729
81,7,1555
81,8,1444
81,9,1808
81,10,1881
81,11,1823
81,12,1839
81,13,1820
81,14,1557
81,15,1339
81,16,1608
81,17,1664
81,18,1697
81,19,1692
81,20,1720
81,21,1519
81,22,1357
81,23,1836
81,24,1778
81,25,1802
81,26,1729
81,27,1699
81,28,1486
81,29,1356
81,30,1750
81,31,1847
81,32,1822
81,33,1791
81,34,1774
81,35,1796
81,36,1546
81,37,1415
81,38,1775
81,39,1844
81,40,1849
81,41,1816
81,42,1836
81,43,1596
81,44,1427
81,45,1623
81,46,1700
81,47,1691
81,48,1701
81,49,1692
81,50,1508
81,51,1362
81,52,1733
81,53,1745
81,54,1778
81,55,1775
81,56,1751
81,57,1530
81,58,1381
81,59,1730
81,60,1724
81,61,1808
81,62,1866
81,63,1865
81,64,1821
81,65,1569
81,66,1494
81,67,1817
81,68,1776
81,69,1749
81,70,1744
81,71,1643
81,72,1481
81,73,1357
81,74,1618
81,75,1722
81,76,1712
81,77,1678
81,78,1675
81,79,1531
81,80,1405
81,81,1786
81,82,1731
81,83,1751
81,84,1738
81,85,1731
81,86,1535
81,87,1403
81,88,1763
81,89,1833
81,90,1831
82,1,1550
82,2,1968
82,3,1937
82,4,1872
82,5,1836
82,6,1777
82,7,1636
82,8,1551
82,9,1822
82,10,1908
82,11,1844
82,12,1872
82,13,1842
82,14,1622
82,15,1438
82,16,1684
82,17,1727
82,18,1735
82,19,1749
82,20,1806
82,21,1592
82,22,1455
82,23,1875
82,24,1805
82,25,1810
82,26,1750
82,27,1736
82,28,1574
82,29,1471
82,30,1790
82,31,1855
82,32,1821
82,33,1803
82,34,1785
82,35,1829
82,36,1625
82,37,1510
82,38,1796
82,39,1851
82,40,1847
82,41,1816
82,42,1848
82,43,1664
82,44,1505
82,45,1692
82,46,1751
82,47,1762
82,48,1757
82,49,1740
82,50,1616
82,51,1502
82,52,1770
82,53,1758
82,54,1817
82,55,1797
82,56,1777
82,57,1636
82,58,1516
82,59,1753
82,60,1745
82,61,1835
82,62,1889
82,63,1860
82,64,1827
82,65,1694
82,66,1601
82,67,1812
82,68,1776
82,69,1763
82,70,1768
82,71,1698
82,72,1580
82,73,1449
82,74,1707
82,75,1765
82,76,1747
82,77,1733
82,78,1730
82,79,1600
82,80,1529
82,81,1821
82,82,1750
82,83,1762
82,84,1757
82,85,1754
82,86,1602
82,87,1485
82,88,1787
82,89,1865
82,90,1859
83,1,1646
83,2,1987
83,3,1925
83,4,1870
83,5,1829
83,6,1785
83,7,1654
83,8,1611
83,9,1823
83,10,1920
83,11,1846
83,12,1878
83,13,1839
83,14,1635
83,15,1481
83,16,1720
83,17,1750
83,18,1748
83,19,1783
83,20,1853
83,21,1613
83,22,1499
83,23,1902
83,24,1819
83,25,1807
83,26,1767
83,27,1766
83,28,1613
83,29,1534
83,30,1820
83,31,1866
83,32,1817
83,33,1804
83,34,1793
83,35,1847
83,36,1653
83,37,1544
83,38,1808
83,39,1850
83,40,1847
83,41,1828
83,42,1835
83,43,1680
83,44,1533
83,45,1729
83,46,1773
83,47,1817
83,48,1783
83,49,1755
83,50,1668
83,51,1597
83,52,1796
83,53,1764
83,54,1845
83,55,1808
83,56,1786
83,57,1681
83,58,1600
83,59,1769
83,60,1758
83,61,1848
83,62,1923
83,63,1854
83,64,1816
83,65,1754
83,66,1646
83,67,1811
83,68,1779
83,69,1769
83,70,1782
83,71,1726
83,72,1620
83,73,1488
83,74,1747
83,75,1784
83,76,1759
83,77,1753
83,78,1749
83,79,1610
83,80,1600
83,81,1843
83,82,1765
83,83,1762
83,84,1761
83,85,1760
83,86,1617
83,87,1525
83,88,1796
83,89,1881
83,90,1874
84,1,1704
84,2,1990
84,3,1900
84,4,1868
84,5,1809
84,6,1770
84,7,1622
84,8,1624
84,9,1816
84,10,1925
84,11,1863
84,12,1866
84,13,1815
84,14,1612
84,15,1495
84,16,1722
84,17,1755
84,18,1745
84,19,1796
84,20,1860
84,21,1602
84,22,1516
84,23,1905
84,24,1816
84,25,1787
84,26,1753
84,27,1781
84,28,1616
84,29,1578
84,30,1837
84,31,1854
84,32,1802
84,33,1798
84,34,1789
84,35,1839
84,36,1638
84,37,1557
84,38,1803
84,39,1837
84,40,1833
84,41,1816
84,42,1817
84,43,1658
84,44,1533
84,45,1727
84,46,1779
84,47,1844
84,48,1782
84,49,1747
84,50,1677
84,51,1654
84,52,1799
84,53,1765
84,54,1853
84,55,1804
84,56,1773
84,57,1698
84,58,1637
84,59,1766
84,60,1760
84,61,1844
84,62,1950
84,63,1838
84,64,1786
84,65,1773
84,66,1651
84,67,1792
84,68,1771
84,69,1763
84,70,1785
84,71,1710
84,72,1626
84,73,1497
84,74,1756
84,75,1780
84,76,1766
84,77,1756
84,78,1749
84,79,1608
84,80,1639
84,81,1850
84,82,1760
84,83,1757
84,84,1761
84,85,1756
84,86,1607
84,87,1545
84,88,1795
84,89,1881
84,90,1877
85,1,1713
85,2,1963
85,3,1871
85,4,1835
85,5,1783
85,6,1739
85,7,1594
85,8,1600
85,9,1786
85,10,1903
85,11,1846
85,12,1841
85,13,1787
85,14,1572
85,15,1476
85,16,1709
85,17,1739
85,18,1731
85,19,1780
85,20,1838
85,21,1555
85,22,1498
85,23,1882
85,24,1787
85,25,1754
85,26,1738
85,27,1781
85,28,1596
85,29,1579
85,30,1823
85,31,1832
85,32,1781
85,33,1773
85,34,1775
85,35,1810
85,36,1605
85,37,1537
85,38,1781
85,39,1811
85,40,1816
85,41,1795
85,42,1784
85,43,1627
85,44,1512
85,45,1707
85,46,1767
85,47,1851
85,48,1757
85,49,1727
85,50,1677
85,51,1644
85,52,1788
85,53,1758
85,54,1849
85,55,1780
85,56,1750
85,57,1695
85,58,1641
85,59,1749
85,60,1744
85,61,1823
85,62,1939
85,63,1810
85,64,1752
85,65,1776
85,66,1627
85,67,1768
85,68,1749
85,69,1742
85,70,1767
85,71,1708
85,72,1601
85,73,1474
85,74,1734
85,75,1765
85,76,1754
85,77,1738
85,78,1722
85,79,1588
85,80,1648
85,81,1845
85,82,1747
85,83,1734
85,84,1754
85,85,1731
85,86,1573
85,87,1537
85,88,1777
85,89,1865
85,90,1860
86,1,1682
86,2,1936
86,3,1845
86,4,1816
86,5,1766
86,6,1715
86,7,1562
86,8,1527
86,9,1772
86,10,1886
86,11,1837
86,12,1825
86,13,1755
86,14,1536
86,15,1449
86,16,1703
86,17,1733
86,18,1721
86,19,1790
86,20,1813
86,21,1509
86,22,1470
86,23,1858
86,24,1772
86,25,1743
86,26,1746
86,27,1788
86,28,1578
86,29,1562
86,30,1818
86,31,1815
86,32,1766
86,33,1770
86,34,1776
86,35,1793
86,36,1567
86,37,1511
86,38,1766
86,39,1799
86,40,1803
86,41,1785
86,42,1768
86,43,1577
86,44,1482
86,45,1691
86,46,1771
86,47,1862
86,48,1751
86,49,1719
86,50,1652
86,51,1597
86,52,1774
86,53,1744
86,54,1840
86,55,1769
86,56,1740
86,57,1689
86,58,1609
86,59,1742
86,60,1737
86,61,1810
86,62,1920
86,63,1796
86,64,1737
86,65,1751
86,66,1586
86,67,1751
86,68,1742
86,69,1739
86,70,1756
86,71,1696
86,72,1575
86,73,1415
86,74,1704
86,75,1757
86,76,1750
86,77,1734
86,78,1712
86,79,1567
86,80,1642
86,81,1832
86,82,1747
86,83,1728
86,84,1758
86,85,1723
86,86,1544
86,87,1512
86,88,1777
86,89,1855
86,90,1855
87,1,1635
87,2,1886
87,3,1803
87,4,1780
87,5,1734
87,6,1683
87,7,1524
87,8,1439
87,9,1738
87,10,1857
87,11,1819
87,12,1780
87,13,1722
87,14,1494
87,15,1415
87,16,1688
87,17,1711
87,18,1696
87,19,1767
87,20,1780
87,21,1481
87,22,1442
87,23,1829
87,24,1748
87,25,1716
87,26,1721
87,27,1765
87,28,1548
87,29,1539
87,30,1818
87,31,1787
87,32,1739
87,33,1742
87,34,1753
87,35,1757
87,36,1529
87,37,1479
87,38,1735
87,39,1776
87,40,1772
87,41,1752
87,42,1735
87,43,1532
87,44,1448
87,45,1664
87,46,1756
87,47,1857
87,48,1729
87,49,1687
87,50,1610
87,51,1550
87,52,1749
87,53,1725
87,54,1830
87,55,1747
87,56,1708
87,57,1677
87,58,1581
87,59,1718
87,60,1719
87,61,1786
87,62,1888
87,63,1757
87,64,1717
87,65,1728
87,66,1543
87,67,1714
87,68,1716
87,69,1712
87,70,1731
87,71,1666
87,72,1550
87,73,1352
87,74,1665
87,75,1731
87,76,1725
87,77,1716
87,78,1676
87,79,1548
87,80,1616
87,81,1803
87,82,1720
87,83,1701
87,84,1736
87,85,1694
87,86,1507
87,87,1480
87,88,1755
87,89,1832
87,90,1827
88,1,1615
88,2,1847
88,3,1778
88,4,1765
88,5,1712
88,6,1650
88,7,1503
88,8,1401
88,9,1723
88,10,1865
88,11,1806
88,12,1755
88,13,1689
88,14,1472
88,15,1399
88,16,1678
88,17,1693
88,18,1668
88,19,1756
88,20,1748
88,21,1460
88,22,1439
88,23,1824
88,24,1729
88,25,1697
88,26,1706
88,27,1742
88,28,1540
88,29,1548
88,30,1821
88,31,1763
88,32,1714
88,33,1724
88,34,1737
88,35,1717
88,36,1508
88,37,1465
88,38,1722
88,39,1763
88,40,1741
88,41,1733
88,42,1691
88,43,1497
88,44,1439
88,45,1654
88,46,1735
88,47,1834
88,48,1693
88,49,1644
88,50,1596
88,51,1521
88,52,1736
88,53,1702
88,54,1832
88,55,1739
88,56,1679
88,57,1654
88,58,1554
88,59,1700
88,60,1701
88,61,1777
88,62,1869
88,63,1735
88,64,1727
88,65,1706
88,66,1517
88,67,1692
88,68,1702
88,69,1688
88,70,1712
88,71,1631
88,72,1532
88,73,1324
88,74,1637
88,75,1705
88,76,1704
88,77,1687
88,78,1646
88,79,1540
88,80,1611
88,81,1791
88,82,1699
88,83,1683
88,84,1715
88,85,1664
88,86,1488
88,87,1471
88,88,1736
88,89,1827
88,90,1825
89,1,1663
89,2,1867
89,3,1772
89,4,1760
89,5,1721
89,6,1649
89,7,1502
89,8,1373
89,9,1741
89,10,1899
89,11,1845
89,12,1744
89,13,1662
89,14,1479
89,15,1422
89,16,1674
89,17,1689
89,18,1655
89,19,1746
89,20,1724
89,21,1446
89,22,1483
89,23,1853
89,24,1723
89,25,1687
89,26,1694
89,27,1713
89,28,1519
89,29,1589
89,30,1814
89,31,1752
89,32,1693
89,33,1715
89,34,1723
89,35,1692
89,36,1509
89,37,1483
89,38,1722
89,39,1785
89,40,1733
89,41,1722
89,42,1671
89,43,1495
89,44,1453
89,45,1651
89,46,1722
89,47,1821
89,48,1680
89,49,1622
89,50,1610
89,51,1526
89,52,1756
89,53,1696
89,54,1868
89,55,1737
89,56,1656
89,57,1674
89,58,1565
89,59,1702
89,60,1697
89,61,1793
89,62,1874
89,63,1748
89,64,1742
89,65,1707
89,66,1522
89,67,1683
89,68,1689
89,69,1681
89,70,1698
89,71,1619
89,72,1536
89,73,1309
89,74,1632
89,75,1707
89,76,1694
89,77,1671
89,78,1624
89,79,1564
89,80,1635
89,81,1807
89,82,1694
89,83,1671
89,84,1692
89,85,1643
89,86,1492
89,87,1483
89,88,1741
89,89,1852
89,90,1849
90,1,1740
90,2,1896
90,3,1789
90,4,1790
90,5,1770
90,6,1643
90,7,1536
90,8,1414
90,9,1808
90,10,1951
90,11,1900
90,12,1759
90,13,1647
90,14,1507
90,15,1455
90,16,1679
90,17,1681
90,18,1655
90,19,1730
90,20,1719
90,21,1467
90,22,1565
90,23,1896
90,24,1725
90,25,1686
90,26,1683
90,27,1676
90,28,1544
90,29,1656
90,30,1838
90,31,1777
90,32,1717
90,33,1727
90,34,1744
90,35,1677
90,36,1533
90,37,1521
90,38,1754
90,39,1846
90,40,1744
90,41,1739
90,42,1663
90,43,1518
90,44,1483
90,45,1662
90,46,1721
90,47,1805
90,48,1679
90,49,1611
90,50,1635
90,51,1557
90,52,1785
90,53,1701
90,54,1905
90,55,1748
90,56,1643
90,57,1707
90,58,1579
90,59,1724
90,60,1706
90,61,1827
90,62,1922
90,63,1769
90,64,1799
90,65,1716
90,66,1565
90,67,1707
90,68,1708
90,69,1688
90,70,1717
90,71,1637
90,72,1550
90,73,1319
90,74,1653
90,75,1724
90,76,1689
90,77,1663
90,78,1616
90,79,1629
90,80,1680
90,81,1839
90,82,1726
90,83,1681
90,84,1683
90,85,1628
90,86,1511
90,87,1522
90,88,1785
90,89,1901
90,90,1892
91,1,1813
91,2,1931
91,3,1832
91,4,1818
91,5,1851
91,6,1654
91,7,1574
91,8,1493
91,9,1872
91,10,1993
91,11,1921
91,12,1778
91,13,1653
91,14,1541
91,15,1500
91,16,1687
91,17,1678
91,18,1663
91,19,1734
91,20,1729
91,21,1481
91,22,1623
91,23,1914
91,24,1741
91,25,1688
91,26,1684
91,27,1657
91,28,1552
91,29,1690
91,30,1858
91,31,1844
91,32,1754
91,33,1752
91,34,1801
91,35,1700
91,36,1560
91,37,1563
91,38,1802
91,39,1909
91,40,1777
91,41,1774
91,42,1682
91,43,1544
91,44,1509
91,45,1668
91,46,1722
91,47,1795
91,48,1682
91,49,1651
91,50,1646
91,51,1579
91,52,1807
91,53,1705
91,54,1915
91,55,1748
91,56,1645
91,57,1741
91,58,1595
91,59,1729
91,60,1735
91,61,1856
91,62,1985
91,63,1795
91,64,1822
91,65,1750
91,66,1618
91,67,1746
91,68,1727
91,69,1732
91,70,1732
91,71,1669
91,72,1566
91,73,1353
91,74,1730
91,75,1747
91,76,1687
91,77,1670
91,78,1637
91,79,1679
91,80,1728
91,81,1863
91,82,1797
91,83,1694
91,84,1685
91,85,1628
91,86,1530
91,87,1552
91,88,1824
91,89,1923
91,90,1924
92,1,1915
92,2,2069
92,3,1969
92,4,1947
92,5,1935
92,6,1739
92,7,1690
92,8,1649
92,9,1984
92,10,2030
92,11,1948
92,12,1884
92,13,1753
92,14,1644
92,15,1596
92,16,1779
92,17,1750
92,18,1755
92,19,1795
92,20,1800
92,21,1553
92,22,1714
92,23,1946
92,24,1809
92,25,1764
92,26,1755
92,27,1692
92,28,1610
92,29,1748
92,30,1892
92,31,1971
92,32,1902
92,33,1888
92,34,1922
92,35,1797
92,36,1666
92,37,1693
92,38,1923
92,39,2009
92,40,1895
92,41,1896
92,42,1783
92,43,1641
92,44,1606
92,45,1756
92,46,1798
92,47,1867
92,48,1761
92,49,1759
92,50,1689
92,51,1662
92,52,1872
92,53,1793
92,54,1934
92,55,1827
92,56,1700
92,57,1757
92,58,1651
92,59,1794
92,60,1781
92,61,1982
92,62,2056
92,63,1921
92,64,1864
92,65,1811
92,66,1759
92,67,1872
92,68,1845
92,69,1856
92,70,1809
92,71,1761
92,72,1650
92,73,1484
92,74,1834
92,75,1826
92,76,1765
92,77,1748
92,78,1718
92,79,1732
92,80,1793
92,81,1929
92,82,1886
92,83,1775
92,84,1758
92,85,1689
92,86,1587
92,87,1631
92,88,1874
92,89,1962
92,90,1961
93,1,1882
93,2,2084
93,3,1991
93,4,1973
93,5,1907
93,6,1785
93,7,1744
93,8,1705
93,9,1953
93,10,1975
93,11,1916
93,12,1927
93,13,1828
93,14,1683
93,15,1640
93,16,1816
93,17,1801
93,18,1814
93,19,1835
93,20,1808
93,21,1635
93,22,1740
93,23,1899
93,24,1857
93,25,1857
93,26,1849
93,27,1783
93,28,1691
93,29,1760
93,30,1877
93,31,1986
93,32,1927
93,33,1913
93,34,1920
93,35,1829
93,36,1721
93,37,1758
93,38,1950
93,39,1999
93,40,1949
93,41,1948
93,42,1854
93,43,1708
93,44,1675
93,45,1815
93,46,1857
93,47,1914
93,48,1828
93,49,1786
93,50,1708
93,51,1743
93,52,1920
93,53,1871
93,54,1916
93,55,1906
93,56,1788
93,57,1745
93,58,1748
93,59,1885
93,60,1866
93,61,1975
93,62,2033
93,63,1945
93,64,1835
93,65,1795
93,66,1822
93,67,1911
93,68,1881
93,69,1875
93,70,1845
93,71,1750
93,72,1714
93,73,1576
93,74,1810
93,75,1831
93,76,1838
93,77,1808
93,78,1782
93,79,1725
93,80,1769
93,81,1914
93,82,1862
93,83,1879
93,84,1854
93,85,1785
93,86,1682
93,87,1736
93,88,1920
93,89,1932
93,90,1936
94,1,1752
94,2,1956
94,3,1871
94,4,1841
94,5,1789
94,6,1700
94,7,1667
94,8,1605
94,9,1802
94,10,1818
94,11,1769
94,12,1810
94,13,1739
94,14,1596
94,15,1542
94,16,1687
94,17,1685
94,18,1699
94,19,1730
94,20,1711
94,21,1566
94,22,1605
94,23,1748
94,24,1731
94,25,1755
94,26,1740
94,27,1696
94,28,1618
94,29,1628
94,30,1731
94,31,1850
94,32,1798
94,33,1783
94,34,1783
94,35,1738
94,36,1637
94,37,1617
94,38,1804
94,39,1856
94,40,1825
94,41,1832
94,42,1762
94,43,1637
94,44,1567
94,45,1685
94,46,1728
94,47,1778
94,48,1715
94,49,1691
94,50,1621
94,51,1620
94,52,1776
94,53,1748
94,54,1767
94,55,1774
94,56,1700
94,57,1655
94,58,1635
94,59,1749
94,60,1750
94,61,1843
94,62,1893
94,63,1820
94,64,1733
94,65,1708
94,66,1696
94,67,1768
94,68,1749
94,69,1736
94,70,1726
94,71,1649
94,72,1636
94,73,1496
94,74,1673
94,75,1706
94,76,1724
94,77,1696
94,78,1700
94,79,1620
94,80,1626
94,81,1765
94,82,1718
94,83,1764
94,84,1741
94,85,1710
94,86,1621
94,87,1618
94,88,1772
94,89,1788
94,90,1791
95,1,1587
95,2,1753
95,3,1674
95,4,1641
95,5,1600
95,6,1547
95,7,1535
95,8,1444
95,9,1585
95,10,1606
95,11,1556
95,12,1612
95,13,1591
95,14,1448
95,15,1393
95,16,1512
95,17,1484
95,18,1514
95,19,1531
95,20,1557
95,21,1434
95,22,1438
95,23,1533
95,24,1521
95,25,1544
95,26,1524
95,27,1522
95,28,1466
95,29,1447
95,30,1510
95,31,1640
95,32,1583
95,33,1566
95,34,1569
95,35,1576
95,36,1500
95,37,1438
95,38,1591
95,39,1637
95,40,1616
95,41,1631
95,42,1602
95,43,1497
95,44,1406
95,45,1484
95,46,1524
95,47,1558
95,48,1538
95,49,1520
95,50,1471
95,51,1443
95,52,1560
95,53,1532
95,54,1548
95,55,1571
95,56,1535
95,57,1511
95,58,1449
95,59,1529
95,60,1539
95,61,1625
95,62,1679
95,63,1614
95,64,1563
95,65,1566
95,66,1517
95,67,1551
95,68,1532
95,69,1526
95,70,1530
95,71,1484
95,72,1480
95,73,1363
95,74,1486
95,75,1514
95,76,1522
95,77,1500
95,78,1545
95,79,1479
95,80,1450
95,81,1544
95,82,1501
95,83,1547
95,84,1522
95,85,1546
95,86,1488
95,87,1439
95,88,1564
95,89,1566
95,90,1573
96,1,1424
96,2,1571
96,3,1486
96,4,1444
96,5,1411
96,6,1373
96,7,1370
96,8,1292
96,9,1404
96,10,1395
96,11,1363
96,12,1428
96,13,1417
96,14,1292
96,15,1266
96,16,1317
96,17,1308
96,18,1326
96,19,1345
96,20,1381
96,21,1285
96,22,1283
96,23,1341
96,24,1335
96,25,1360
96,26,1327
96,27,1338
96,28,1304
96,29,1278
96,30,1346
96,31,1444
96,32,1388
96,33,1368
96,34,1367
96,35,1400
96,36,1350
96,37,1272
96,38,1395
96,39,1444
96,40,1423
96,41,1438
96,42,1430
96,43,1360
96,44,1267
96,45,1312
96,46,1336
96,47,1351
96,48,1355
96,49,1345
96,50,1314
96,51,1273
96,52,1365
96,53,1334
96,54,1347
96,55,1374
96,56,1355
96,57,1341
96,58,1288
96,59,1336
96,60,1341
96,61,1427
96,62,1477
96,63,1426
96,64,1394
96,65,1413
96,66,1352
96,67,1363
96,68,1348
96,69,1333
96,70,1335
96,71,1311
96,72,1311
96,73,1230
96,74,1316
96,75,1336
96,76,1331
96,77,1319
96,78,1381
96,79,1332
96,80,1280
96,81,1345
96,82,1296
96,83,1343
96,84,1329
96,85,1373
96,86,1349
96,87,1284
96,88,1368
96,89,1369
96,90,1368
