Hours,Scenarios,NH
1,1,1690
1,2,1710
1,3,1697
1,4,1573
1,5,1625
1,6,1805
1,7,1699
1,8,1685
1,9,1621
1,10,1568
1,11,1505
1,12,1460
1,13,1600
1,14,1667
1,15,1616
1,16,1654
1,17,1582
1,18,1441
1,19,1416
1,20,1556
1,21,1525
1,22,1540
1,23,1571
1,24,1560
1,25,1459
1,26,1467
1,27,1589
1,28,1555
1,29,1596
1,30,1553
1,31,1639
1,32,1605
1,33,1565
1,34,1577
1,35,1710
1,36,1621
1,37,1584
1,38,1591
1,39,1562
1,40,1502
1,41,1453
1,42,1629
1,43,1648
1,44,1623
1,45,1612
1,46,1594
1,47,1482
1,48,1421
1,49,1526
1,50,1566
1,51,1608
1,52,1572
1,53,1531
1,54,1492
1,55,1467
1,56,1607
1,57,1564
1,58,1589
1,59,1592
1,60,1550
1,61,1511
1,62,1455
1,63,1480
1,64,1626
1,65,1732
1,66,1740
1,67,1678
1,68,1582
1,69,1602
1,70,1524
1,71,1578
1,72,1552
1,73,1565
1,74,1527
1,75,1462
1,76,1412
1,77,1363
1,78,1509
1,79,1528
1,80,1543
1,81,1524
1,82,1511
1,83,1498
1,84,1497
1,85,1595
1,86,1564
1,87,1565
1,88,1548
1,89,1527
1,90,1451
2,1,1616
2,2,1644
2,3,1621
2,4,1488
2,5,1567
2,6,1734
2,7,1630
2,8,1604
2,9,1555
2,10,1501
2,11,1429
2,12,1390
2,13,1542
2,14,1588
2,15,1547
2,16,1590
2,17,1516
2,18,1369
2,19,1353
2,20,1479
2,21,1452
2,22,1472
2,23,1488
2,24,1482
2,25,1393
2,26,1418
2,27,1523
2,28,1488
2,29,1527
2,30,1480
2,31,1584
2,32,1533
2,33,1500
2,34,1515
2,35,1645
2,36,1557
2,37,1512
2,38,1522
2,39,1490
2,40,1442
2,41,1396
2,42,1573
2,43,1580
2,44,1560
2,45,1553
2,46,1533
2,47,1419
2,48,1368
2,49,1463
2,50,1493
2,51,1527
2,52,1500
2,53,1461
2,54,1423
2,55,1410
2,56,1542
2,57,1490
2,58,1510
2,59,1530
2,60,1461
2,61,1443
2,62,1450
2,63,1427
2,64,1550
2,65,1666
2,66,1674
2,67,1606
2,68,1502
2,69,1531
2,70,1477
2,71,1527
2,72,1501
2,73,1486
2,74,1452
2,75,1385
2,76,1329
2,77,1313
2,78,1447
2,79,1458
2,80,1470
2,81,1454
2,82,1450
2,83,1425
2,84,1447
2,85,1523
2,86,1497
2,87,1504
2,88,1480
2,89,1461
2,90,1396
3,1,1588
3,2,1617
3,3,1582
3,4,1501
3,5,1547
3,6,1709
3,7,1601
3,8,1574
3,9,1522
3,10,1467
3,11,1390
3,12,1390
3,13,1519
3,14,1555
3,15,1514
3,16,1560
3,17,1477
3,18,1331
3,19,1329
3,20,1435
3,21,1422
3,22,1439
3,23,1438
3,24,1440
3,25,1355
3,26,1396
3,27,1484
3,28,1461
3,29,1495
3,30,1441
3,31,1548
3,32,1512
3,33,1491
3,34,1491
3,35,1605
3,36,1527
3,37,1482
3,38,1481
3,39,1451
3,40,1408
3,41,1373
3,42,1548
3,43,1559
3,44,1526
3,45,1533
3,46,1502
3,47,1395
3,48,1342
3,49,1427
3,50,1454
3,51,1486
3,52,1468
3,53,1418
3,54,1383
3,55,1389
3,56,1512
3,57,1451
3,58,1481
3,59,1495
3,60,1422
3,61,1405
3,62,1394
3,63,1407
3,64,1522
3,65,1631
3,66,1645
3,67,1583
3,68,1465
3,69,1497
3,70,1452
3,71,1506
3,72,1470
3,73,1454
3,74,1415
3,75,1351
3,76,1274
3,77,1290
3,78,1416
3,79,1427
3,80,1434
3,81,1415
3,82,1413
3,83,1389
3,84,1415
3,85,1489
3,86,1477
3,87,1471
3,88,1446
3,89,1424
3,90,1362
4,1,1582
4,2,1609
4,3,1563
4,4,1473
4,5,1554
4,6,1703
4,7,1595
4,8,1564
4,9,1514
4,10,1454
4,11,1374
4,12,1399
4,13,1515
4,14,1530
4,15,1506
4,16,1561
4,17,1462
4,18,1308
4,19,1320
4,20,1417
4,21,1413
4,22,1426
4,23,1415
4,24,1420
4,25,1346
4,26,1397
4,27,1471
4,28,1455
4,29,1488
4,30,1429
4,31,1537
4,32,1485
4,33,1453
4,34,1488
4,35,1598
4,36,1521
4,37,1465
4,38,1466
4,39,1440
4,40,1395
4,41,1374
4,42,1548
4,43,1553
4,44,1520
4,45,1525
4,46,1494
4,47,1377
4,48,1338
4,49,1420
4,50,1439
4,51,1456
4,52,1464
4,53,1399
4,54,1363
4,55,1388
4,56,1509
4,57,1438
4,58,1466
4,59,1490
4,60,1393
4,61,1386
4,62,1361
4,63,1409
4,64,1515
4,65,1627
4,66,1645
4,67,1574
4,68,1438
4,69,1477
4,70,1460
4,71,1499
4,72,1470
4,73,1439
4,74,1400
4,75,1320
4,76,1250
4,77,1291
4,78,1408
4,79,1403
4,80,1419
4,81,1399
4,82,1391
4,83,1375
4,84,1416
4,85,1478
4,86,1459
4,87,1467
4,88,1438
4,89,1410
4,90,1351
5,1,1620
5,2,1650
5,3,1568
5,4,1473
5,5,1606
5,6,1743
5,7,1639
5,8,1614
5,9,1543
5,10,1471
5,11,1375
5,12,1449
5,13,1540
5,14,1558
5,15,1545
5,16,1602
5,17,1469
5,18,1303
5,19,1348
5,20,1433
5,21,1443
5,22,1455
5,23,1432
5,24,1422
5,25,1351
5,26,1440
5,27,1500
5,28,1493
5,29,1525
5,30,1450
5,31,1569
5,32,1497
5,33,1453
5,34,1529
5,35,1628
5,36,1557
5,37,1494
5,38,1496
5,39,1452
5,40,1405
5,41,1425
5,42,1594
5,43,1591
5,44,1549
5,45,1568
5,46,1502
5,47,1386
5,48,1373
5,49,1456
5,50,1465
5,51,1475
5,52,1498
5,53,1408
5,54,1360
5,55,1434
5,56,1537
5,57,1469
5,58,1490
5,59,1525
5,60,1400
5,61,1394
5,62,1352
5,63,1451
5,64,1551
5,65,1666
5,66,1681
5,67,1618
5,68,1442
5,69,1478
5,70,1522
5,71,1546
5,72,1511
5,73,1473
5,74,1422
5,75,1324
5,76,1248
5,77,1326
5,78,1441
5,79,1437
5,80,1445
5,81,1425
5,82,1399
5,83,1369
5,84,1465
5,85,1521
5,86,1515
5,87,1504
5,88,1466
5,89,1421
5,90,1360
6,1,1781
6,2,1803
6,3,1613
6,4,1476
6,5,1777
6,6,1907
6,7,1803
6,8,1814
6,9,1666
6,10,1536
6,11,1410
6,12,1629
6,13,1711
6,14,1712
6,15,1709
6,16,1765
6,17,1524
6,18,1323
6,19,1464
6,20,1551
6,21,1570
6,22,1582
6,23,1555
6,24,1470
6,25,1374
6,26,1604
6,27,1655
6,28,1646
6,29,1673
6,30,1583
6,31,1731
6,32,1542
6,33,1446
6,34,1684
6,35,1792
6,36,1715
6,37,1649
6,38,1630
6,39,1506
6,40,1441
6,41,1594
6,42,1757
6,43,1764
6,44,1717
6,45,1731
6,46,1563
6,47,1428
6,48,1489
6,49,1593
6,50,1590
6,51,1596
6,52,1619
6,53,1450
6,54,1380
6,55,1586
6,56,1692
6,57,1612
6,58,1652
6,59,1668
6,60,1443
6,61,1429
6,62,1371
6,63,1614
6,64,1704
6,65,1821
6,66,1847
6,67,1768
6,68,1493
6,69,1515
6,70,1697
6,71,1714
6,72,1674
6,73,1618
6,74,1528
6,75,1361
6,76,1275
6,77,1446
6,78,1583
6,79,1564
6,80,1566
6,81,1536
6,82,1448
6,83,1395
6,84,1623
6,85,1665
6,86,1669
6,87,1653
6,88,1617
6,89,1470
6,90,1381
7,1,2057
7,2,2082
7,3,1699
7,4,1516
7,5,2090
7,6,2187
7,7,2096
7,8,2082
7,9,1859
7,10,1615
7,11,1469
7,12,1934
7,13,2034
7,14,2001
7,15,2011
7,16,2027
7,17,1599
7,18,1342
7,19,1635
7,20,1744
7,21,1769
7,22,1788
7,23,1758
7,24,1541
7,25,1412
7,26,1912
7,27,1930
7,28,1923
7,29,1942
7,30,1833
7,31,1978
7,32,1659
7,33,1459
7,34,1989
7,35,2069
7,36,1996
7,37,1939
7,38,1912
7,39,1582
7,40,1484
7,41,1890
7,42,2047
7,43,2048
7,44,1993
7,45,2004
7,46,1632
7,47,1463
7,48,1655
7,49,1793
7,50,1784
7,51,1792
7,52,1806
7,53,1529
7,54,1418
7,55,1881
7,56,1948
7,57,1900
7,58,1918
7,59,1917
7,60,1515
7,61,1504
7,62,1405
7,63,1912
7,64,2006
7,65,2119
7,66,2126
7,67,2041
7,68,1587
7,69,1566
7,70,1990
7,71,1994
7,72,1948
7,73,1882
7,74,1699
7,75,1450
7,76,1309
7,77,1621
7,78,1785
7,79,1756
7,80,1746
7,81,1721
7,82,1516
7,83,1436
7,84,1915
7,85,1933
7,86,1939
7,87,1916
7,88,1874
7,89,1547
7,90,1417
8,1,2267
8,2,2299
8,3,1853
8,4,1584
8,5,2314
8,6,2369
8,7,2303
8,8,2268
8,9,2046
8,10,1739
8,11,1593
8,12,2156
8,13,2265
8,14,2214
8,15,2228
8,16,2212
8,17,1729
8,18,1454
8,19,1840
8,20,1963
8,21,1979
8,22,2004
8,23,1973
8,24,1674
8,25,1518
8,26,2154
8,27,2140
8,28,2129
8,29,2129
8,30,2050
8,31,2209
8,32,1822
8,33,1549
8,34,2217
8,35,2249
8,36,2189
8,37,2134
8,38,2122
8,39,1711
8,40,1589
8,41,2106
8,42,2244
8,43,2229
8,44,2180
8,45,2189
8,46,1759
8,47,1564
8,48,1863
8,49,2005
8,50,1999
8,51,1986
8,52,2011
8,53,1657
8,54,1518
8,55,2091
8,56,2145
8,57,2136
8,58,2126
8,59,2112
8,60,1664
8,61,1658
8,62,1479
8,63,2120
8,64,2231
8,65,2312
8,66,2302
8,67,2219
8,68,1726
8,69,1672
8,70,2189
8,71,2172
8,72,2135
8,73,2099
8,74,1877
8,75,1575
8,76,1431
8,77,1822
8,78,1978
8,79,1959
8,80,1951
8,81,1920
8,82,1647
8,83,1542
8,84,2138
8,85,2120
8,86,2128
8,87,2107
8,88,2063
8,89,1688
8,90,1522
9,1,2341
9,2,2370
9,3,2014
9,4,1706
9,5,2369
9,6,2396
9,7,2351
9,8,2295
9,9,2149
9,10,1890
9,11,1736
9,12,2216
9,13,2337
9,14,2285
9,15,2298
9,16,2256
9,17,1866
9,18,1596
9,19,1978
9,20,2087
9,21,2089
9,22,2126
9,23,2121
9,24,1807
9,25,1646
9,26,2248
9,27,2189
9,28,2184
9,29,2180
9,30,2142
9,31,2257
9,32,1994
9,33,1668
9,34,2279
9,35,2273
9,36,2226
9,37,2185
9,38,2182
9,39,1857
9,40,1708
9,41,2171
9,42,2275
9,43,2262
9,44,2219
9,45,2233
9,46,1886
9,47,1683
9,48,1999
9,49,2114
9,50,2126
9,51,2101
9,52,2109
9,53,1826
9,54,1669
9,55,2151
9,56,2182
9,57,2214
9,58,2180
9,59,2173
9,60,1829
9,61,1791
9,62,1600
9,63,2179
9,64,2298
9,65,2372
9,66,2328
9,67,2260
9,68,1900
9,69,1797
9,70,2223
9,71,2198
9,72,2181
9,73,2171
9,74,1994
9,75,1734
9,76,1583
9,77,1952
9,78,2083
9,79,2068
9,80,2069
9,81,2039
9,82,1792
9,83,1691
9,84,2215
9,85,2168
9,86,2170
9,87,2147
9,88,2120
9,89,1822
9,90,1648
10,1,2382
10,2,2392
10,3,2116
10,4,1836
10,5,2393
10,6,2380
10,7,2357
10,8,2286
10,9,2176
10,10,1977
10,11,1851
10,12,2224
10,13,2364
10,14,2304
10,15,2325
10,16,2257
10,17,1940
10,18,1709
10,19,2070
10,20,2156
10,21,2152
10,22,2189
10,23,2204
10,24,1887
10,25,1741
10,26,2290
10,27,2213
10,28,2197
10,29,2206
10,30,2203
10,31,2272
10,32,2149
10,33,1787
10,34,2305
10,35,2268
10,36,2227
10,37,2210
10,38,2212
10,39,1943
10,40,1810
10,41,2198
10,42,2263
10,43,2268
10,44,2227
10,45,2241
10,46,1955
10,47,1777
10,48,2085
10,49,2177
10,50,2210
10,51,2156
10,52,2158
10,53,1954
10,54,1803
10,55,2192
10,56,2200
10,57,2253
10,58,2203
10,59,2186
10,60,1946
10,61,1910
10,62,1711
10,63,2186
10,64,2323
10,65,2383
10,66,2315
10,67,2260
10,68,2010
10,69,1874
10,70,2233
10,71,2195
10,72,2198
10,73,2187
10,74,2059
10,75,1856
10,76,1687
10,77,2036
10,78,2126
10,79,2121
10,80,2134
10,81,2095
10,82,1884
10,83,1830
10,84,2246
10,85,2190
10,86,2180
10,87,2159
10,88,2141
10,89,1890
10,90,1749
11,1,2397
11,2,2408
11,3,2145
11,4,1919
11,5,2423
11,6,2386
11,7,2352
11,8,2277
11,9,2176
11,10,1998
11,11,1894
11,12,2239
11,13,2388
11,14,2295
11,15,2348
11,16,2256
11,17,1951
11,18,1768
11,19,2135
11,20,2202
11,21,2199
11,22,2235
11,23,2253
11,24,1923
11,25,1784
11,26,2303
11,27,2228
11,28,2219
11,29,2229
11,30,2249
11,31,2280
11,32,2216
11,33,1880
11,34,2320
11,35,2268
11,36,2243
11,37,2226
11,38,2222
11,39,1964
11,40,1851
11,41,2219
11,42,2274
11,43,2279
11,44,2229
11,45,2238
11,46,1961
11,47,1813
11,48,2131
11,49,2217
11,50,2286
11,51,2192
11,52,2185
11,53,2024
11,54,1878
11,55,2227
11,56,2216
11,57,2277
11,58,2225
11,59,2200
11,60,1994
11,61,1946
11,62,1790
11,63,2213
11,64,2353
11,65,2397
11,66,2313
11,67,2250
11,68,2054
11,69,1897
11,70,2239
11,71,2204
11,72,2217
11,73,2207
11,74,2099
11,75,1909
11,76,1731
11,77,2093
11,78,2163
11,79,2158
11,80,2175
11,81,2130
11,82,1932
11,83,1921
11,84,2277
11,85,2205
11,86,2192
11,87,2184
11,88,2158
11,89,1909
11,90,1795
12,1,2389
12,2,2406
12,3,2136
12,4,1977
12,5,2421
12,6,2359
12,7,2333
12,8,2258
12,9,2171
12,10,1991
12,11,1894
12,12,2232
12,13,2392
12,14,2321
12,15,2341
12,16,2242
12,17,1925
12,18,1790
12,19,2165
12,20,2218
12,21,2202
12,22,2252
12,23,2268
12,24,1913
12,25,1801
12,26,2308
12,27,2233
12,28,2221
12,29,2231
12,30,2279
12,31,2268
12,32,2231
12,33,1931
12,34,2316
12,35,2255
12,36,2229
12,37,2221
12,38,2205
12,39,1947
12,40,1867
12,41,2216
12,42,2272
12,43,2270
12,44,2230
12,45,2221
12,46,1934
12,47,1819
12,48,2141
12,49,2237
12,50,2327
12,51,2202
12,52,2185
12,53,2057
12,54,1908
12,55,2244
12,56,2222
12,57,2288
12,58,2230
12,59,2192
12,60,2007
12,61,1942
12,62,1824
12,63,2207
12,64,2345
12,65,2396
12,66,2313
12,67,2231
12,68,2068
12,69,1899
12,70,2233
12,71,2207
12,72,2220
12,73,2216
12,74,2111
12,75,1919
12,76,1749
12,77,2104
12,78,2173
12,79,2167
12,80,2189
12,81,2136
12,82,1947
12,83,1968
12,84,2281
12,85,2206
12,86,2184
12,87,2191
12,88,2151
12,89,1898
12,90,1813
13,1,2365
13,2,2372
13,3,2097
13,4,2009
13,5,2390
13,6,2325
13,7,2289
13,8,2226
13,9,2135
13,10,1931
13,11,1845
13,12,2207
13,13,2371
13,14,2295
13,15,2300
13,16,2200
13,17,1885
13,18,1780
13,19,2155
13,20,2203
13,21,2177
13,22,2254
13,23,2251
13,24,1875
13,25,1791
13,26,2296
13,27,2220
13,28,2204
13,29,2220
13,30,2282
13,31,2224
13,32,2219
13,33,1973
13,34,2296
13,35,2233
13,36,2213
13,37,2214
13,38,2182
13,39,1906
13,40,1853
13,41,2202
13,42,2238
13,43,2239
13,44,2203
13,45,2193
13,46,1884
13,47,1804
13,48,2131
13,49,2233
13,50,2342
13,51,2184
13,52,2162
13,53,2042
13,54,1891
13,55,2233
13,56,2203
13,57,2278
13,58,2210
13,59,2164
13,60,2005
13,61,1924
13,62,1826
13,63,2209
13,64,2325
13,65,2371
13,66,2274
13,67,2203
13,68,2039
13,69,1879
13,70,2204
13,71,2184
13,72,2197
13,73,2201
13,74,2099
13,75,1894
13,76,1725
13,77,2084
13,78,2164
13,79,2162
13,80,2185
13,81,2120
13,82,1935
13,83,1982
13,84,2272
13,85,2189
13,86,2165
13,87,2177
13,88,2134
13,89,1862
13,90,1800
14,1,2371
14,2,2365
14,3,2056
14,4,1999
14,5,2368
14,6,2305
14,7,2263
14,8,2211
14,9,2109
14,10,1888
14,11,1747
14,12,2189
14,13,2369
14,14,2287
14,15,2270
14,16,2179
14,17,1850
14,18,1756
14,19,2168
14,20,2202
14,21,2167
14,22,2279
14,23,2231
14,24,1828
14,25,1764
14,26,2285
14,27,2218
14,28,2193
14,29,2230
14,30,2291
14,31,2194
14,32,2179
14,33,1981
14,34,2281
14,35,2217
14,36,2207
14,37,2215
14,38,2166
14,39,1859
14,40,1824
14,41,2193
14,42,2228
14,43,2217
14,44,2197
14,45,2176
14,46,1840
14,47,1773
14,48,2122
14,49,2247
14,50,2362
14,51,2182
14,52,2154
14,53,2022
14,54,1848
14,55,2226
14,56,2199
14,57,2275
14,58,2202
14,59,2157
14,60,1994
14,61,1904
14,62,1799
14,63,2207
14,64,2316
14,65,2357
14,66,2259
14,67,2197
14,68,1995
14,69,1836
14,70,2189
14,71,2178
14,72,2202
14,73,2202
14,74,2088
14,75,1867
14,76,1653
14,77,2068
14,78,2161
14,79,2160
14,80,2197
14,81,2110
14,82,1908
14,83,1960
14,84,2261
14,85,2193
14,86,2161
14,87,2176
14,88,2121
14,89,1822
14,90,1772
15,1,2354
15,2,2337
15,3,2005
15,4,1973
15,5,2316
15,6,2250
15,7,2223
15,8,2177
15,9,2068
15,10,1840
15,11,1662
15,12,2156
15,13,2341
15,14,2272
15,15,2210
15,16,2128
15,17,1811
15,18,1726
15,19,2161
15,20,2179
15,21,2137
15,22,2267
15,23,2191
15,24,1792
15,25,1737
15,26,2259
15,27,2187
15,28,2163
15,29,2217
15,30,2269
15,31,2150
15,32,2141
15,33,1954
15,34,2244
15,35,2179
15,36,2186
15,37,2191
15,38,2132
15,39,1819
15,40,1792
15,41,2161
15,42,2194
15,43,2183
15,44,2162
15,45,2136
15,46,1794
15,47,1744
15,48,2102
15,49,2231
15,50,2343
15,51,2148
15,52,2118
15,53,2003
15,54,1812
15,55,2190
15,56,2177
15,57,2256
15,58,2174
15,59,2125
15,60,1978
15,61,1906
15,62,1764
15,63,2187
15,64,2299
15,65,2303
15,66,2231
15,67,2187
15,68,1958
15,69,1793
15,70,2155
15,71,2147
15,72,2181
15,73,2182
15,74,2052
15,75,1831
15,76,1589
15,77,2040
15,78,2132
15,79,2139
15,80,2180
15,81,2078
15,82,1887
15,83,1936
15,84,2229
15,85,2171
15,86,2139
15,87,2151
15,88,2090
15,89,1786
15,90,1744
16,1,2360
16,2,2317
16,3,1986
16,4,1962
16,5,2284
16,6,2216
16,7,2190
16,8,2153
16,9,2020
16,10,1809
16,11,1618
16,12,2130
16,13,2349
16,14,2253
16,15,2164
16,16,2076
16,17,1785
16,18,1718
16,19,2146
16,20,2145
16,21,2103
16,22,2236
16,23,2140
16,24,1762
16,25,1739
16,26,2249
16,27,2159
16,28,2135
16,29,2198
16,30,2230
16,31,2109
16,32,2114
16,33,1960
16,34,2225
16,35,2138
16,36,2149
16,37,2168
16,38,2092
16,39,1795
16,40,1779
16,41,2132
16,42,2158
16,43,2141
16,44,2130
16,45,2077
16,46,1762
16,47,1730
16,48,2077
16,49,2202
16,50,2313
16,51,2116
16,52,2070
16,53,1982
16,54,1789
16,55,2163
16,56,2148
16,57,2254
16,58,2146
16,59,2082
16,60,1969
16,61,1914
16,62,1744
16,63,2188
16,64,2297
16,65,2270
16,66,2206
16,67,2184
16,68,1943
16,69,1770
16,70,2120
16,71,2121
16,72,2149
16,73,2150
16,74,2014
16,75,1805
16,76,1550
16,77,2012
16,78,2094
16,79,2107
16,80,2145
16,81,2032
16,82,1870
16,83,1929
16,84,2198
16,85,2152
16,86,2110
16,87,2121
16,88,2046
16,89,1759
16,90,1729
17,1,2421
17,2,2334
17,3,2014
17,4,1974
17,5,2288
17,6,2198
17,7,2181
17,8,2143
17,9,1986
17,10,1808
17,11,1612
17,12,2123
17,13,2404
17,14,2260
17,15,2152
17,16,2040
17,17,1783
17,18,1735
17,19,2146
17,20,2133
17,21,2086
17,22,2218
17,23,2125
17,24,1755
17,25,1785
17,26,2294
17,27,2153
17,28,2123
17,29,2186
17,30,2196
17,31,2092
17,32,2131
17,33,1992
17,34,2237
17,35,2126
17,36,2136
17,37,2158
17,38,2059
17,39,1788
17,40,1792
17,41,2133
17,42,2162
17,43,2130
17,44,2120
17,45,2049
17,46,1759
17,47,1743
17,48,2076
17,49,2181
17,50,2295
17,51,2097
17,52,2040
17,53,1983
17,54,1795
17,55,2176
17,56,2133
17,57,2273
17,58,2128
17,59,2050
17,60,1982
17,61,1912
17,62,1749
17,63,2217
17,64,2325
17,65,2277
17,66,2194
17,67,2196
17,68,1940
17,69,1782
17,70,2110
17,71,2108
17,72,2138
17,73,2124
17,74,1999
17,75,1798
17,76,1532
17,77,1997
17,78,2076
17,79,2085
17,80,2115
17,81,2006
17,82,1879
17,83,1960
17,84,2205
17,85,2152
17,86,2090
17,87,2099
17,88,2016
17,89,1759
17,90,1743
18,1,2478
18,2,2361
18,3,2082
18,4,2049
18,5,2307
18,6,2194
18,7,2186
18,8,2150
18,9,1990
18,10,1825
18,11,1625
18,12,2166
18,13,2454
18,14,2277
18,15,2128
18,16,2002
18,17,1796
18,18,1768
18,19,2119
18,20,2107
18,21,2066
18,22,2179
18,23,2111
18,24,1764
18,25,1855
18,26,2306
18,27,2135
18,28,2100
18,29,2147
18,30,2136
18,31,2105
18,32,2172
18,33,2024
18,34,2268
18,35,2125
18,36,2131
18,37,2161
18,38,2027
18,39,1803
18,40,1828
18,41,2137
18,42,2190
18,43,2129
18,44,2105
18,45,2022
18,46,1774
18,47,1768
18,48,2055
18,49,2161
18,50,2251
18,51,2072
18,52,2017
18,53,2001
18,54,1825
18,55,2179
18,56,2110
18,57,2286
18,58,2117
18,59,2016
18,60,2010
18,61,1932
18,62,1788
18,63,2258
18,64,2350
18,65,2294
18,66,2192
18,67,2209
18,68,1959
18,69,1817
18,70,2102
18,71,2095
18,72,2136
18,73,2093
18,74,1993
18,75,1799
18,76,1542
18,77,2001
18,78,2066
18,79,2070
18,80,2080
18,81,1974
18,82,1925
18,83,2009
18,84,2211
18,85,2149
18,86,2073
18,87,2064
18,88,1980
18,89,1770
18,90,1778
19,1,2535
19,2,2416
19,3,2162
19,4,2124
19,5,2333
19,6,2210
19,7,2199
19,8,2169
19,9,1966
19,10,1841
19,11,1703
19,12,2204
19,13,2445
19,14,2298
19,15,2124
19,16,1982
19,17,1810
19,18,1791
19,19,2092
19,20,2067
19,21,2039
19,22,2140
19,23,2109
19,24,1766
19,25,1918
19,26,2303
19,27,2106
19,28,2087
19,29,2106
19,30,2077
19,31,2232
19,32,2212
19,33,2094
19,34,2289
19,35,2140
19,36,2123
19,37,2186
19,38,2012
19,39,1813
19,40,1859
19,41,2150
19,42,2241
19,43,2125
19,44,2104
19,45,2008
19,46,1783
19,47,1782
19,48,2033
19,49,2126
19,50,2224
19,51,2050
19,52,2023
19,53,1998
19,54,1846
19,55,2159
19,56,2086
19,57,2280
19,58,2126
19,59,1993
19,60,2004
19,61,2005
19,62,1834
19,63,2299
19,64,2350
19,65,2302
19,66,2203
19,67,2187
19,68,1979
19,69,1856
19,70,2103
19,71,2081
19,72,2143
19,73,2066
19,74,1984
19,75,1796
19,76,1576
19,77,2022
19,78,2056
19,79,2041
19,80,2045
19,81,1948
19,82,1939
19,83,2026
19,84,2225
19,85,2179
19,86,2053
19,87,2042
19,88,1956
19,89,1770
19,90,1790
20,1,2508
20,2,2377
20,3,2146
20,4,2196
20,5,2457
20,6,2332
20,7,2302
20,8,2249
20,9,2052
20,10,1932
20,11,1867
20,12,2295
20,13,2455
20,14,2328
20,15,2214
20,16,2046
20,17,1885
20,18,1866
20,19,2139
20,20,2114
20,21,2101
20,22,2169
20,23,2131
20,24,1820
20,25,2003
20,26,2314
20,27,2162
20,28,2133
20,29,2135
20,30,2069
20,31,2249
20,32,2184
20,33,2185
20,34,2376
20,35,2260
20,36,2230
20,37,2283
20,38,2078
20,39,1894
20,40,1964
20,41,2252
20,42,2326
20,43,2218
20,44,2184
20,45,2078
20,46,1861
20,47,1855
20,48,2085
20,49,2164
20,50,2292
20,51,2092
20,52,2078
20,53,2018
20,54,1915
20,55,2199
20,56,2138
20,57,2293
20,58,2185
20,59,2018
20,60,2000
20,61,2010
20,62,1988
20,63,2352
20,64,2411
20,65,2386
20,66,2303
20,67,2203
20,68,2034
20,69,1983
20,70,2203
20,71,2176
20,72,2230
20,73,2126
20,74,2031
20,75,1856
20,76,1697
20,77,2101
20,78,2121
20,79,2090
20,80,2089
20,81,1990
20,82,1974
20,83,2068
20,84,2276
20,85,2235
20,86,2105
20,87,2085
20,88,1979
20,89,1804
20,90,1852
21,1,2402
21,2,2291
21,3,2078
21,4,2183
21,5,2479
21,6,2365
21,7,2354
21,8,2268
21,9,2107
21,10,2001
21,11,1955
21,12,2302
21,13,2391
21,14,2306
21,15,2290
21,16,2128
21,17,1930
21,18,1923
21,19,2192
21,20,2169
21,21,2167
21,22,2225
21,23,2129
21,24,1908
21,25,2029
21,26,2283
21,27,2224
21,28,2243
21,29,2234
21,30,2153
21,31,2175
21,32,2088
21,33,2168
21,34,2403
21,35,2302
21,36,2281
21,37,2277
21,38,2133
21,39,1961
21,40,2067
21,41,2307
21,42,2334
21,43,2292
21,44,2260
21,45,2148
21,46,1936
21,47,1947
21,48,2167
21,49,2233
21,50,2310
21,51,2169
21,52,2095
21,53,2000
21,54,2024
21,55,2287
21,56,2232
21,57,2283
21,58,2248
21,59,2109
21,60,2007
21,61,1941
21,62,2033
21,63,2300
21,64,2403
21,65,2415
21,66,2343
21,67,2164
21,68,2065
21,69,2081
21,70,2254
21,71,2228
21,72,2242
21,73,2180
21,74,2032
21,75,1933
21,76,1799
21,77,2123
21,78,2146
21,79,2167
21,80,2156
21,81,2055
21,82,1979
21,83,2067
21,84,2270
21,85,2214
21,86,2213
21,87,2189
21,88,2068
21,89,1898
21,90,1972
22,1,2240
22,2,2160
22,3,1969
22,4,2063
22,5,2348
22,6,2239
22,7,2227
22,8,2151
22,9,2020
22,10,1931
22,11,1860
22,12,2154
22,13,2227
22,14,2162
22,15,2184
22,16,2040
22,17,1849
22,18,1817
22,19,2064
22,20,2046
22,21,2053
22,22,2116
22,23,2025
22,24,1843
22,25,1893
22,26,2133
22,27,2096
22,28,2129
22,29,2119
22,30,2058
22,31,2062
22,32,1981
22,33,2057
22,34,2261
22,35,2173
22,36,2141
22,37,2138
22,38,2038
22,39,1885
22,40,1934
22,41,2167
22,42,2189
22,43,2163
22,44,2138
22,45,2051
22,46,1864
22,47,1839
22,48,2036
22,49,2095
22,50,2161
22,51,2064
22,52,1994
22,53,1903
22,54,1916
22,55,2153
22,56,2116
22,57,2143
22,58,2130
22,59,2020
22,60,1913
22,61,1831
22,62,1913
22,63,2147
22,64,2268
22,65,2280
22,66,2208
22,67,2057
22,68,1995
22,69,1955
22,70,2107
22,71,2096
22,72,2094
22,73,2061
22,74,1924
22,75,1856
22,76,1723
22,77,1990
22,78,2023
22,79,2048
22,80,2034
22,81,1966
22,82,1891
22,83,1937
22,84,2126
22,85,2075
22,86,2099
22,87,2080
22,88,1990
22,89,1841
22,90,1868
23,1,2030
23,2,1995
23,3,1832
23,4,1905
23,5,2147
23,6,2032
23,7,2016
23,8,1960
23,9,1869
23,10,1800
23,11,1708
23,12,1943
23,13,2005
23,14,1941
23,15,1998
23,16,1885
23,17,1707
23,18,1662
23,19,1869
23,20,1841
23,21,1862
23,22,1912
23,23,1866
23,24,1720
23,25,1728
23,26,1914
23,27,1877
23,28,1925
23,29,1903
23,30,1869
23,31,1894
23,32,1828
23,33,1882
23,34,2050
23,35,1957
23,36,1916
23,37,1922
23,38,1877
23,39,1751
23,40,1753
23,41,1949
23,42,1969
23,43,1951
23,44,1936
23,45,1894
23,46,1732
23,47,1684
23,48,1834
23,49,1893
23,50,1956
23,51,1886
23,52,1830
23,53,1767
23,54,1747
23,55,1943
23,56,1898
23,57,1925
23,58,1924
23,59,1854
23,60,1773
23,61,1705
23,62,1763
23,63,1941
23,64,2052
23,65,2071
23,66,1994
23,67,1897
23,68,1869
23,69,1787
23,70,1897
23,71,1882
23,72,1893
23,73,1854
23,74,1759
23,75,1711
23,76,1595
23,77,1810
23,78,1830
23,79,1856
23,80,1841
23,81,1813
23,82,1753
23,83,1767
23,84,1915
23,85,1870
23,86,1887
23,87,1867
23,88,1831
23,89,1711
23,90,1692
24,1,1834
24,2,1826
24,3,1693
24,4,1746
24,5,1949
24,6,1834
24,7,1818
24,8,1765
24,9,1700
24,10,1634
24,11,1557
24,12,1751
24,13,1800
24,14,1747
24,15,1793
24,16,1712
24,17,1557
24,18,1517
24,19,1686
24,20,1651
24,21,1671
24,22,1714
24,23,1692
24,24,1575
24,25,1577
24,26,1716
24,27,1684
24,28,1725
24,29,1696
24,30,1680
24,31,1722
24,32,1676
24,33,1723
24,34,1852
24,35,1757
24,36,1713
24,37,1718
24,38,1692
24,39,1613
24,40,1586
24,41,1758
24,42,1772
24,43,1752
24,44,1741
24,45,1718
24,46,1590
24,47,1538
24,48,1653
24,49,1699
24,50,1746
24,51,1702
24,52,1654
24,53,1615
24,54,1581
24,55,1739
24,56,1699
24,57,1723
24,58,1730
24,59,1669
24,60,1614
24,61,1562
24,62,1593
24,63,1744
24,64,1853
24,65,1871
24,66,1801
24,67,1714
24,68,1715
24,69,1629
24,70,1708
24,71,1678
24,72,1688
24,73,1659
24,74,1588
24,75,1545
24,76,1462
24,77,1637
24,78,1649
24,79,1669
24,80,1657
24,81,1641
24,82,1612
24,83,1607
24,84,1721
24,85,1683
24,86,1690
24,87,1669
24,88,1651
24,89,1571
24,90,1534
25,1,1710
25,2,1697
25,3,1573
25,4,1625
25,5,1805
25,6,1699
25,7,1685
25,8,1621
25,9,1568
25,10,1505
25,11,1460
25,12,1600
25,13,1667
25,14,1616
25,15,1654
25,16,1582
25,17,1441
25,18,1416
25,19,1556
25,20,1525
25,21,1540
25,22,1571
25,23,1560
25,24,1459
25,25,1467
25,26,1589
25,27,1555
25,28,1596
25,29,1553
25,30,1539
25,31,1605
25,32,1565
25,33,1577
25,34,1710
25,35,1621
25,36,1584
25,37,1591
25,38,1562
25,39,1502
25,40,1453
25,41,1629
25,42,1648
25,43,1623
25,44,1612
25,45,1594
25,46,1482
25,47,1421
25,48,1526
25,49,1566
25,50,1608
25,51,1572
25,52,1531
25,53,1492
25,54,1467
25,55,1607
25,56,1564
25,57,1589
25,58,1592
25,59,1550
25,60,1487
25,61,1455
25,62,1480
25,63,1626
25,64,1732
25,65,1740
25,66,1678
25,67,1582
25,68,1602
25,69,1524
25,70,1578
25,71,1552
25,72,1565
25,73,1527
25,74,1462
25,75,1412
25,76,1363
25,77,1509
25,78,1528
25,79,1543
25,80,1524
25,81,1511
25,82,1498
25,83,1497
25,84,1595
25,85,1564
25,86,1565
25,87,1548
25,88,1527
25,89,1451
25,90,1426
26,1,1644
26,2,1621
26,3,1452
26,4,1567
26,5,1734
26,6,1630
26,7,1604
26,8,1555
26,9,1501
26,10,1429
26,11,1390
26,12,1542
26,13,1588
26,14,1547
26,15,1590
26,16,1516
26,17,1369
26,18,1353
26,19,1479
26,20,1452
26,21,1472
26,22,1488
26,23,1482
26,24,1393
26,25,1418
26,26,1523
26,27,1488
26,28,1527
26,29,1480
26,30,1456
26,31,1533
26,32,1527
26,33,1515
26,34,1645
26,35,1557
26,36,1512
26,37,1522
26,38,1490
26,39,1442
26,40,1396
26,41,1573
26,42,1580
26,43,1560
26,44,1553
26,45,1533
26,46,1419
26,47,1368
26,48,1463
26,49,1493
26,50,1527
26,51,1500
26,52,1461
26,53,1423
26,54,1410
26,55,1542
26,56,1490
26,57,1510
26,58,1530
26,59,1461
26,60,1412
26,61,1447
26,62,1427
26,63,1550
26,64,1666
26,65,1674
26,66,1606
26,67,1502
26,68,1531
26,69,1477
26,70,1527
26,71,1501
26,72,1486
26,73,1452
26,74,1385
26,75,1329
26,76,1313
26,77,1447
26,78,1458
26,79,1470
26,80,1454
26,81,1450
26,82,1425
26,83,1447
26,84,1523
26,85,1497
26,86,1504
26,87,1480
26,88,1461
26,89,1396
26,90,1365
27,1,1617
27,2,1582
27,3,1501
27,4,1547
27,5,1709
27,6,1601
27,7,1574
27,8,1522
27,9,1467
27,10,1390
27,11,1390
27,12,1519
27,13,1555
27,14,1514
27,15,1560
27,16,1477
27,17,1331
27,18,1329
27,19,1435
27,20,1422
27,21,1439
27,22,1438
27,23,1440
27,24,1355
27,25,1396
27,26,1484
27,27,1461
27,28,1495
27,29,1441
27,30,1403
27,31,1512
27,32,1491
27,33,1491
27,34,1605
27,35,1527
27,36,1482
27,37,1481
27,38,1451
27,39,1408
27,40,1373
27,41,1548
27,42,1559
27,43,1526
27,44,1533
27,45,1502
27,46,1395
27,47,1342
27,48,1427
27,49,1454
27,50,1486
27,51,1468
27,52,1418
27,53,1383
27,54,1389
27,55,1512
27,56,1451
27,57,1481
27,58,1495
27,59,1422
27,60,1372
27,61,1394
27,62,1407
27,63,1522
27,64,1631
27,65,1645
27,66,1583
27,67,1465
27,68,1497
27,69,1452
27,70,1506
27,71,1470
27,72,1454
27,73,1415
27,74,1351
27,75,1274
27,76,1290
27,77,1416
27,78,1427
27,79,1434
27,80,1415
27,81,1413
27,82,1389
27,83,1415
27,84,1489
27,85,1477
27,86,1471
27,87,1446
27,88,1424
27,89,1362
27,90,1345
28,1,1609
28,2,1563
28,3,1473
28,4,1554
28,5,1703
28,6,1595
28,7,1564
28,8,1514
28,9,1454
28,10,1374
28,11,1399
28,12,1515
28,13,1530
28,14,1506
28,15,1561
28,16,1462
28,17,1308
28,18,1320
28,19,1417
28,20,1413
28,21,1426
28,22,1415
28,23,1420
28,24,1346
28,25,1397
28,26,1471
28,27,1455
28,28,1488
28,29,1429
28,30,1377
28,31,1485
28,32,1453
28,33,1488
28,34,1598
28,35,1521
28,36,1465
28,37,1466
28,38,1440
28,39,1395
28,40,1374
28,41,1548
28,42,1553
28,43,1520
28,44,1525
28,45,1494
28,46,1377
28,47,1338
28,48,1420
28,49,1439
28,50,1456
28,51,1464
28,52,1399
28,53,1363
28,54,1388
28,55,1509
28,56,1438
28,57,1466
28,58,1490
28,59,1393
28,60,1347
28,61,1361
28,62,1409
28,63,1515
28,64,1627
28,65,1645
28,66,1574
28,67,1438
28,68,1477
28,69,1460
28,70,1499
28,71,1470
28,72,1439
28,73,1400
28,74,1320
28,75,1250
28,76,1291
28,77,1408
28,78,1403
28,79,1419
28,80,1399
28,81,1391
28,82,1375
28,83,1416
28,84,1478
28,85,1459
28,86,1467
28,87,1438
28,88,1410
28,89,1351
28,90,1347
29,1,1650
29,2,1568
29,3,1473
29,4,1606
29,5,1743
29,6,1639
29,7,1614
29,8,1543
29,9,1471
29,10,1375
29,11,1449
29,12,1540
29,13,1558
29,14,1545
29,15,1602
29,16,1469
29,17,1303
29,18,1348
29,19,1433
29,20,1443
29,21,1455
29,22,1432
29,23,1422
29,24,1351
29,25,1440
29,26,1500
29,27,1493
29,28,1525
29,29,1450
29,30,1377
29,31,1497
29,32,1453
29,33,1529
29,34,1628
29,35,1557
29,36,1494
29,37,1496
29,38,1452
29,39,1405
29,40,1425
29,41,1594
29,42,1591
29,43,1549
29,44,1568
29,45,1502
29,46,1386
29,47,1373
29,48,1456
29,49,1465
29,50,1475
29,51,1498
29,52,1408
29,53,1360
29,54,1434
29,55,1537
29,56,1469
29,57,1490
29,58,1525
29,59,1400
29,60,1345
29,61,1352
29,62,1451
29,63,1551
29,64,1666
29,65,1681
29,66,1618
29,67,1442
29,68,1478
29,69,1522
29,70,1546
29,71,1511
29,72,1473
29,73,1422
29,74,1324
29,75,1248
29,76,1326
29,77,1441
29,78,1437
29,79,1445
29,80,1425
29,81,1399
29,82,1369
29,83,1465
29,84,1521
29,85,1515
29,86,1504
29,87,1466
29,88,1421
29,89,1360
29,90,1386
30,1,1803
30,2,1613
30,3,1476
30,4,1777
30,5,1907
30,6,1803
30,7,1814
30,8,1666
30,9,1536
30,10,1410
30,11,1629
30,12,1711
30,13,1712
30,14,1709
30,15,1765
30,16,1524
30,17,1323
30,18,1464
30,19,1551
30,20,1570
30,21,1582
30,22,1555
30,23,1470
30,24,1374
30,25,1604
30,26,1655
30,27,1646
30,28,1673
30,29,1583
30,30,1405
30,31,1542
30,32,1446
30,33,1684
30,34,1792
30,35,1715
30,36,1649
30,37,1630
30,38,1506
30,39,1441
30,40,1594
30,41,1757
30,42,1764
30,43,1717
30,44,1731
30,45,1563
30,46,1428
30,47,1489
30,48,1593
30,49,1590
30,50,1596
30,51,1619
30,52,1450
30,53,1380
30,54,1586
30,55,1692
30,56,1612
30,57,1652
30,58,1668
30,59,1443
30,60,1368
30,61,1371
30,62,1614
30,63,1704
30,64,1821
30,65,1847
30,66,1768
30,67,1493
30,68,1515
30,69,1697
30,70,1714
30,71,1674
30,72,1618
30,73,1528
30,74,1361
30,75,1275
30,76,1446
30,77,1583
30,78,1564
30,79,1566
30,80,1536
30,81,1448
30,82,1395
30,83,1623
30,84,1665
30,85,1669
30,86,1653
30,87,1617
30,88,1470
30,89,1381
30,90,1543
31,1,2082
31,2,1699
31,3,1516
31,4,2090
31,5,2187
31,6,2096
31,7,2082
31,8,1859
31,9,1615
31,10,1469
31,11,1934
31,12,2034
31,13,2001
31,14,2011
31,15,2027
31,16,1599
31,17,1342
31,18,1635
31,19,1744
31,20,1769
31,21,1788
31,22,1758
31,23,1541
31,24,1412
31,25,1912
31,26,1930
31,27,1923
31,28,1942
31,29,1833
31,30,1475
31,31,1659
31,32,1459
31,33,1989
31,34,2069
31,35,1996
31,36,1939
31,37,1912
31,38,1582
31,39,1484
31,40,1890
31,41,2047
31,42,2048
31,43,1993
31,44,2004
31,45,1632
31,46,1463
31,47,1655
31,48,1793
31,49,1784
31,50,1792
31,51,1806
31,52,1529
31,53,1418
31,54,1881
31,55,1948
31,56,1900
31,57,1918
31,58,1917
31,59,1515
31,60,1408
31,61,1405
31,62,1912
31,63,2006
31,64,2119
31,65,2126
31,66,2041
31,67,1587
31,68,1566
31,69,1990
31,70,1994
31,71,1948
31,72,1882
31,73,1699
31,74,1450
31,75,1309
31,76,1621
31,77,1785
31,78,1756
31,79,1746
31,80,1721
31,81,1516
31,82,1436
31,83,1915
31,84,1933
31,85,1939
31,86,1916
31,87,1874
31,88,1547
31,89,1417
31,90,1812
32,1,2299
32,2,1853
32,3,1584
32,4,2314
32,5,2369
32,6,2303
32,7,2268
32,8,2046
32,9,1739
32,10,1593
32,11,2156
32,12,2265
32,13,2214
32,14,2228
32,15,2212
32,16,1729
32,17,1454
32,18,1840
32,19,1963
32,20,1979
32,21,2004
32,22,1973
32,23,1674
32,24,1518
32,25,2154
32,26,2140
32,27,2129
32,28,2129
32,29,2050
32,30,1639
32,31,1822
32,32,1549
32,33,2217
32,34,2249
32,35,2189
32,36,2134
32,37,2122
32,38,1711
32,39,1589
32,40,2106
32,41,2244
32,42,2229
32,43,2180
32,44,2189
32,45,1759
32,46,1564
32,47,1863
32,48,2005
32,49,1999
32,50,1986
32,51,2011
32,52,1657
32,53,1518
32,54,2091
32,55,2145
32,56,2136
32,57,2126
32,58,2112
32,59,1664
32,60,1521
32,61,1479
32,62,2120
32,63,2231
32,64,2312
32,65,2302
32,66,2219
32,67,1726
32,68,1672
32,69,2189
32,70,2172
32,71,2135
32,72,2099
32,73,1877
32,74,1575
32,75,1431
32,76,1822
32,77,1978
32,78,1959
32,79,1951
32,80,1920
32,81,1647
32,82,1542
32,83,2138
32,84,2120
32,85,2128
32,86,2107
32,87,2063
32,88,1688
32,89,1522
32,90,2047
33,1,2370
33,2,2014
33,3,1706
33,4,2369
33,5,2396
33,6,2351
33,7,2295
33,8,2149
33,9,1890
33,10,1736
33,11,2216
33,12,2337
33,13,2285
33,14,2298
33,15,2256
33,16,1866
33,17,1596
33,18,1978
33,19,2087
33,20,2089
33,21,2126
33,22,2121
33,23,1807
33,24,1646
33,25,2248
33,26,2189
33,27,2184
33,28,2180
33,29,2142
33,30,1806
33,31,1994
33,32,1668
33,33,2279
33,34,2273
33,35,2226
33,36,2185
33,37,2182
33,38,1857
33,39,1708
33,40,2171
33,41,2275
33,42,2262
33,43,2219
33,44,2233
33,45,1886
33,46,1683
33,47,1999
33,48,2114
33,49,2126
33,50,2101
33,51,2109
33,52,1826
33,53,1669
33,54,2151
33,55,2182
33,56,2214
33,57,2180
33,58,2173
33,59,1829
33,60,1674
33,61,1600
33,62,2179
33,63,2298
33,64,2372
33,65,2328
33,66,2260
33,67,1900
33,68,1797
33,69,2223
33,70,2198
33,71,2181
33,72,2171
33,73,1994
33,74,1734
33,75,1583
33,76,1952
33,77,2083
33,78,2068
33,79,2069
33,80,2039
33,81,1792
33,82,1691
33,83,2215
33,84,2168
33,85,2170
33,86,2147
33,87,2120
33,88,1822
33,89,1648
33,90,2123
34,1,2392
34,2,2116
34,3,1836
34,4,2393
34,5,2380
34,6,2357
34,7,2286
34,8,2176
34,9,1977
34,10,1851
34,11,2224
34,12,2364
34,13,2304
34,14,2325
34,15,2257
34,16,1940
34,17,1709
34,18,2070
34,19,2156
34,20,2152
34,21,2189
34,22,2204
34,23,1887
34,24,1741
34,25,2290
34,26,2213
34,27,2197
34,28,2206
34,29,2203
34,30,1903
34,31,2149
34,32,1787
34,33,2305
34,34,2268
34,35,2227
34,36,2210
34,37,2212
34,38,1943
34,39,1810
34,40,2198
34,41,2263
34,42,2268
34,43,2227
34,44,2241
34,45,1955
34,46,1777
34,47,2085
34,48,2177
34,49,2210
34,50,2156
34,51,2158
34,52,1954
34,53,1803
34,54,2192
34,55,2200
34,56,2253
34,57,2203
34,58,2186
34,59,1946
34,60,1820
34,61,1711
34,62,2186
34,63,2323
34,64,2383
34,65,2315
34,66,2260
34,67,2010
34,68,1874
34,69,2233
34,70,2195
34,71,2198
34,72,2187
34,73,2059
34,74,1856
34,75,1687
34,76,2036
34,77,2126
34,78,2121
34,79,2134
34,80,2095
34,81,1884
34,82,1830
34,83,2246
34,84,2190
34,85,2180
34,86,2159
34,87,2141
34,88,1890
34,89,1749
34,90,2153
35,1,2408
35,2,2145
35,3,1919
35,4,2423
35,5,2386
35,6,2352
35,7,2277
35,8,2176
35,9,1998
35,10,1894
35,11,2239
35,12,2388
35,13,2295
35,14,2348
35,15,2256
35,16,1951
35,17,1768
35,18,2135
35,19,2202
35,20,2199
35,21,2235
35,22,2253
35,23,1923
35,24,1784
35,25,2303
35,26,2228
35,27,2219
35,28,2229
35,29,2249
35,30,1948
35,31,2216
35,32,1880
35,33,2320
35,34,2268
35,35,2243
35,36,2226
35,37,2222
35,38,1964
35,39,1851
35,40,2219
35,41,2274
35,42,2279
35,43,2229
35,44,2238
35,45,1961
35,46,1813
35,47,2131
35,48,2217
35,49,2286
35,50,2192
35,51,2185
35,52,2024
35,53,1878
35,54,2227
35,55,2216
35,56,2277
35,57,2225
35,58,2200
35,59,1994
35,60,1908
35,61,1790
35,62,2213
35,63,2353
35,64,2397
35,65,2313
35,66,2250
35,67,2054
35,68,1897
35,69,2239
35,70,2204
35,71,2217
35,72,2207
35,73,2099
35,74,1909
35,75,1731
35,76,2093
35,77,2163
35,78,2158
35,79,2175
35,80,2130
35,81,1932
35,82,1921
35,83,2277
35,84,2205
35,85,2192
35,86,2184
35,87,2158
35,88,1909
35,89,1795
35,90,2180
36,1,2406
36,2,2136
36,3,1977
36,4,2421
36,5,2359
36,6,2333
36,7,2258
36,8,2171
36,9,1991
36,10,1894
36,11,2232
36,12,2392
36,13,2321
36,14,2341
36,15,2242
36,16,1925
36,17,1790
36,18,2165
36,19,2218
36,20,2202
36,21,2252
36,22,2268
36,23,1913
36,24,1801
36,25,2308
36,26,2233
36,27,2221
36,28,2231
36,29,2279
36,30,1964
36,31,2231
36,32,1931
36,33,2316
36,34,2255
36,35,2229
36,36,2221
36,37,2205
36,38,1947
36,39,1867
36,40,2216
36,41,2272
36,42,2270
36,43,2230
36,44,2221
36,45,1934
36,46,1819
36,47,2141
36,48,2237
36,49,2327
36,50,2202
36,51,2185
36,52,2057
36,53,1908
36,54,2244
36,55,2222
36,56,2288
36,57,2230
36,58,2192
36,59,2007
36,60,1942
36,61,1824
36,62,2207
36,63,2345
36,64,2396
36,65,2313
36,66,2231
36,67,2068
36,68,1899
36,69,2233
36,70,2207
36,71,2220
36,72,2216
36,73,2111
36,74,1919
36,75,1749
36,76,2104
36,77,2173
36,78,2167
36,79,2189
36,80,2136
36,81,1947
36,82,1968
36,83,2281
36,84,2206
36,85,2184
36,86,2191
36,87,2151
36,88,1898
36,89,1813
36,90,2186
37,1,2372
37,2,2097
37,3,2009
37,4,2390
37,5,2325
37,6,2289
37,7,2226
37,8,2135
37,9,1931
37,10,1845
37,11,2207
37,12,2371
37,13,2295
37,14,2300
37,15,2200
37,16,1885
37,17,1780
37,18,2155
37,19,2203
37,20,2177
37,21,2254
37,22,2251
37,23,1875
37,24,1791
37,25,2296
37,26,2220
37,27,2204
37,28,2220
37,29,2282
37,30,1950
37,31,2219
37,32,1973
37,33,2296
37,34,2233
37,35,2213
37,36,2214
37,37,2182
37,38,1906
37,39,1853
37,40,2202
37,41,2238
37,42,2239
37,43,2203
37,44,2193
37,45,1884
37,46,1804
37,47,2131
37,48,2233
37,49,2342
37,50,2184
37,51,2162
37,52,2042
37,53,1891
37,54,2233
37,55,2203
37,56,2278
37,57,2210
37,58,2164
37,59,2005
37,60,1941
37,61,1826
37,62,2209
37,63,2325
37,64,2371
37,65,2274
37,66,2203
37,67,2039
37,68,1879
37,69,2204
37,70,2184
37,71,2197
37,72,2201
37,73,2099
37,74,1894
37,75,1725
37,76,2084
37,77,2164
37,78,2162
37,79,2185
37,80,2120
37,81,1935
37,82,1982
37,83,2272
37,84,2189
37,85,2165
37,86,2177
37,87,2134
37,88,1862
37,89,1800
37,90,2172
38,1,2365
38,2,2056
38,3,1999
38,4,2368
38,5,2305
38,6,2263
38,7,2211
38,8,2109
38,9,1888
38,10,1747
38,11,2189
38,12,2369
38,13,2287
38,14,2270
38,15,2179
38,16,1850
38,17,1756
38,18,2168
38,19,2202
38,20,2167
38,21,2279
38,22,2231
38,23,1828
38,24,1764
38,25,2285
38,26,2218
38,27,2193
38,28,2230
38,29,2291
38,30,1931
38,31,2179
38,32,1981
38,33,2281
38,34,2217
38,35,2207
38,36,2215
38,37,2166
38,38,1859
38,39,1824
38,40,2193
38,41,2228
38,42,2217
38,43,2197
38,44,2176
38,45,1840
38,46,1773
38,47,2122
38,48,2247
38,49,2362
38,50,2182
38,51,2154
38,52,2022
38,53,1848
38,54,2226
38,55,2199
38,56,2275
38,57,2202
38,58,2157
38,59,1994
38,60,1897
38,61,1799
38,62,2207
38,63,2316
38,64,2357
38,65,2259
38,66,2197
38,67,1995
38,68,1836
38,69,2189
38,70,2178
38,71,2202
38,72,2202
38,73,2088
38,74,1867
38,75,1653
38,76,2068
38,77,2161
38,78,2160
38,79,2197
38,80,2110
38,81,1908
38,82,1960
38,83,2261
38,84,2193
38,85,2161
38,86,2176
38,87,2121
38,88,1822
38,89,1772
38,90,2170
39,1,2337
39,2,2005
39,3,1973
39,4,2316
39,5,2250
39,6,2223
39,7,2177
39,8,2068
39,9,1840
39,10,1662
39,11,2156
39,12,2341
39,13,2272
39,14,2210
39,15,2128
39,16,1811
39,17,1726
39,18,2161
39,19,2179
39,20,2137
39,21,2267
39,22,2191
39,23,1792
39,24,1737
39,25,2259
39,26,2187
39,27,2163
39,28,2217
39,29,2269
39,30,1907
39,31,2141
39,32,1954
39,33,2244
39,34,2179
39,35,2186
39,36,2191
39,37,2132
39,38,1819
39,39,1792
39,40,2161
39,41,2194
39,42,2183
39,43,2162
39,44,2136
39,45,1794
39,46,1744
39,47,2102
39,48,2231
39,49,2343
39,50,2148
39,51,2118
39,52,2003
39,53,1812
39,54,2190
39,55,2177
39,56,2256
39,57,2174
39,58,2125
39,59,1978
39,60,1850
39,61,1764
39,62,2187
39,63,2299
39,64,2303
39,65,2231
39,66,2187
39,67,1958
39,68,1793
39,69,2155
39,70,2147
39,71,2181
39,72,2182
39,73,2052
39,74,1831
39,75,1589
39,76,2040
39,77,2132
39,78,2139
39,79,2180
39,80,2078
39,81,1887
39,82,1936
39,83,2229
39,84,2171
39,85,2139
39,86,2151
39,87,2090
39,88,1786
39,89,1744
39,90,2142
40,1,2317
40,2,1986
40,3,1962
40,4,2284
40,5,2216
40,6,2190
40,7,2153
40,8,2020
40,9,1809
40,10,1618
40,11,2130
40,12,2349
40,13,2253
40,14,2164
40,15,2076
40,16,1785
40,17,1718
40,18,2146
40,19,2145
40,20,2103
40,21,2236
40,22,2140
40,23,1762
40,24,1739
40,25,2249
40,26,2159
40,27,2135
40,28,2198
40,29,2230
40,30,1895
40,31,2114
40,32,1960
40,33,2225
40,34,2138
40,35,2149
40,36,2168
40,37,2092
40,38,1795
40,39,1779
40,40,2132
40,41,2158
40,42,2141
40,43,2130
40,44,2077
40,45,1762
40,46,1730
40,47,2077
40,48,2202
40,49,2313
40,50,2116
40,51,2070
40,52,1982
40,53,1789
40,54,2163
40,55,2148
40,56,2254
40,57,2146
40,58,2082
40,59,1969
40,60,1818
40,61,1744
40,62,2188
40,63,2297
40,64,2270
40,65,2206
40,66,2184
40,67,1943
40,68,1770
40,69,2120
40,70,2121
40,71,2149
40,72,2150
40,73,2014
40,74,1805
40,75,1550
40,76,2012
40,77,2094
40,78,2107
40,79,2145
40,80,2032
40,81,1870
40,82,1929
40,83,2198
40,84,2152
40,85,2110
40,86,2121
40,87,2046
40,88,1759
40,89,1729
40,90,2103
41,1,2334
41,2,2014
41,3,1974
41,4,2288
41,5,2198
41,6,2181
41,7,2143
41,8,1986
41,9,1808
41,10,1612
41,11,2123
41,12,2404
41,13,2260
41,14,2152
41,15,2040
41,16,1783
41,17,1735
41,18,2146
41,19,2133
41,20,2086
41,21,2218
41,22,2125
41,23,1755
41,24,1785
41,25,2294
41,26,2153
41,27,2123
41,28,2186
41,29,2196
41,30,1916
41,31,2131
41,32,1992
41,33,2237
41,34,2126
41,35,2136
41,36,2158
41,37,2059
41,38,1788
41,39,1792
41,40,2133
41,41,2162
41,42,2130
41,43,2120
41,44,2049
41,45,1759
41,46,1743
41,47,2076
41,48,2181
41,49,2295
41,50,2097
41,51,2040
41,52,1983
41,53,1795
41,54,2176
41,55,2133
41,56,2273
41,57,2128
41,58,2050
41,59,1982
41,60,1812
41,61,1749
41,62,2217
41,63,2325
41,64,2277
41,65,2194
41,66,2196
41,67,1940
41,68,1782
41,69,2110
41,70,2108
41,71,2138
41,72,2124
41,73,1999
41,74,1798
41,75,1532
41,76,1997
41,77,2076
41,78,2085
41,79,2115
41,80,2006
41,81,1879
41,82,1960
41,83,2205
41,84,2152
41,85,2090
41,86,2099
41,87,2016
41,88,1759
41,89,1743
41,90,2094
42,1,2361
42,2,2082
42,3,2049
42,4,2307
42,5,2194
42,6,2186
42,7,2150
42,8,1990
42,9,1825
42,10,1625
42,11,2166
42,12,2454
42,13,2277
42,14,2128
42,15,2002
42,16,1796
42,17,1768
42,18,2119
42,19,2107
42,20,2066
42,21,2179
42,22,2111
42,23,1764
42,24,1855
42,25,2306
42,26,2135
42,27,2100
42,28,2147
42,29,2136
42,30,1934
42,31,2172
42,32,2024
42,33,2268
42,34,2125
42,35,2131
42,36,2161
42,37,2027
42,38,1803
42,39,1828
42,40,2137
42,41,2190
42,42,2129
42,43,2105
42,44,2022
42,45,1774
42,46,1768
42,47,2055
42,48,2161
42,49,2251
42,50,2072
42,51,2017
42,52,2001
42,53,1825
42,54,2179
42,55,2110
42,56,2286
42,57,2117
42,58,2016
42,59,2010
42,60,1834
42,61,1788
42,62,2258
42,63,2350
42,64,2294
42,65,2192
42,66,2209
42,67,1959
42,68,1817
42,69,2102
42,70,2095
42,71,2136
42,72,2093
42,73,1993
42,74,1799
42,75,1542
42,76,2001
42,77,2066
42,78,2070
42,79,2080
42,80,1974
42,81,1925
42,82,2009
42,83,2211
42,84,2149
42,85,2073
42,86,2064
42,87,1980
42,88,1770
42,89,1778
42,90,2089
43,1,2416
43,2,2162
43,3,2124
43,4,2333
43,5,2210
43,6,2199
43,7,2169
43,8,1966
43,9,1841
43,10,1703
43,11,2204
43,12,2445
43,13,2298
43,14,2124
43,15,1982
43,16,1810
43,17,1791
43,18,2092
43,19,2067
43,20,2039
43,21,2140
43,22,2109
43,23,1766
43,24,1918
43,25,2303
43,26,2106
43,27,2087
43,28,2106
43,29,2077
43,30,1894
43,31,2212
43,32,2094
43,33,2289
43,34,2140
43,35,2123
43,36,2186
43,37,2012
43,38,1813
43,39,1859
43,40,2150
43,41,2241
43,42,2125
43,43,2104
43,44,2008
43,45,1783
43,46,1782
43,47,2033
43,48,2126
43,49,2224
43,50,2050
43,51,2023
43,52,1998
43,53,1846
43,54,2159
43,55,2086
43,56,2280
43,57,2126
43,58,1993
43,59,2004
43,60,1858
43,61,1834
43,62,2299
43,63,2350
43,64,2302
43,65,2203
43,66,2187
43,67,1979
43,68,1856
43,69,2103
43,70,2081
43,71,2143
43,72,2066
43,73,1984
43,74,1796
43,75,1576
43,76,2022
43,77,2056
43,78,2041
43,79,2045
43,80,1948
43,81,1939
43,82,2026
43,83,2225
43,84,2179
43,85,2053
43,86,2042
43,87,1956
43,88,1770
43,89,1790
43,90,2092
44,1,2377
44,2,2146
44,3,2196
44,4,2457
44,5,2332
44,6,2302
44,7,2249
44,8,2052
44,9,1932
44,10,1867
44,11,2295
44,12,2455
44,13,2328
44,14,2214
44,15,2046
44,16,1885
44,17,1866
44,18,2139
44,19,2114
44,20,2101
44,21,2169
44,22,2131
44,23,1820
44,24,2003
44,25,2314
44,26,2162
44,27,2133
44,28,2135
44,29,2069
44,30,1913
44,31,2184
44,32,2185
44,33,2376
44,34,2260
44,35,2230
44,36,2283
44,37,2078
44,38,1894
44,39,1964
44,40,2252
44,41,2326
44,42,2218
44,43,2184
44,44,2078
44,45,1861
44,46,1855
44,47,2085
44,48,2164
44,49,2292
44,50,2092
44,51,2078
44,52,2018
44,53,1915
44,54,2199
44,55,2138
44,56,2293
44,57,2185
44,58,2018
44,59,2000
44,60,1931
44,61,1988
44,62,2352
44,63,2411
44,64,2386
44,65,2303
44,66,2203
44,67,2034
44,68,1983
44,69,2203
44,70,2176
44,71,2230
44,72,2126
44,73,2031
44,74,1856
44,75,1697
44,76,2101
44,77,2121
44,78,2090
44,79,2089
44,80,1990
44,81,1974
44,82,2068
44,83,2276
44,84,2235
44,85,2105
44,86,2085
44,87,1979
44,88,1804
44,89,1852
44,90,2124
45,1,2291
45,2,2078
45,3,2183
45,4,2479
45,5,2365
45,6,2354
45,7,2268
45,8,2107
45,9,2001
45,10,1955
45,11,2302
45,12,2391
45,13,2306
45,14,2290
45,15,2128
45,16,1930
45,17,1923
45,18,2192
45,19,2169
45,20,2167
45,21,2225
45,22,2129
45,23,1908
45,24,2029
45,25,2283
45,26,2224
45,27,2243
45,28,2234
45,29,2153
45,30,2003
45,31,2088
45,32,2168
45,33,2403
45,34,2302
45,35,2281
45,36,2277
45,37,2133
45,38,1961
45,39,2067
45,40,2307
45,41,2334
45,42,2292
45,43,2260
45,44,2148
45,45,1936
45,46,1947
45,47,2167
45,48,2233
45,49,2310
45,50,2169
45,51,2095
45,52,2000
45,53,2024
45,54,2287
45,55,2232
45,56,2283
45,57,2248
45,58,2109
45,59,2007
45,60,2042
45,61,2033
45,62,2300
45,63,2403
45,64,2415
45,65,2343
45,66,2164
45,67,2065
45,68,2081
45,69,2254
45,70,2228
45,71,2242
45,72,2180
45,73,2032
45,74,1933
45,75,1799
45,76,2123
45,77,2146
45,78,2167
45,79,2156
45,80,2055
45,81,1979
45,82,2067
45,83,2270
45,84,2214
45,85,2213
45,86,2189
45,87,2068
45,88,1898
45,89,1972
45,90,2189
46,1,2160
46,2,1969
46,3,2063
46,4,2348
46,5,2239
46,6,2227
46,7,2151
46,8,2020
46,9,1931
46,10,1860
46,11,2154
46,12,2227
46,13,2162
46,14,2184
46,15,2040
46,16,1849
46,17,1817
46,18,2064
46,19,2046
46,20,2053
46,21,2116
46,22,2025
46,23,1843
46,24,1893
46,25,2133
46,26,2096
46,27,2129
46,28,2119
46,29,2058
46,30,1934
46,31,1981
46,32,2057
46,33,2261
46,34,2173
46,35,2141
46,36,2138
46,37,2038
46,38,1885
46,39,1934
46,40,2167
46,41,2189
46,42,2163
46,43,2138
46,44,2051
46,45,1864
46,46,1839
46,47,2036
46,48,2095
46,49,2161
46,50,2064
46,51,1994
46,52,1903
46,53,1916
46,54,2153
46,55,2116
46,56,2143
46,57,2130
46,58,2020
46,59,1913
46,60,1939
46,61,1913
46,62,2147
46,63,2268
46,64,2280
46,65,2208
46,66,2057
46,67,1995
46,68,1955
46,69,2107
46,70,2096
46,71,2094
46,72,2061
46,73,1924
46,74,1856
46,75,1723
46,76,1990
46,77,2023
46,78,2048
46,79,2034
46,80,1966
46,81,1891
46,82,1937
46,83,2126
46,84,2075
46,85,2099
46,86,2080
46,87,1990
46,88,1841
46,89,1868
46,90,2063
47,1,1995
47,2,1832
47,3,1905
47,4,2147
47,5,2032
47,6,2016
47,7,1960
47,8,1869
47,9,1800
47,10,1708
47,11,1943
47,12,2005
47,13,1941
47,14,1998
47,15,1885
47,16,1707
47,17,1662
47,18,1869
47,19,1841
47,20,1862
47,21,1912
47,22,1866
47,23,1720
47,24,1728
47,25,1914
47,26,1877
47,27,1925
47,28,1903
47,29,1869
47,30,1784
47,31,1828
47,32,1882
47,33,2050
47,34,1957
47,35,1916
47,36,1922
47,37,1877
47,38,1751
47,39,1753
47,40,1949
47,41,1969
47,42,1951
47,43,1936
47,44,1894
47,45,1732
47,46,1684
47,47,1834
47,48,1893
47,49,1956
47,50,1886
47,51,1830
47,52,1767
47,53,1747
47,54,1943
47,55,1898
47,56,1925
47,57,1924
47,58,1854
47,59,1773
47,60,1764
47,61,1763
47,62,1941
47,63,2052
47,64,2071
47,65,1994
47,66,1897
47,67,1869
47,68,1787
47,69,1897
47,70,1882
47,71,1893
47,72,1854
47,73,1759
47,74,1711
47,75,1595
47,76,1810
47,77,1830
47,78,1856
47,79,1841
47,80,1813
47,81,1753
47,82,1767
47,83,1915
47,84,1870
47,85,1887
47,86,1867
47,87,1831
47,88,1711
47,89,1692
47,90,1858
48,1,1826
48,2,1693
48,3,1746
48,4,1949
48,5,1834
48,6,1818
48,7,1765
48,8,1700
48,9,1634
48,10,1557
48,11,1751
48,12,1800
48,13,1747
48,14,1793
48,15,1712
48,16,1557
48,17,1517
48,18,1686
48,19,1651
48,20,1671
48,21,1714
48,22,1692
48,23,1575
48,24,1577
48,25,1716
48,26,1684
48,27,1725
48,28,1696
48,29,1680
48,30,1623
48,31,1676
48,32,1723
48,33,1852
48,34,1757
48,35,1713
48,36,1718
48,37,1692
48,38,1613
48,39,1586
48,40,1758
48,41,1772
48,42,1752
48,43,1741
48,44,1718
48,45,1590
48,46,1538
48,47,1653
48,48,1699
48,49,1746
48,50,1702
48,51,1654
48,52,1615
48,53,1581
48,54,1739
48,55,1699
48,56,1723
48,57,1730
48,58,1669
48,59,1614
48,60,1595
48,61,1593
48,62,1744
48,63,1853
48,64,1871
48,65,1801
48,66,1714
48,67,1715
48,68,1629
48,69,1708
48,70,1678
48,71,1688
48,72,1659
48,73,1588
48,74,1545
48,75,1462
48,76,1637
48,77,1649
48,78,1669
48,79,1657
48,80,1641
48,81,1612
48,82,1607
48,83,1721
48,84,1683
48,85,1690
48,86,1669
48,87,1651
48,88,1571
48,89,1534
48,90,1660
49,1,1697
49,2,1573
49,3,1625
49,4,1805
49,5,1699
49,6,1685
49,7,1621
49,8,1568
49,9,1505
49,10,1460
49,11,1600
49,12,1667
49,13,1616
49,14,1654
49,15,1582
49,16,1441
49,17,1416
49,18,1556
49,19,1525
49,20,1540
49,21,1571
49,22,1560
49,23,1459
49,24,1467
49,25,1589
49,26,1555
49,27,1596
49,28,1553
49,29,1539
49,30,1491
49,31,1565
49,32,1577
49,33,1710
49,34,1621
49,35,1584
49,36,1591
49,37,1562
49,38,1502
49,39,1453
49,40,1629
49,41,1648
49,42,1623
49,43,1612
49,44,1594
49,45,1482
49,46,1421
49,47,1526
49,48,1566
49,49,1608
49,50,1572
49,51,1531
49,52,1492
49,53,1467
49,54,1607
49,55,1564
49,56,1589
49,57,1592
49,58,1550
49,59,1487
49,60,1482
49,61,1480
49,62,1626
49,63,1732
49,64,1740
49,65,1678
49,66,1582
49,67,1602
49,68,1524
49,69,1578
49,70,1552
49,71,1565
49,72,1527
49,73,1462
49,74,1412
49,75,1363
49,76,1509
49,77,1528
49,78,1543
49,79,1524
49,80,1511
49,81,1498
49,82,1497
49,83,1595
49,84,1564
49,85,1565
49,86,1548
49,87,1527
49,88,1451
49,89,1426
49,90,1539
50,1,1621
50,2,1482
50,3,1567
50,4,1734
50,5,1630
50,6,1604
50,7,1555
50,8,1501
50,9,1429
50,10,1390
50,11,1542
50,12,1588
50,13,1547
50,14,1590
50,15,1516
50,16,1369
50,17,1353
50,18,1479
50,19,1452
50,20,1472
50,21,1488
50,22,1482
50,23,1393
50,24,1418
50,25,1523
50,26,1488
50,27,1527
50,28,1480
50,29,1456
50,30,1407
50,31,1368
50,32,1515
50,33,1645
50,34,1557
50,35,1512
50,36,1522
50,37,1490
50,38,1442
50,39,1396
50,40,1573
50,41,1580
50,42,1560
50,43,1553
50,44,1533
50,45,1419
50,46,1368
50,47,1463
50,48,1493
50,49,1527
50,50,1500
50,51,1461
50,52,1423
50,53,1410
50,54,1542
50,55,1490
50,56,1510
50,57,1530
50,58,1461
50,59,1412
50,60,1425
50,61,1427
50,62,1550
50,63,1666
50,64,1674
50,65,1606
50,66,1502
50,67,1531
50,68,1477
50,69,1527
50,70,1501
50,71,1486
50,72,1452
50,73,1385
50,74,1329
50,75,1313
50,76,1447
50,77,1458
50,78,1470
50,79,1454
50,80,1450
50,81,1425
50,82,1447
50,83,1523
50,84,1497
50,85,1504
50,86,1480
50,87,1461
50,88,1396
50,89,1365
50,90,1467
51,1,1582
51,2,1501
51,3,1547
51,4,1709
51,5,1601
51,6,1574
51,7,1522
51,8,1467
51,9,1390
51,10,1390
51,11,1519
51,12,1555
51,13,1514
51,14,1560
51,15,1477
51,16,1331
51,17,1329
51,18,1435
51,19,1422
51,20,1439
51,21,1438
51,22,1440
51,23,1355
51,24,1396
51,25,1484
51,26,1461
51,27,1495
51,28,1441
51,29,1403
51,30,1361
51,31,1491
51,32,1491
51,33,1605
51,34,1527
51,35,1482
51,36,1481
51,37,1451
51,38,1408
51,39,1373
51,40,1548
51,41,1559
51,42,1526
51,43,1533
51,44,1502
51,45,1395
51,46,1342
51,47,1427
51,48,1454
51,49,1486
51,50,1468
51,51,1418
51,52,1383
51,53,1389
51,54,1512
51,55,1451
51,56,1481
51,57,1495
51,58,1422
51,59,1372
51,60,1410
51,61,1407
51,62,1522
51,63,1631
51,64,1645
51,65,1583
51,66,1465
51,67,1497
51,68,1452
51,69,1506
51,70,1470
51,71,1454
51,72,1415
51,73,1351
51,74,1274
51,75,1290
51,76,1416
51,77,1427
51,78,1434
51,79,1415
51,80,1413
51,81,1389
51,82,1415
51,83,1489
51,84,1477
51,85,1471
51,86,1446
51,87,1424
51,88,1362
51,89,1345
51,90,1437
52,1,1563
52,2,1473
52,3,1554
52,4,1703
52,5,1595
52,6,1564
52,7,1514
52,8,1454
52,9,1374
52,10,1399
52,11,1515
52,12,1530
52,13,1506
52,14,1561
52,15,1462
52,16,1308
52,17,1320
52,18,1417
52,19,1413
52,20,1426
52,21,1415
52,22,1420
52,23,1346
52,24,1397
52,25,1471
52,26,1455
52,27,1488
52,28,1429
52,29,1377
52,30,1336
52,31,1453
52,32,1488
52,33,1598
52,34,1521
52,35,1465
52,36,1466
52,37,1440
52,38,1395
52,39,1374
52,40,1548
52,41,1553
52,42,1520
52,43,1525
52,44,1494
52,45,1377
52,46,1338
52,47,1420
52,48,1439
52,49,1456
52,50,1464
52,51,1399
52,52,1363
52,53,1388
52,54,1509
52,55,1438
52,56,1466
52,57,1490
52,58,1393
52,59,1347
52,60,1408
52,61,1409
52,62,1515
52,63,1627
52,64,1645
52,65,1574
52,66,1438
52,67,1477
52,68,1460
52,69,1499
52,70,1470
52,71,1439
52,72,1400
52,73,1320
52,74,1250
52,75,1291
52,76,1408
52,77,1403
52,78,1419
52,79,1399
52,80,1391
52,81,1375
52,82,1416
52,83,1478
52,84,1459
52,85,1467
52,86,1438
52,87,1410
52,88,1351
52,89,1347
52,90,1430
53,1,1568
53,2,1473
53,3,1606
53,4,1743
53,5,1639
53,6,1614
53,7,1543
53,8,1471
53,9,1375
53,10,1449
53,11,1540
53,12,1558
53,13,1545
53,14,1602
53,15,1469
53,16,1303
53,17,1348
53,18,1433
53,19,1443
53,20,1455
53,21,1432
53,22,1422
53,23,1351
53,24,1440
53,25,1500
53,26,1493
53,27,1525
53,28,1450
53,29,1377
53,30,1325
53,31,1453
53,32,1529
53,33,1628
53,34,1557
53,35,1494
53,36,1496
53,37,1452
53,38,1405
53,39,1425
53,40,1594
53,41,1591
53,42,1549
53,43,1568
53,44,1502
53,45,1386
53,46,1373
53,47,1456
53,48,1465
53,49,1475
53,50,1498
53,51,1408
53,52,1360
53,53,1434
53,54,1537
53,55,1469
53,56,1490
53,57,1525
53,58,1400
53,59,1345
53,60,1456
53,61,1451
53,62,1551
53,63,1666
53,64,1681
53,65,1618
53,66,1442
53,67,1478
53,68,1522
53,69,1546
53,70,1511
53,71,1473
53,72,1422
53,73,1324
53,74,1248
53,75,1326
53,76,1441
53,77,1437
53,78,1445
53,79,1425
53,80,1399
53,81,1369
53,82,1465
53,83,1521
53,84,1515
53,85,1504
53,86,1466
53,87,1421
53,88,1360
53,89,1386
53,90,1471
54,1,1613
54,2,1476
54,3,1777
54,4,1907
54,5,1803
54,6,1814
54,7,1666
54,8,1536
54,9,1410
54,10,1629
54,11,1711
54,12,1712
54,13,1709
54,14,1765
54,15,1524
54,16,1323
54,17,1464
54,18,1551
54,19,1570
54,20,1582
54,21,1555
54,22,1470
54,23,1374
54,24,1604
54,25,1655
54,26,1646
54,27,1673
54,28,1583
54,29,1405
54,30,1341
54,31,1446
54,32,1684
54,33,1792
54,34,1715
54,35,1649
54,36,1630
54,37,1506
54,38,1441
54,39,1594
54,40,1757
54,41,1764
54,42,1717
54,43,1731
54,44,1563
54,45,1428
54,46,1489
54,47,1593
54,48,1590
54,49,1596
54,50,1619
54,51,1450
54,52,1380
54,53,1586
54,54,1692
54,55,1612
54,56,1652
54,57,1668
54,58,1443
54,59,1368
54,60,1611
54,61,1614
54,62,1704
54,63,1821
54,64,1847
54,65,1768
54,66,1493
54,67,1515
54,68,1697
54,69,1714
54,70,1674
54,71,1618
54,72,1528
54,73,1361
54,74,1275
54,75,1446
54,76,1583
54,77,1564
54,78,1566
54,79,1536
54,80,1448
54,81,1395
54,82,1623
54,83,1665
54,84,1669
54,85,1653
54,86,1617
54,87,1470
54,88,1381
54,89,1543
54,90,1617
55,1,1699
55,2,1516
55,3,2090
55,4,2187
55,5,2096
55,6,2082
55,7,1859
55,8,1615
55,9,1469
55,10,1934
55,11,2034
55,12,2001
55,13,2011
55,14,2027
55,15,1599
55,16,1342
55,17,1635
55,18,1744
55,19,1769
55,20,1788
55,21,1758
55,22,1541
55,23,1412
55,24,1912
55,25,1930
55,26,1923
55,27,1942
55,28,1833
55,29,1475
55,30,1373
55,31,1459
55,32,1989
55,33,2069
55,34,1996
55,35,1939
55,36,1912
55,37,1582
55,38,1484
55,39,1890
55,40,2047
55,41,2048
55,42,1993
55,43,2004
55,44,1632
55,45,1463
55,46,1655
55,47,1793
55,48,1784
55,49,1792
55,50,1806
55,51,1529
55,52,1418
55,53,1881
55,54,1948
55,55,1900
55,56,1918
55,57,1917
55,58,1515
55,59,1408
55,60,1898
55,61,1912
55,62,2006
55,63,2119
55,64,2126
55,65,2041
55,66,1587
55,67,1566
55,68,1990
55,69,1994
55,70,1948
55,71,1882
55,72,1699
55,73,1450
55,74,1309
55,75,1621
55,76,1785
55,77,1756
55,78,1746
55,79,1721
55,80,1516
55,81,1436
55,82,1915
55,83,1933
55,84,1939
55,85,1916
55,86,1874
55,87,1547
55,88,1417
55,89,1812
55,90,1882
56,1,1853
56,2,1584
56,3,2314
56,4,2369
56,5,2303
56,6,2268
56,7,2046
56,8,1739
56,9,1593
56,10,2156
56,11,2265
56,12,2214
56,13,2228
56,14,2212
56,15,1729
56,16,1454
56,17,1840
56,18,1963
56,19,1979
56,20,2004
56,21,1973
56,22,1674
56,23,1518
56,24,2154
56,25,2140
56,26,2129
56,27,2129
56,28,2050
56,29,1639
56,30,1500
56,31,1549
56,32,2217
56,33,2249
56,34,2189
56,35,2134
56,36,2122
56,37,1711
56,38,1589
56,39,2106
56,40,2244
56,41,2229
56,42,2180
56,43,2189
56,44,1759
56,45,1564
56,46,1863
56,47,2005
56,48,1999
56,49,1986
56,50,2011
56,51,1657
56,52,1518
56,53,2091
56,54,2145
56,55,2136
56,56,2126
56,57,2112
56,58,1664
56,59,1521
56,60,2104
56,61,2120
56,62,2231
56,63,2312
56,64,2302
56,65,2219
56,66,1726
56,67,1672
56,68,2189
56,69,2172
56,70,2135
56,71,2099
56,72,1877
56,73,1575
56,74,1431
56,75,1822
56,76,1978
56,77,1959
56,78,1951
56,79,1920
56,80,1647
56,81,1542
56,82,2138
56,83,2120
56,84,2128
56,85,2107
56,86,2063
56,87,1688
56,88,1522
56,89,2047
56,90,2103
57,1,2014
57,2,1706
57,3,2369
57,4,2396
57,5,2351
57,6,2295
57,7,2149
57,8,1890
57,9,1736
57,10,2216
57,11,2337
57,12,2285
57,13,2298
57,14,2256
57,15,1866
57,16,1596
57,17,1978
57,18,2087
57,19,2089
57,20,2126
57,21,2121
57,22,1807
57,23,1646
57,24,2248
57,25,2189
57,26,2184
57,27,2180
57,28,2142
57,29,1806
57,30,1651
57,31,1668
57,32,2279
57,33,2273
57,34,2226
57,35,2185
57,36,2182
57,37,1857
57,38,1708
57,39,2171
57,40,2275
57,41,2262
57,42,2219
57,43,2233
57,44,1886
57,45,1683
57,46,1999
57,47,2114
57,48,2126
57,49,2101
57,50,2109
57,51,1826
57,52,1669
57,53,2151
57,54,2182
57,55,2214
57,56,2180
57,57,2173
57,58,1829
57,59,1674
57,60,2164
57,61,2179
57,62,2298
57,63,2372
57,64,2328
57,65,2260
57,66,1900
57,67,1797
57,68,2223
57,69,2198
57,70,2181
57,71,2171
57,72,1994
57,73,1734
57,74,1583
57,75,1952
57,76,2083
57,77,2068
57,78,2069
57,79,2039
57,80,1792
57,81,1691
57,82,2215
57,83,2168
57,84,2170
57,85,2147
57,86,2120
57,87,1822
57,88,1648
57,89,2123
57,90,2172
58,1,2116
58,2,1836
58,3,2393
58,4,2380
58,5,2357
58,6,2286
58,7,2176
58,8,1977
58,9,1851
58,10,2224
58,11,2364
58,12,2304
58,13,2325
58,14,2257
58,15,1940
58,16,1709
58,17,2070
58,18,2156
58,19,2152
58,20,2189
58,21,2204
58,22,1887
58,23,1741
58,24,2290
58,25,2213
58,26,2197
58,27,2206
58,28,2203
58,29,1903
58,30,1778
58,31,1787
58,32,2305
58,33,2268
58,34,2227
58,35,2210
58,36,2212
58,37,1943
58,38,1810
58,39,2198
58,40,2263
58,41,2268
58,42,2227
58,43,2241
58,44,1955
58,45,1777
58,46,2085
58,47,2177
58,48,2210
58,49,2156
58,50,2158
58,51,1954
58,52,1803
58,53,2192
58,54,2200
58,55,2253
58,56,2203
58,57,2186
58,58,1946
58,59,1820
58,60,2188
58,61,2186
58,62,2323
58,63,2383
58,64,2315
58,65,2260
58,66,2010
58,67,1874
58,68,2233
58,69,2195
58,70,2198
58,71,2187
58,72,2059
58,73,1856
58,74,1687
58,75,2036
58,76,2126
58,77,2121
58,78,2134
58,79,2095
58,80,1884
58,81,1830
58,82,2246
58,83,2190
58,84,2180
58,85,2159
58,86,2141
58,87,1890
58,88,1749
58,89,2153
58,90,2205
59,1,2145
59,2,1919
59,3,2423
59,4,2386
59,5,2352
59,6,2277
59,7,2176
59,8,1998
59,9,1894
59,10,2239
59,11,2388
59,12,2295
59,13,2348
59,14,2256
59,15,1951
59,16,1768
59,17,2135
59,18,2202
59,19,2199
59,20,2235
59,21,2253
59,22,1923
59,23,1784
59,24,2303
59,25,2228
59,26,2219
59,27,2229
59,28,2249
59,29,1948
59,30,1857
59,31,1880
59,32,2320
59,33,2268
59,34,2243
59,35,2226
59,36,2222
59,37,1964
59,38,1851
59,39,2219
59,40,2274
59,41,2279
59,42,2229
59,43,2238
59,44,1961
59,45,1813
59,46,2131
59,47,2217
59,48,2286
59,49,2192
59,50,2185
59,51,2024
59,52,1878
59,53,2227
59,54,2216
59,55,2277
59,56,2225
59,57,2200
59,58,1994
59,59,1908
59,60,2214
59,61,2213
59,62,2353
59,63,2397
59,64,2313
59,65,2250
59,66,2054
59,67,1897
59,68,2239
59,69,2204
59,70,2217
59,71,2207
59,72,2099
59,73,1909
59,74,1731
59,75,2093
59,76,2163
59,77,2158
59,78,2175
59,79,2130
59,80,1932
59,81,1921
59,82,2277
59,83,2205
59,84,2192
59,85,2184
59,86,2158
59,87,1909
59,88,1795
59,89,2180
59,90,2236
60,1,2136
60,2,1977
60,3,2421
60,4,2359
60,5,2333
60,6,2258
60,7,2171
60,8,1991
60,9,1894
60,10,2232
60,11,2392
60,12,2321
60,13,2341
60,14,2242
60,15,1925
60,16,1790
60,17,2165
60,18,2218
60,19,2202
60,20,2252
60,21,2268
60,22,1913
60,23,1801
60,24,2308
60,25,2233
60,26,2221
60,27,2231
60,28,2279
60,29,1964
60,30,1894
60,31,1931
60,32,2316
60,33,2255
60,34,2229
60,35,2221
60,36,2205
60,37,1947
60,38,1867
60,39,2216
60,40,2272
60,41,2270
60,42,2230
60,43,2221
60,44,1934
60,45,1819
60,46,2141
60,47,2237
60,48,2327
60,49,2202
60,50,2185
60,51,2057
60,52,1908
60,53,2244
60,54,2222
60,55,2288
60,56,2230
60,57,2192
60,58,2007
60,59,1942
60,60,2219
60,61,2207
60,62,2345
60,63,2396
60,64,2313
60,65,2231
60,66,2068
60,67,1899
60,68,2233
60,69,2207
60,70,2220
60,71,2216
60,72,2111
60,73,1919
60,74,1749
60,75,2104
60,76,2173
60,77,2167
60,78,2189
60,79,2136
60,80,1947
60,81,1968
60,82,2281
60,83,2206
60,84,2184
60,85,2191
60,86,2151
60,87,1898
60,88,1813
60,89,2186
60,90,2249
61,1,2097
61,2,2009
61,3,2390
61,4,2325
61,5,2289
61,6,2226
61,7,2135
61,8,1931
61,9,1845
61,10,2207
61,11,2371
61,12,2295
61,13,2300
61,14,2200
61,15,1885
61,16,1780
61,17,2155
61,18,2203
61,19,2177
61,20,2254
61,21,2251
61,22,1875
61,23,1791
61,24,2296
61,25,2220
61,26,2204
61,27,2220
61,28,2282
61,29,1950
61,30,1916
61,31,1973
61,32,2296
61,33,2233
61,34,2213
61,35,2214
61,36,2182
61,37,1906
61,38,1853
61,39,2202
61,40,2238
61,41,2239
61,42,2203
61,43,2193
61,44,1884
61,45,1804
61,46,2131
61,47,2233
61,48,2342
61,49,2184
61,50,2162
61,51,2042
61,52,1891
61,53,2233
61,54,2203
61,55,2278
61,56,2210
61,57,2164
61,58,2005
61,59,1941
61,60,2208
61,61,2209
61,62,2325
61,63,2371
61,64,2274
61,65,2203
61,66,2039
61,67,1879
61,68,2204
61,69,2184
61,70,2197
61,71,2201
61,72,2099
61,73,1894
61,74,1725
61,75,2084
61,76,2164
61,77,2162
61,78,2185
61,79,2120
61,80,1935
61,81,1982
61,82,2272
61,83,2189
61,84,2165
61,85,2177
61,86,2134
61,87,1862
61,88,1800
61,89,2172
61,90,2233
62,1,2056
62,2,1999
62,3,2368
62,4,2305
62,5,2263
62,6,2211
62,7,2109
62,8,1888
62,9,1747
62,10,2189
62,11,2369
62,12,2287
62,13,2270
62,14,2179
62,15,1850
62,16,1756
62,17,2168
62,18,2202
62,19,2167
62,20,2279
62,21,2231
62,22,1828
62,23,1764
62,24,2285
62,25,2218
62,26,2193
62,27,2230
62,28,2291
62,29,1931
62,30,1907
62,31,1981
62,32,2281
62,33,2217
62,34,2207
62,35,2215
62,36,2166
62,37,1859
62,38,1824
62,39,2193
62,40,2228
62,41,2217
62,42,2197
62,43,2176
62,44,1840
62,45,1773
62,46,2122
62,47,2247
62,48,2362
62,49,2182
62,50,2154
62,51,2022
62,52,1848
62,53,2226
62,54,2199
62,55,2275
62,56,2202
62,57,2157
62,58,1994
62,59,1897
62,60,2201
62,61,2207
62,62,2316
62,63,2357
62,64,2259
62,65,2197
62,66,1995
62,67,1836
62,68,2189
62,69,2178
62,70,2202
62,71,2202
62,72,2088
62,73,1867
62,74,1653
62,75,2068
62,76,2161
62,77,2160
62,78,2197
62,79,2110
62,80,1908
62,81,1960
62,82,2261
62,83,2193
62,84,2161
62,85,2176
62,86,2121
62,87,1822
62,88,1772
62,89,2170
62,90,2225
63,1,2005
63,2,1973
63,3,2316
63,4,2250
63,5,2223
63,6,2177
63,7,2068
63,8,1840
63,9,1662
63,10,2156
63,11,2341
63,12,2272
63,13,2210
63,14,2128
63,15,1811
63,16,1726
63,17,2161
63,18,2179
63,19,2137
63,20,2267
63,21,2191
63,22,1792
63,23,1737
63,24,2259
63,25,2187
63,26,2163
63,27,2217
63,28,2269
63,29,1907
63,30,1892
63,31,1954
63,32,2244
63,33,2179
63,34,2186
63,35,2191
63,36,2132
63,37,1819
63,38,1792
63,39,2161
63,40,2194
63,41,2183
63,42,2162
63,43,2136
63,44,1794
63,45,1744
63,46,2102
63,47,2231
63,48,2343
63,49,2148
63,50,2118
63,51,2003
63,52,1812
63,53,2190
63,54,2177
63,55,2256
63,56,2174
63,57,2125
63,58,1978
63,59,1850
63,60,2177
63,61,2187
63,62,2299
63,63,2303
63,64,2231
63,65,2187
63,66,1958
63,67,1793
63,68,2155
63,69,2147
63,70,2181
63,71,2182
63,72,2052
63,73,1831
63,74,1589
63,75,2040
63,76,2132
63,77,2139
63,78,2180
63,79,2078
63,80,1887
63,81,1936
63,82,2229
63,83,2171
63,84,2139
63,85,2151
63,86,2090
63,87,1786
63,88,1744
63,89,2142
63,90,2200
64,1,1986
64,2,1962
64,3,2284
64,4,2216
64,5,2190
64,6,2153
64,7,2020
64,8,1809
64,9,1618
64,10,2130
64,11,2349
64,12,2253
64,13,2164
64,14,2076
64,15,1785
64,16,1718
64,17,2146
64,18,2145
64,19,2103
64,20,2236
64,21,2140
64,22,1762
64,23,1739
64,24,2249
64,25,2159
64,26,2135
64,27,2198
64,28,2230
64,29,1895
64,30,1890
64,31,1960
64,32,2225
64,33,2138
64,34,2149
64,35,2168
64,36,2092
64,37,1795
64,38,1779
64,39,2132
64,40,2158
64,41,2141
64,42,2130
64,43,2077
64,44,1762
64,45,1730
64,46,2077
64,47,2202
64,48,2313
64,49,2116
64,50,2070
64,51,1982
64,52,1789
64,53,2163
64,54,2148
64,55,2254
64,56,2146
64,57,2082
64,58,1969
64,59,1818
64,60,2166
64,61,2188
64,62,2297
64,63,2270
64,64,2206
64,65,2184
64,66,1943
64,67,1770
64,68,2120
64,69,2121
64,70,2149
64,71,2150
64,72,2014
64,73,1805
64,74,1550
64,75,2012
64,76,2094
64,77,2107
64,78,2145
64,79,2032
64,80,1870
64,81,1929
64,82,2198
64,83,2152
64,84,2110
64,85,2121
64,86,2046
64,87,1759
64,88,1729
64,89,2103
64,90,2189
65,1,2014
65,2,1974
65,3,2288
65,4,2198
65,5,2181
65,6,2143
65,7,1986
65,8,1808
65,9,1612
65,10,2123
65,11,2404
65,12,2260
65,13,2152
65,14,2040
65,15,1783
65,16,1735
65,17,2146
65,18,2133
65,19,2086
65,20,2218
65,21,2125
65,22,1755
65,23,1785
65,24,2294
65,25,2153
65,26,2123
65,27,2186
65,28,2196
65,29,1916
65,30,1912
65,31,1992
65,32,2237
65,33,2126
65,34,2136
65,35,2158
65,36,2059
65,37,1788
65,38,1792
65,39,2133
65,40,2162
65,41,2130
65,42,2120
65,43,2049
65,44,1759
65,45,1743
65,46,2076
65,47,2181
65,48,2295
65,49,2097
65,50,2040
65,51,1983
65,52,1795
65,53,2176
65,54,2133
65,55,2273
65,56,2128
65,57,2050
65,58,1982
65,59,1812
65,60,2191
65,61,2217
65,62,2325
65,63,2277
65,64,2194
65,65,2196
65,66,1940
65,67,1782
65,68,2110
65,69,2108
65,70,2138
65,71,2124
65,72,1999
65,73,1798
65,74,1532
65,75,1997
65,76,2076
65,77,2085
65,78,2115
65,79,2006
65,80,1879
65,81,1960
65,82,2205
65,83,2152
65,84,2090
65,85,2099
65,86,2016
65,87,1759
65,88,1743
65,89,2094
65,90,2213
66,1,2082
66,2,2049
66,3,2307
66,4,2194
66,5,2186
66,6,2150
66,7,1990
66,8,1825
66,9,1625
66,10,2166
66,11,2454
66,12,2277
66,13,2128
66,14,2002
66,15,1796
66,16,1768
66,17,2119
66,18,2107
66,19,2066
66,20,2179
66,21,2111
66,22,1764
66,23,1855
66,24,2306
66,25,2135
66,26,2100
66,27,2147
66,28,2136
66,29,1934
66,30,1952
66,31,2024
66,32,2268
66,33,2125
66,34,2131
66,35,2161
66,36,2027
66,37,1803
66,38,1828
66,39,2137
66,40,2190
66,41,2129
66,42,2105
66,43,2022
66,44,1774
66,45,1768
66,46,2055
66,47,2161
66,48,2251
66,49,2072
66,50,2017
66,51,2001
66,52,1825
66,53,2179
66,54,2110
66,55,2286
66,56,2117
66,57,2016
66,58,2010
66,59,1834
66,60,2200
66,61,2258
66,62,2350
66,63,2294
66,64,2192
66,65,2209
66,66,1959
66,67,1817
66,68,2102
66,69,2095
66,70,2136
66,71,2093
66,72,1993
66,73,1799
66,74,1542
66,75,2001
66,76,2066
66,77,2070
66,78,2080
66,79,1974
66,80,1925
66,81,2009
66,82,2211
66,83,2149
66,84,2073
66,85,2064
66,86,1980
66,87,1770
66,88,1778
66,89,2089
66,90,2236
67,1,2162
67,2,2124
67,3,2333
67,4,2210
67,5,2199
67,6,2169
67,7,1966
67,8,1841
67,9,1703
67,10,2204
67,11,2445
67,12,2298
67,13,2124
67,14,1982
67,15,1810
67,16,1791
67,17,2092
67,18,2067
67,19,2039
67,20,2140
67,21,2109
67,22,1766
67,23,1918
67,24,2303
67,25,2106
67,26,2087
67,27,2106
67,28,2077
67,29,1894
67,30,1986
67,31,2094
67,32,2289
67,33,2140
67,34,2123
67,35,2186
67,36,2012
67,37,1813
67,38,1859
67,39,2150
67,40,2241
67,41,2125
67,42,2104
67,43,2008
67,44,1783
67,45,1782
67,46,2033
67,47,2126
67,48,2224
67,49,2050
67,50,2023
67,51,1998
67,52,1846
67,53,2159
67,54,2086
67,55,2280
67,56,2126
67,57,1993
67,58,2004
67,59,1858
67,60,2198
67,61,2299
67,62,2350
67,63,2302
67,64,2203
67,65,2187
67,66,1979
67,67,1856
67,68,2103
67,69,2081
67,70,2143
67,71,2066
67,72,1984
67,73,1796
67,74,1576
67,75,2022
67,76,2056
67,77,2041
67,78,2045
67,79,1948
67,80,1939
67,81,2026
67,82,2225
67,83,2179
67,84,2053
67,85,2042
67,86,1956
67,87,1770
67,88,1790
67,89,2092
67,90,2229
68,1,2146
68,2,2196
68,3,2457
68,4,2332
68,5,2302
68,6,2249
68,7,2052
68,8,1932
68,9,1867
68,10,2295
68,11,2455
68,12,2328
68,13,2214
68,14,2046
68,15,1885
68,16,1866
68,17,2139
68,18,2114
68,19,2101
68,20,2169
68,21,2131
68,22,1820
68,23,2003
68,24,2314
68,25,2162
68,26,2133
68,27,2135
68,28,2069
68,29,1913
68,30,2025
68,31,2185
68,32,2376
68,33,2260
68,34,2230
68,35,2283
68,36,2078
68,37,1894
68,38,1964
68,39,2252
68,40,2326
68,41,2218
68,42,2184
68,43,2078
68,44,1861
68,45,1855
68,46,2085
68,47,2164
68,48,2292
68,49,2092
68,50,2078
68,51,2018
68,52,1915
68,53,2199
68,54,2138
68,55,2293
68,56,2185
68,57,2018
68,58,2000
68,59,1931
68,60,2254
68,61,2352
68,62,2411
68,63,2386
68,64,2303
68,65,2203
68,66,2034
68,67,1983
68,68,2203
68,69,2176
68,70,2230
68,71,2126
68,72,2031
68,73,1856
68,74,1697
68,75,2101
68,76,2121
68,77,2090
68,78,2089
68,79,1990
68,80,1974
68,81,2068
68,82,2276
68,83,2235
68,84,2105
68,85,2085
68,86,1979
68,87,1804
68,88,1852
68,89,2124
68,90,2247
69,1,2078
69,2,2183
69,3,2479
69,4,2365
69,5,2354
69,6,2268
69,7,2107
69,8,2001
69,9,1955
69,10,2302
69,11,2391
69,12,2306
69,13,2290
69,14,2128
69,15,1930
69,16,1923
69,17,2192
69,18,2169
69,19,2167
69,20,2225
69,21,2129
69,22,1908
69,23,2029
69,24,2283
69,25,2224
69,26,2243
69,27,2234
69,28,2153
69,29,2003
69,30,2058
69,31,2168
69,32,2403
69,33,2302
69,34,2281
69,35,2277
69,36,2133
69,37,1961
69,38,2067
69,39,2307
69,40,2334
69,41,2292
69,42,2260
69,43,2148
69,44,1936
69,45,1947
69,46,2167
69,47,2233
69,48,2310
69,49,2169
69,50,2095
69,51,2000
69,52,2024
69,53,2287
69,54,2232
69,55,2283
69,56,2248
69,57,2109
69,58,2007
69,59,2042
69,60,2271
69,61,2300
69,62,2403
69,63,2415
69,64,2343
69,65,2164
69,66,2065
69,67,2081
69,68,2254
69,69,2228
69,70,2242
69,71,2180
69,72,2032
69,73,1933
69,74,1799
69,75,2123
69,76,2146
69,77,2167
69,78,2156
69,79,2055
69,80,1979
69,81,2067
69,82,2270
69,83,2214
69,84,2213
69,85,2189
69,86,2068
69,87,1898
69,88,1972
69,89,2189
69,90,2244
70,1,1969
70,2,2063
70,3,2348
70,4,2239
70,5,2227
70,6,2151
70,7,2020
70,8,1931
70,9,1860
70,10,2154
70,11,2227
70,12,2162
70,13,2184
70,14,2040
70,15,1849
70,16,1817
70,17,2064
70,18,2046
70,19,2053
70,20,2116
70,21,2025
70,22,1843
70,23,1893
70,24,2133
70,25,2096
70,26,2129
70,27,2119
70,28,2058
70,29,1934
70,30,1927
70,31,2057
70,32,2261
70,33,2173
70,34,2141
70,35,2138
70,36,2038
70,37,1885
70,38,1934
70,39,2167
70,40,2189
70,41,2163
70,42,2138
70,43,2051
70,44,1864
70,45,1839
70,46,2036
70,47,2095
70,48,2161
70,49,2064
70,50,1994
70,51,1903
70,52,1916
70,53,2153
70,54,2116
70,55,2143
70,56,2130
70,57,2020
70,58,1913
70,59,1939
70,60,2125
70,61,2147
70,62,2268
70,63,2280
70,64,2208
70,65,2057
70,66,1995
70,67,1955
70,68,2107
70,69,2096
70,70,2094
70,71,2061
70,72,1924
70,73,1856
70,74,1723
70,75,1990
70,76,2023
70,77,2048
70,78,2034
70,79,1966
70,80,1891
70,81,1937
70,82,2126
70,83,2075
70,84,2099
70,85,2080
70,86,1990
70,87,1841
70,88,1868
70,89,2063
70,90,2103
71,1,1832
71,2,1905
71,3,2147
71,4,2032
71,5,2016
71,6,1960
71,7,1869
71,8,1800
71,9,1708
71,10,1943
71,11,2005
71,12,1941
71,13,1998
71,14,1885
71,15,1707
71,16,1662
71,17,1869
71,18,1841
71,19,1862
71,20,1912
71,21,1866
71,22,1720
71,23,1728
71,24,1914
71,25,1877
71,26,1925
71,27,1903
71,28,1869
71,29,1784
71,30,1753
71,31,1882
71,32,2050
71,33,1957
71,34,1916
71,35,1922
71,36,1877
71,37,1751
71,38,1753
71,39,1949
71,40,1969
71,41,1951
71,42,1936
71,43,1894
71,44,1732
71,45,1684
71,46,1834
71,47,1893
71,48,1956
71,49,1886
71,50,1830
71,51,1767
71,52,1747
71,53,1943
71,54,1898
71,55,1925
71,56,1924
71,57,1854
71,58,1773
71,59,1764
71,60,1901
71,61,1941
71,62,2052
71,63,2071
71,64,1994
71,65,1897
71,66,1869
71,67,1787
71,68,1897
71,69,1882
71,70,1893
71,71,1854
71,72,1759
71,73,1711
71,74,1595
71,75,1810
71,76,1830
71,77,1856
71,78,1841
71,79,1813
71,80,1753
71,81,1767
71,82,1915
71,83,1870
71,84,1887
71,85,1867
71,86,1831
71,87,1711
71,88,1692
71,89,1858
71,90,1895
72,1,1693
72,2,1746
72,3,1949
72,4,1834
72,5,1818
72,6,1765
72,7,1700
72,8,1634
72,9,1557
72,10,1751
72,11,1800
72,12,1747
72,13,1793
72,14,1712
72,15,1557
72,16,1517
72,17,1686
72,18,1651
72,19,1671
72,20,1714
72,21,1692
72,22,1575
72,23,1577
72,24,1716
72,25,1684
72,26,1725
72,27,1696
72,28,1680
72,29,1623
72,30,1588
72,31,1723
72,32,1852
72,33,1757
72,34,1713
72,35,1718
72,36,1692
72,37,1613
72,38,1586
72,39,1758
72,40,1772
72,41,1752
72,42,1741
72,43,1718
72,44,1590
72,45,1538
72,46,1653
72,47,1699
72,48,1746
72,49,1702
72,50,1654
72,51,1615
72,52,1581
72,53,1739
72,54,1699
72,55,1723
72,56,1730
72,57,1669
72,58,1614
72,59,1595
72,60,1704
72,61,1744
72,62,1853
72,63,1871
72,64,1801
72,65,1714
72,66,1715
72,67,1629
72,68,1708
72,69,1678
72,70,1688
72,71,1659
72,72,1588
72,73,1545
72,74,1462
72,75,1637
72,76,1649
72,77,1669
72,78,1657
72,79,1641
72,80,1612
72,81,1607
72,82,1721
72,83,1683
72,84,1690
72,85,1669
72,86,1651
72,87,1571
72,88,1534
72,89,1660
72,90,1700
73,1,1573
73,2,1625
73,3,1805
73,4,1699
73,5,1685
73,6,1621
73,7,1568
73,8,1505
73,9,1460
73,10,1600
73,11,1667
73,12,1616
73,13,1654
73,14,1582
73,15,1441
73,16,1416
73,17,1556
73,18,1525
73,19,1540
73,20,1571
73,21,1560
73,22,1459
73,23,1467
73,24,1589
73,25,1555
73,26,1596
73,27,1553
73,28,1539
73,29,1491
73,30,1474
73,31,1577
73,32,1710
73,33,1621
73,34,1584
73,35,1591
73,36,1562
73,37,1502
73,38,1453
73,39,1629
73,40,1648
73,41,1623
73,42,1612
73,43,1594
73,44,1482
73,45,1421
73,46,1526
73,47,1566
73,48,1608
73,49,1572
73,50,1531
73,51,1492
73,52,1467
73,53,1607
73,54,1564
73,55,1589
73,56,1592
73,57,1550
73,58,1487
73,59,1482
73,60,1583
73,61,1626
73,62,1732
73,63,1740
73,64,1678
73,65,1582
73,66,1602
73,67,1524
73,68,1578
73,69,1552
73,70,1565
73,71,1527
73,72,1462
73,73,1412
73,74,1363
73,75,1509
73,76,1528
73,77,1543
73,78,1524
73,79,1511
73,80,1498
73,81,1497
73,82,1595
73,83,1564
73,84,1565
73,85,1548
73,86,1527
73,87,1451
73,88,1426
73,89,1539
73,90,1574
74,1,1479
74,2,1567
74,3,1734
74,4,1630
74,5,1604
74,6,1555
74,7,1501
74,8,1429
74,9,1390
74,10,1542
74,11,1588
74,12,1547
74,13,1590
74,14,1516
74,15,1369
74,16,1353
74,17,1479
74,18,1452
74,19,1472
74,20,1488
74,21,1482
74,22,1393
74,23,1418
74,24,1523
74,25,1488
74,26,1527
74,27,1480
74,28,1456
74,29,1407
74,30,1415
74,31,1515
74,32,1645
74,33,1557
74,34,1512
74,35,1522
74,36,1490
74,37,1442
74,38,1396
74,39,1573
74,40,1580
74,41,1560
74,42,1553
74,43,1533
74,44,1419
74,45,1368
74,46,1463
74,47,1493
74,48,1527
74,49,1500
74,50,1461
74,51,1423
74,52,1410
74,53,1542
74,54,1490
74,55,1510
74,56,1530
74,57,1461
74,58,1412
74,59,1425
74,60,1514
74,61,1550
74,62,1666
74,63,1674
74,64,1606
74,65,1502
74,66,1531
74,67,1477
74,68,1527
74,69,1501
74,70,1486
74,71,1452
74,72,1385
74,73,1329
74,74,1313
74,75,1447
74,76,1458
74,77,1470
74,78,1454
74,79,1450
74,80,1425
74,81,1447
74,82,1523
74,83,1497
74,84,1504
74,85,1480
74,86,1461
74,87,1396
74,88,1365
74,89,1467
74,90,1506
75,1,1501
75,2,1547
75,3,1709
75,4,1601
75,5,1574
75,6,1522
75,7,1467
75,8,1390
75,9,1390
75,10,1519
75,11,1555
75,12,1514
75,13,1560
75,14,1477
75,15,1331
75,16,1329
75,17,1435
75,18,1422
75,19,1439
75,20,1438
75,21,1440
75,22,1355
75,23,1396
75,24,1484
75,25,1461
75,26,1495
75,27,1441
75,28,1403
75,29,1361
75,30,1390
75,31,1491
75,32,1605
75,33,1527
75,34,1482
75,35,1481
75,36,1451
75,37,1408
75,38,1373
75,39,1548
75,40,1559
75,41,1526
75,42,1533
75,43,1502
75,44,1395
75,45,1342
75,46,1427
75,47,1454
75,48,1486
75,49,1468
75,50,1418
75,51,1383
75,52,1389
75,53,1512
75,54,1451
75,55,1481
75,56,1495
75,57,1422
75,58,1372
75,59,1410
75,60,1485
75,61,1522
75,62,1631
75,63,1645
75,64,1583
75,65,1465
75,66,1497
75,67,1452
75,68,1506
75,69,1470
75,70,1454
75,71,1415
75,72,1351
75,73,1274
75,74,1290
75,75,1416
75,76,1427
75,77,1434
75,78,1415
75,79,1413
75,80,1389
75,81,1415
75,82,1489
75,83,1477
75,84,1471
75,85,1446
75,86,1424
75,87,1362
75,88,1345
75,89,1437
75,90,1475
76,1,1473
76,2,1554
76,3,1703
76,4,1595
76,5,1564
76,6,1514
76,7,1454
76,8,1374
76,9,1399
76,10,1515
76,11,1530
76,12,1506
76,13,1561
76,14,1462
76,15,1308
76,16,1320
76,17,1417
76,18,1413
76,19,1426
76,20,1415
76,21,1420
76,22,1346
76,23,1397
76,24,1471
76,25,1455
76,26,1488
76,27,1429
76,28,1377
76,29,1336
76,30,1385
76,31,1488
76,32,1598
76,33,1521
76,34,1465
76,35,1466
76,36,1440
76,37,1395
76,38,1374
76,39,1548
76,40,1553
76,41,1520
76,42,1525
76,43,1494
76,44,1377
76,45,1338
76,46,1420
76,47,1439
76,48,1456
76,49,1464
76,50,1399
76,51,1363
76,52,1388
76,53,1509
76,54,1438
76,55,1466
76,56,1490
76,57,1393
76,58,1347
76,59,1408
76,60,1482
76,61,1515
76,62,1627
76,63,1645
76,64,1574
76,65,1438
76,66,1477
76,67,1460
76,68,1499
76,69,1470
76,70,1439
76,71,1400
76,72,1320
76,73,1250
76,74,1291
76,75,1408
76,76,1403
76,77,1419
76,78,1399
76,79,1391
76,80,1375
76,81,1416
76,82,1478
76,83,1459
76,84,1467
76,85,1438
76,86,1410
76,87,1351
76,88,1347
76,89,1430
76,90,1465
77,1,1473
77,2,1606
77,3,1743
77,4,1639
77,5,1614
77,6,1543
77,7,1471
77,8,1375
77,9,1449
77,10,1540
77,11,1558
77,12,1545
77,13,1602
77,14,1469
77,15,1303
77,16,1348
77,17,1433
77,18,1443
77,19,1455
77,20,1432
77,21,1422
77,22,1351
77,23,1440
77,24,1500
77,25,1493
77,26,1525
77,27,1450
77,28,1377
77,29,1325
77,30,1424
77,31,1529
77,32,1628
77,33,1557
77,34,1494
77,35,1496
77,36,1452
77,37,1405
77,38,1425
77,39,1594
77,40,1591
77,41,1549
77,42,1568
77,43,1502
77,44,1386
77,45,1373
77,46,1456
77,47,1465
77,48,1475
77,49,1498
77,50,1408
77,51,1360
77,52,1434
77,53,1537
77,54,1469
77,55,1490
77,56,1525
77,57,1400
77,58,1345
77,59,1456
77,60,1519
77,61,1551
77,62,1666
77,63,1681
77,64,1618
77,65,1442
77,66,1478
77,67,1522
77,68,1546
77,69,1511
77,70,1473
77,71,1422
77,72,1324
77,73,1248
77,74,1326
77,75,1441
77,76,1437
77,77,1445
77,78,1425
77,79,1399
77,80,1369
77,81,1465
77,82,1521
77,83,1515
77,84,1504
77,85,1466
77,86,1421
77,87,1360
77,88,1386
77,89,1471
77,90,1499
78,1,1476
78,2,1777
78,3,1907
78,4,1803
78,5,1814
78,6,1666
78,7,1536
78,8,1410
78,9,1629
78,10,1711
78,11,1712
78,12,1709
78,13,1765
78,14,1524
78,15,1323
78,16,1464
78,17,1551
78,18,1570
78,19,1582
78,20,1555
78,21,1470
78,22,1374
78,23,1604
78,24,1655
78,25,1646
78,26,1673
78,27,1583
78,28,1405
78,29,1341
78,30,1574
78,31,1684
78,32,1792
78,33,1715
78,34,1649
78,35,1630
78,36,1506
78,37,1441
78,38,1594
78,39,1757
78,40,1764
78,41,1717
78,42,1731
78,43,1563
78,44,1428
78,45,1489
78,46,1593
78,47,1590
78,48,1596
78,49,1619
78,50,1450
78,51,1380
78,52,1586
78,53,1692
78,54,1612
78,55,1652
78,56,1668
78,57,1443
78,58,1368
78,59,1611
78,60,1669
78,61,1704
78,62,1821
78,63,1847
78,64,1768
78,65,1493
78,66,1515
78,67,1697
78,68,1714
78,69,1674
78,70,1618
78,71,1528
78,72,1361
78,73,1275
78,74,1446
78,75,1583
78,76,1564
78,77,1566
78,78,1536
78,79,1448
78,80,1395
78,81,1623
78,82,1665
78,83,1669
78,84,1653
78,85,1617
78,86,1470
78,87,1381
78,88,1543
78,89,1617
78,90,1641
79,1,1516
79,2,2090
79,3,2187
79,4,2096
79,5,2082
79,6,1859
79,7,1615
79,8,1469
79,9,1934
79,10,2034
79,11,2001
79,12,2011
79,13,2027
79,14,1599
79,15,1342
79,16,1635
79,17,1744
79,18,1769
79,19,1788
79,20,1758
79,21,1541
79,22,1412
79,23,1912
79,24,1930
79,25,1923
79,26,1942
79,27,1833
79,28,1475
79,29,1373
79,30,1862
79,31,1989
79,32,2069
79,33,1996
79,34,1939
79,35,1912
79,36,1582
79,37,1484
79,38,1890
79,39,2047
79,40,2048
79,41,1993
79,42,2004
79,43,1632
79,44,1463
79,45,1655
79,46,1793
79,47,1784
79,48,1792
79,49,1806
79,50,1529
79,51,1418
79,52,1881
79,53,1948
79,54,1900
79,55,1918
79,56,1917
79,57,1515
79,58,1408
79,59,1898
79,60,1938
79,61,2006
79,62,2119
79,63,2126
79,64,2041
79,65,1587
79,66,1566
79,67,1990
79,68,1994
79,69,1948
79,70,1882
79,71,1699
79,72,1450
79,73,1309
79,74,1621
79,75,1785
79,76,1756
79,77,1746
79,78,1721
79,79,1516
79,80,1436
79,81,1915
79,82,1933
79,83,1939
79,84,1916
79,85,1874
79,86,1547
79,87,1417
79,88,1812
79,89,1882
79,90,1923
80,1,1584
80,2,2314
80,3,2369
80,4,2303
80,5,2268
80,6,2046
80,7,1739
80,8,1593
80,9,2156
80,10,2265
80,11,2214
80,12,2228
80,13,2212
80,14,1729
80,15,1454
80,16,1840
80,17,1963
80,18,1979
80,19,2004
80,20,1973
80,21,1674
80,22,1518
80,23,2154
80,24,2140
80,25,2129
80,26,2129
80,27,2050
80,28,1639
80,29,1500
80,30,2100
80,31,2217
80,32,2249
80,33,2189
80,34,2134
80,35,2122
80,36,1711
80,37,1589
80,38,2106
80,39,2244
80,40,2229
80,41,2180
80,42,2189
80,43,1759
80,44,1564
80,45,1863
80,46,2005
80,47,1999
80,48,1986
80,49,2011
80,50,1657
80,51,1518
80,52,2091
80,53,2145
80,54,2136
80,55,2126
80,56,2112
80,57,1664
80,58,1521
80,59,2104
80,60,2133
80,61,2231
80,62,2312
80,63,2302
80,64,2219
80,65,1726
80,66,1672
80,67,2189
80,68,2172
80,69,2135
80,70,2099
80,71,1877
80,72,1575
80,73,1431
80,74,1822
80,75,1978
80,76,1959
80,77,1951
80,78,1920
80,79,1647
80,80,1542
80,81,2138
80,82,2120
80,83,2128
80,84,2107
80,85,2063
80,86,1688
80,87,1522
80,88,2047
80,89,2103
80,90,2132
81,1,1706
81,2,2369
81,3,2396
81,4,2351
81,5,2295
81,6,2149
81,7,1890
81,8,1736
81,9,2216
81,10,2337
81,11,2285
81,12,2298
81,13,2256
81,14,1866
81,15,1596
81,16,1978
81,17,2087
81,18,2089
81,19,2126
81,20,2121
81,21,1807
81,22,1646
81,23,2248
81,24,2189
81,25,2184
81,26,2180
81,27,2142
81,28,1806
81,29,1651
81,30,2197
81,31,2279
81,32,2273
81,33,2226
81,34,2185
81,35,2182
81,36,1857
81,37,1708
81,38,2171
81,39,2275
81,40,2262
81,41,2219
81,42,2233
81,43,1886
81,44,1683
81,45,1999
81,46,2114
81,47,2126
81,48,2101
81,49,2109
81,50,1826
81,51,1669
81,52,2151
81,53,2182
81,54,2214
81,55,2180
81,56,2173
81,57,1829
81,58,1674
81,59,2164
81,60,2183
81,61,2298
81,62,2372
81,63,2328
81,64,2260
81,65,1900
81,66,1797
81,67,2223
81,68,2198
81,69,2181
81,70,2171
81,71,1994
81,72,1734
81,73,1583
81,74,1952
81,75,2083
81,76,2068
81,77,2069
81,78,2039
81,79,1792
81,80,1691
81,81,2215
81,82,2168
81,83,2170
81,84,2147
81,85,2120
81,86,1822
81,87,1648
81,88,2123
81,89,2172
81,90,2198
82,1,1836
82,2,2393
82,3,2380
82,4,2357
82,5,2286
82,6,2176
82,7,1977
82,8,1851
82,9,2224
82,10,2364
82,11,2304
82,12,2325
82,13,2257
82,14,1940
82,15,1709
82,16,2070
82,17,2156
82,18,2152
82,19,2189
82,20,2204
82,21,1887
82,22,1741
82,23,2290
82,24,2213
82,25,2197
82,26,2206
82,27,2203
82,28,1903
82,29,1778
82,30,2242
82,31,2305
82,32,2268
82,33,2227
82,34,2210
82,35,2212
82,36,1943
82,37,1810
82,38,2198
82,39,2263
82,40,2268
82,41,2227
82,42,2241
82,43,1955
82,44,1777
82,45,2085
82,46,2177
82,47,2210
82,48,2156
82,49,2158
82,50,1954
82,51,1803
82,52,2192
82,53,2200
82,54,2253
82,55,2203
82,56,2186
82,57,1946
82,58,1820
82,59,2188
82,60,2194
82,61,2323
82,62,2383
82,63,2315
82,64,2260
82,65,2010
82,66,1874
82,67,2233
82,68,2195
82,69,2198
82,70,2187
82,71,2059
82,72,1856
82,73,1687
82,74,2036
82,75,2126
82,76,2121
82,77,2134
82,78,2095
82,79,1884
82,80,1830
82,81,2246
82,82,2190
82,83,2180
82,84,2159
82,85,2141
82,86,1890
82,87,1749
82,88,2153
82,89,2205
82,90,2226
83,1,1919
83,2,2423
83,3,2386
83,4,2352
83,5,2277
83,6,2176
83,7,1998
83,8,1894
83,9,2239
83,10,2388
83,11,2295
83,12,2348
83,13,2256
83,14,1951
83,15,1768
83,16,2135
83,17,2202
83,18,2199
83,19,2235
83,20,2253
83,21,1923
83,22,1784
83,23,2303
83,24,2228
83,25,2219
83,26,2229
83,27,2249
83,28,1948
83,29,1857
83,30,2282
83,31,2320
83,32,2268
83,33,2243
83,34,2226
83,35,2222
83,36,1964
83,37,1851
83,38,2219
83,39,2274
83,40,2279
83,41,2229
83,42,2238
83,43,1961
83,44,1813
83,45,2131
83,46,2217
83,47,2286
83,48,2192
83,49,2185
83,50,2024
83,51,1878
83,52,2227
83,53,2216
83,54,2277
83,55,2225
83,56,2200
83,57,1994
83,58,1908
83,59,2214
83,60,2216
83,61,2353
83,62,2397
83,63,2313
83,64,2250
83,65,2054
83,66,1897
83,67,2239
83,68,2204
83,69,2217
83,70,2207
83,71,2099
83,72,1909
83,73,1731
83,74,2093
83,75,2163
83,76,2158
83,77,2175
83,78,2130
83,79,1932
83,80,1921
83,81,2277
83,82,2205
83,83,2192
83,84,2184
83,85,2158
83,86,1909
83,87,1795
83,88,2180
83,89,2236
83,90,2250
84,1,1977
84,2,2421
84,3,2359
84,4,2333
84,5,2258
84,6,2171
84,7,1991
84,8,1894
84,9,2232
84,10,2392
84,11,2321
84,12,2341
84,13,2242
84,14,1925
84,15,1790
84,16,2165
84,17,2218
84,18,2202
84,19,2252
84,20,2268
84,21,1913
84,22,1801
84,23,2308
84,24,2233
84,25,2221
84,26,2231
84,27,2279
84,28,1964
84,29,1894
84,30,2286
84,31,2316
84,32,2255
84,33,2229
84,34,2221
84,35,2205
84,36,1947
84,37,1867
84,38,2216
84,39,2272
84,40,2270
84,41,2230
84,42,2221
84,43,1934
84,44,1819
84,45,2141
84,46,2237
84,47,2327
84,48,2202
84,49,2185
84,50,2057
84,51,1908
84,52,2244
84,53,2222
84,54,2288
84,55,2230
84,56,2192
84,57,2007
84,58,1942
84,59,2219
84,60,2222
84,61,2345
84,62,2396
84,63,2313
84,64,2231
84,65,2068
84,66,1899
84,67,2233
84,68,2207
84,69,2220
84,70,2216
84,71,2111
84,72,1919
84,73,1749
84,74,2104
84,75,2173
84,76,2167
84,77,2189
84,78,2136
84,79,1947
84,80,1968
84,81,2281
84,82,2206
84,83,2184
84,84,2191
84,85,2151
84,86,1898
84,87,1813
84,88,2186
84,89,2249
84,90,2264
85,1,2009
85,2,2390
85,3,2325
85,4,2289
85,5,2226
85,6,2135
85,7,1931
85,8,1845
85,9,2207
85,10,2371
85,11,2295
85,12,2300
85,13,2200
85,14,1885
85,15,1780
85,16,2155
85,17,2203
85,18,2177
85,19,2254
85,20,2251
85,21,1875
85,22,1791
85,23,2296
85,24,2220
85,25,2204
85,26,2220
85,27,2282
85,28,1950
85,29,1916
85,30,2270
85,31,2296
85,32,2233
85,33,2213
85,34,2214
85,35,2182
85,36,1906
85,37,1853
85,38,2202
85,39,2238
85,40,2239
85,41,2203
85,42,2193
85,43,1884
85,44,1804
85,45,2131
85,46,2233
85,47,2342
85,48,2184
85,49,2162
85,50,2042
85,51,1891
85,52,2233
85,53,2203
85,54,2278
85,55,2210
85,56,2164
85,57,2005
85,58,1941
85,59,2208
85,60,2205
85,61,2325
85,62,2371
85,63,2274
85,64,2203
85,65,2039
85,66,1879
85,67,2204
85,68,2184
85,69,2197
85,70,2201
85,71,2099
85,72,1894
85,73,1725
85,74,2084
85,75,2164
85,76,2162
85,77,2185
85,78,2120
85,79,1935
85,80,1982
85,81,2272
85,82,2189
85,83,2165
85,84,2177
85,85,2134
85,86,1862
85,87,1800
85,88,2172
85,89,2233
85,90,2249
86,1,1999
86,2,2368
86,3,2305
86,4,2263
86,5,2211
86,6,2109
86,7,1888
86,8,1747
86,9,2189
86,10,2369
86,11,2287
86,12,2270
86,13,2179
86,14,1850
86,15,1756
86,16,2168
86,17,2202
86,18,2167
86,19,2279
86,20,2231
86,21,1828
86,22,1764
86,23,2285
86,24,2218
86,25,2193
86,26,2230
86,27,2291
86,28,1931
86,29,1907
86,30,2258
86,31,2281
86,32,2217
86,33,2207
86,34,2215
86,35,2166
86,36,1859
86,37,1824
86,38,2193
86,39,2228
86,40,2217
86,41,2197
86,42,2176
86,43,1840
86,44,1773
86,45,2122
86,46,2247
86,47,2362
86,48,2182
86,49,2154
86,50,2022
86,51,1848
86,52,2226
86,53,2199
86,54,2275
86,55,2202
86,56,2157
86,57,1994
86,58,1897
86,59,2201
86,60,2195
86,61,2316
86,62,2357
86,63,2259
86,64,2197
86,65,1995
86,66,1836
86,67,2189
86,68,2178
86,69,2202
86,70,2202
86,71,2088
86,72,1867
86,73,1653
86,74,2068
86,75,2161
86,76,2160
86,77,2197
86,78,2110
86,79,1908
86,80,1960
86,81,2261
86,82,2193
86,83,2161
86,84,2176
86,85,2121
86,86,1822
86,87,1772
86,88,2170
86,89,2225
86,90,2228
87,1,1973
87,2,2316
87,3,2250
87,4,2223
87,5,2177
87,6,2068
87,7,1840
87,8,1662
87,9,2156
87,10,2341
87,11,2272
87,12,2210
87,13,2128
87,14,1811
87,15,1726
87,16,2161
87,17,2179
87,18,2137
87,19,2267
87,20,2191
87,21,1792
87,22,1737
87,23,2259
87,24,2187
87,25,2163
87,26,2217
87,27,2269
87,28,1907
87,29,1892
87,30,2231
87,31,2244
87,32,2179
87,33,2186
87,34,2191
87,35,2132
87,36,1819
87,37,1792
87,38,2161
87,39,2194
87,40,2183
87,41,2162
87,42,2136
87,43,1794
87,44,1744
87,45,2102
87,46,2231
87,47,2343
87,48,2148
87,49,2118
87,50,2003
87,51,1812
87,52,2190
87,53,2177
87,54,2256
87,55,2174
87,56,2125
87,57,1978
87,58,1850
87,59,2177
87,60,2169
87,61,2299
87,62,2303
87,63,2231
87,64,2187
87,65,1958
87,66,1793
87,67,2155
87,68,2147
87,69,2181
87,70,2182
87,71,2052
87,72,1831
87,73,1589
87,74,2040
87,75,2132
87,76,2139
87,77,2180
87,78,2078
87,79,1887
87,80,1936
87,81,2229
87,82,2171
87,83,2139
87,84,2151
87,85,2090
87,86,1786
87,87,1744
87,88,2142
87,89,2200
87,90,2206
88,1,1962
88,2,2284
88,3,2216
88,4,2190
88,5,2153
88,6,2020
88,7,1809
88,8,1618
88,9,2130
88,10,2349
88,11,2253
88,12,2164
88,13,2076
88,14,1785
88,15,1718
88,16,2146
88,17,2145
88,18,2103
88,19,2236
88,20,2140
88,21,1762
88,22,1739
88,23,2249
88,24,2159
88,25,2135
88,26,2198
88,27,2230
88,28,1895
88,29,1890
88,30,2213
88,31,2225
88,32,2138
88,33,2149
88,34,2168
88,35,2092
88,36,1795
88,37,1779
88,38,2132
88,39,2158
88,40,2141
88,41,2130
88,42,2077
88,43,1762
88,44,1730
88,45,2077
88,46,2202
88,47,2313
88,48,2116
88,49,2070
88,50,1982
88,51,1789
88,52,2163
88,53,2148
88,54,2254
88,55,2146
88,56,2082
88,57,1969
88,58,1818
88,59,2166
88,60,2145
88,61,2297
88,62,2270
88,63,2206
88,64,2184
88,65,1943
88,66,1770
88,67,2120
88,68,2121
88,69,2149
88,70,2150
88,71,2014
88,72,1805
88,73,1550
88,74,2012
88,75,2094
88,76,2107
88,77,2145
88,78,2032
88,79,1870
88,80,1929
88,81,2198
88,82,2152
88,83,2110
88,84,2121
88,85,2046
88,86,1759
88,87,1729
88,88,2103
88,89,2189
88,90,2194
89,1,1974
89,2,2288
89,3,2198
89,4,2181
89,5,2143
89,6,1986
89,7,1808
89,8,1612
89,9,2123
89,10,2404
89,11,2260
89,12,2152
89,13,2040
89,14,1783
89,15,1735
89,16,2146
89,17,2133
89,18,2086
89,19,2218
89,20,2125
89,21,1755
89,22,1785
89,23,2294
89,24,2153
89,25,2123
89,26,2186
89,27,2196
89,28,1916
89,29,1912
89,30,2231
89,31,2237
89,32,2126
89,33,2136
89,34,2158
89,35,2059
89,36,1788
89,37,1792
89,38,2133
89,39,2162
89,40,2130
89,41,2120
89,42,2049
89,43,1759
89,44,1743
89,45,2076
89,46,2181
89,47,2295
89,48,2097
89,49,2040
89,50,1983
89,51,1795
89,52,2176
89,53,2133
89,54,2273
89,55,2128
89,56,2050
89,57,1982
89,58,1812
89,59,2191
89,60,2135
89,61,2325
89,62,2277
89,63,2194
89,64,2196
89,65,1940
89,66,1782
89,67,2110
89,68,2108
89,69,2138
89,70,2124
89,71,1999
89,72,1798
89,73,1532
89,74,1997
89,75,2076
89,76,2085
89,77,2115
89,78,2006
89,79,1879
89,80,1960
89,81,2205
89,82,2152
89,83,2090
89,84,2099
89,85,2016
89,86,1759
89,87,1743
89,88,2094
89,89,2213
89,90,2210
90,1,2049
90,2,2307
90,3,2194
90,4,2186
90,5,2150
90,6,1990
90,7,1825
90,8,1625
90,9,2166
90,10,2454
90,11,2277
90,12,2128
90,13,2002
90,14,1796
90,15,1768
90,16,2119
90,17,2107
90,18,2066
90,19,2179
90,20,2111
90,21,1764
90,22,1855
90,23,2306
90,24,2135
90,25,2100
90,26,2147
90,27,2136
90,28,1934
90,29,1952
90,30,2256
90,31,2268
90,32,2125
90,33,2131
90,34,2161
90,35,2027
90,36,1803
90,37,1828
90,38,2137
90,39,2190
90,40,2129
90,41,2105
90,42,2022
90,43,1774
90,44,1768
90,45,2055
90,46,2161
90,47,2251
90,48,2072
90,49,2017
90,50,2001
90,51,1825
90,52,2179
90,53,2110
90,54,2286
90,55,2117
90,56,2016
90,57,2010
90,58,1834
90,59,2200
90,60,2123
90,61,2350
90,62,2294
90,63,2192
90,64,2209
90,65,1959
90,66,1817
90,67,2102
90,68,2095
90,69,2136
90,70,2093
90,71,1993
90,72,1799
90,73,1542
90,74,2001
90,75,2066
90,76,2070
90,77,2080
90,78,1974
90,79,1925
90,80,2009
90,81,2211
90,82,2149
90,83,2073
90,84,2064
90,85,1980
90,86,1770
90,87,1778
90,88,2089
90,89,2236
90,90,2229
91,1,2124
91,2,2333
91,3,2210
91,4,2199
91,5,2169
91,6,1966
91,7,1841
91,8,1703
91,9,2204
91,10,2445
91,11,2298
91,12,2124
91,13,1982
91,14,1810
91,15,1791
91,16,2092
91,17,2067
91,18,2039
91,19,2140
91,20,2109
91,21,1766
91,22,1918
91,23,2303
91,24,2106
91,25,2087
91,26,2106
91,27,2077
91,28,1894
91,29,1986
91,30,2259
91,31,2289
91,32,2140
91,33,2123
91,34,2186
91,35,2012
91,36,1813
91,37,1859
91,38,2150
91,39,2241
91,40,2125
91,41,2104
91,42,2008
91,43,1783
91,44,1782
91,45,2033
91,46,2126
91,47,2224
91,48,2050
91,49,2023
91,50,1998
91,51,1846
91,52,2159
91,53,2086
91,54,2280
91,55,2126
91,56,1993
91,57,2004
91,58,1858
91,59,2198
91,60,2112
91,61,2350
91,62,2302
91,63,2203
91,64,2187
91,65,1979
91,66,1856
91,67,2103
91,68,2081
91,69,2143
91,70,2066
91,71,1984
91,72,1796
91,73,1576
91,74,2022
91,75,2056
91,76,2041
91,77,2045
91,78,1948
91,79,1939
91,80,2026
91,81,2225
91,82,2179
91,83,2053
91,84,2042
91,85,1956
91,86,1770
91,87,1790
91,88,2092
91,89,2229
91,90,2226
92,1,2196
92,2,2457
92,3,2332
92,4,2302
92,5,2249
92,6,2052
92,7,1932
92,8,1867
92,9,2295
92,10,2455
92,11,2328
92,12,2214
92,13,2046
92,14,1885
92,15,1866
92,16,2139
92,17,2114
92,18,2101
92,19,2169
92,20,2131
92,21,1820
92,22,2003
92,23,2314
92,24,2162
92,25,2133
92,26,2135
92,27,2069
92,28,1913
92,29,2025
92,30,2272
92,31,2376
92,32,2260
92,33,2230
92,34,2283
92,35,2078
92,36,1894
92,37,1964
92,38,2252
92,39,2326
92,40,2218
92,41,2184
92,42,2078
92,43,1861
92,44,1855
92,45,2085
92,46,2164
92,47,2292
92,48,2092
92,49,2078
92,50,2018
92,51,1915
92,52,2199
92,53,2138
92,54,2293
92,55,2185
92,56,2018
92,57,2000
92,58,1931
92,59,2254
92,60,2154
92,61,2411
92,62,2386
92,63,2303
92,64,2203
92,65,2034
92,66,1983
92,67,2203
92,68,2176
92,69,2230
92,70,2126
92,71,2031
92,72,1856
92,73,1697
92,74,2101
92,75,2121
92,76,2090
92,77,2089
92,78,1990
92,79,1974
92,80,2068
92,81,2276
92,82,2235
92,83,2105
92,84,2085
92,85,1979
92,86,1804
92,87,1852
92,88,2124
92,89,2247
92,90,2253
93,1,2183
93,2,2479
93,3,2365
93,4,2354
93,5,2268
93,6,2107
93,7,2001
93,8,1955
93,9,2302
93,10,2391
93,11,2306
93,12,2290
93,13,2128
93,14,1930
93,15,1923
93,16,2192
93,17,2169
93,18,2167
93,19,2225
93,20,2129
93,21,1908
93,22,2029
93,23,2283
93,24,2224
93,25,2243
93,26,2234
93,27,2153
93,28,2003
93,29,2058
93,30,2254
93,31,2403
93,32,2302
93,33,2281
93,34,2277
93,35,2133
93,36,1961
93,37,2067
93,38,2307
93,39,2334
93,40,2292
93,41,2260
93,42,2148
93,43,1936
93,44,1947
93,45,2167
93,46,2233
93,47,2310
93,48,2169
93,49,2095
93,50,2000
93,51,2024
93,52,2287
93,53,2232
93,54,2283
93,55,2248
93,56,2109
93,57,2007
93,58,2042
93,59,2271
93,60,2245
93,61,2403
93,62,2415
93,63,2343
93,64,2164
93,65,2065
93,66,2081
93,67,2254
93,68,2228
93,69,2242
93,70,2180
93,71,2032
93,72,1933
93,73,1799
93,74,2123
93,75,2146
93,76,2167
93,77,2156
93,78,2055
93,79,1979
93,80,2067
93,81,2270
93,82,2214
93,83,2213
93,84,2189
93,85,2068
93,86,1898
93,87,1972
93,88,2189
93,89,2244
93,90,2255
94,1,2063
94,2,2348
94,3,2239
94,4,2227
94,5,2151
94,6,2020
94,7,1931
94,8,1860
94,9,2154
94,10,2227
94,11,2162
94,12,2184
94,13,2040
94,14,1849
94,15,1817
94,16,2064
94,17,2046
94,18,2053
94,19,2116
94,20,2025
94,21,1843
94,22,1893
94,23,2133
94,24,2096
94,25,2129
94,26,2119
94,27,2058
94,28,1934
94,29,1927
94,30,2109
94,31,2261
94,32,2173
94,33,2141
94,34,2138
94,35,2038
94,36,1885
94,37,1934
94,38,2167
94,39,2189
94,40,2163
94,41,2138
94,42,2051
94,43,1864
94,44,1839
94,45,2036
94,46,2095
94,47,2161
94,48,2064
94,49,1994
94,50,1903
94,51,1916
94,52,2153
94,53,2116
94,54,2143
94,55,2130
94,56,2020
94,57,1913
94,58,1939
94,59,2125
94,60,2132
94,61,2268
94,62,2280
94,63,2208
94,64,2057
94,65,1995
94,66,1955
94,67,2107
94,68,2096
94,69,2094
94,70,2061
94,71,1924
94,72,1856
94,73,1723
94,74,1990
94,75,2023
94,76,2048
94,77,2034
94,78,1966
94,79,1891
94,80,1937
94,81,2126
94,82,2075
94,83,2099
94,84,2080
94,85,1990
94,86,1841
94,87,1868
94,88,2063
94,89,2103
94,90,2102
95,1,1905
95,2,2147
95,3,2032
95,4,2016
95,5,1960
95,6,1869
95,7,1800
95,8,1708
95,9,1943
95,10,2005
95,11,1941
95,12,1998
95,13,1885
95,14,1707
95,15,1662
95,16,1869
95,17,1841
95,18,1862
95,19,1912
95,20,1866
95,21,1720
95,22,1728
95,23,1914
95,24,1877
95,25,1925
95,26,1903
95,27,1869
95,28,1784
95,29,1753
95,30,1896
95,31,2050
95,32,1957
95,33,1916
95,34,1922
95,35,1877
95,36,1751
95,37,1753
95,38,1949
95,39,1969
95,40,1951
95,41,1936
95,42,1894
95,43,1732
95,44,1684
95,45,1834
95,46,1893
95,47,1956
95,48,1886
95,49,1830
95,50,1767
95,51,1747
95,52,1943
95,53,1898
95,54,1925
95,55,1924
95,56,1854
95,57,1773
95,58,1764
95,59,1901
95,60,1921
95,61,2052
95,62,2071
95,63,1994
95,64,1897
95,65,1869
95,66,1787
95,67,1897
95,68,1882
95,69,1893
95,70,1854
95,71,1759
95,72,1711
95,73,1595
95,74,1810
95,75,1830
95,76,1856
95,77,1841
95,78,1813
95,79,1753
95,80,1767
95,81,1915
95,82,1870
95,83,1887
95,84,1867
95,85,1831
95,86,1711
95,87,1692
95,88,1858
95,89,1895
95,90,1901
96,1,1746
96,2,1949
96,3,1834
96,4,1818
96,5,1765
96,6,1700
96,7,1634
96,8,1557
96,9,1751
96,10,1800
96,11,1747
96,12,1793
96,13,1712
96,14,1557
96,15,1517
96,16,1686
96,17,1651
96,18,1671
96,19,1714
96,20,1692
96,21,1575
96,22,1577
96,23,1716
96,24,1684
96,25,1725
96,26,1696
96,27,1680
96,28,1623
96,29,1588
96,30,1698
96,31,1852
96,32,1757
96,33,1713
96,34,1718
96,35,1692
96,36,1613
96,37,1586
96,38,1758
96,39,1772
96,40,1752
96,41,1741
96,42,1718
96,43,1590
96,44,1538
96,45,1653
96,46,1699
96,47,1746
96,48,1702
96,49,1654
96,50,1615
96,51,1581
96,52,1739
96,53,1699
96,54,1723
96,55,1730
96,56,1669
96,57,1614
96,58,1595
96,59,1704
96,60,1716
96,61,1853
96,62,1871
96,63,1801
96,64,1714
96,65,1715
96,66,1629
96,67,1708
96,68,1678
96,69,1688
96,70,1659
96,71,1588
96,72,1545
96,73,1462
96,74,1637
96,75,1649
96,76,1669
96,77,1657
96,78,1641
96,79,1612
96,80,1607
96,81,1721
96,82,1683
96,83,1690
96,84,1669
96,85,1651
96,86,1571
96,87,1534
96,88,1660
96,89,1700
96,90,1705
