Hours,Scenarios,RI
1,1,700
1,2,717
1,3,712
1,4,701
1,5,700
1,6,773
1,7,729
1,8,711
1,9,702
1,10,679
1,11,664
1,12,652
1,13,702
1,14,720
1,15,700
1,16,718
1,17,702
1,18,655
1,19,637
1,20,676
1,21,665
1,22,673
1,23,680
1,24,690
1,25,650
1,26,651
1,27,687
1,28,674
1,29,684
1,30,674
1,31,708
1,32,706
1,33,691
1,34,692
1,35,722
1,36,684
1,37,689
1,38,686
1,39,692
1,40,666
1,41,646
1,42,700
1,43,710
1,44,709
1,45,706
1,46,711
1,47,673
1,48,640
1,49,673
1,50,669
1,51,696
1,52,680
1,53,672
1,54,658
1,55,647
1,56,690
1,57,673
1,58,687
1,59,682
1,60,674
1,61,667
1,62,646
1,63,642
1,64,689
1,65,725
1,66,740
1,67,718
1,68,700
1,69,711
1,70,675
1,71,690
1,72,677
1,73,672
1,74,668
1,75,655
1,76,641
1,77,610
1,78,665
1,79,662
1,80,665
1,81,660
1,82,671
1,83,662
1,84,645
1,85,677
1,86,663
1,87,683
1,88,666
1,89,672
1,90,654
2,1,672
2,2,686
2,3,687
2,4,672
2,5,671
2,6,736
2,7,693
2,8,678
2,9,665
2,10,642
2,11,624
2,12,623
2,13,667
2,14,649
2,15,662
2,16,684
2,17,665
2,18,616
2,19,610
2,20,641
2,21,631
2,22,639
2,23,643
2,24,649
2,25,612
2,26,627
2,27,654
2,28,641
2,29,652
2,30,638
2,31,677
2,32,673
2,33,638
2,34,657
2,35,685
2,36,654
2,37,656
2,38,649
2,39,654
2,40,632
2,41,615
2,42,669
2,43,681
2,44,679
2,45,675
2,46,677
2,47,639
2,48,611
2,49,638
2,50,633
2,51,649
2,52,643
2,53,637
2,54,621
2,55,613
2,56,658
2,57,640
2,58,651
2,59,652
2,60,636
2,61,637
2,62,633
2,63,612
2,64,655
2,65,692
2,66,708
2,67,684
2,68,658
2,69,675
2,70,647
2,71,657
2,72,645
2,73,638
2,74,633
2,75,617
2,76,599
2,77,587
2,78,630
2,79,627
2,80,628
2,81,625
2,82,637
2,83,626
2,84,614
2,85,647
2,86,633
2,87,648
2,88,632
2,89,637
2,90,621
3,1,659
3,2,667
3,3,666
3,4,641
3,5,659
3,6,719
3,7,677
3,8,662
3,9,650
3,10,624
3,11,606
3,12,612
3,13,651
3,14,660
3,15,645
3,16,667
3,17,646
3,18,594
3,19,596
3,20,623
3,21,617
3,22,623
3,23,624
3,24,630
3,25,593
3,26,615
3,27,636
3,28,627
3,29,636
3,30,618
3,31,662
3,32,655
3,33,652
3,34,641
3,35,670
3,36,639
3,37,642
3,38,629
3,39,633
3,40,613
3,41,602
3,42,657
3,43,663
3,44,663
3,45,661
3,46,660
3,47,621
3,48,597
3,49,622
3,50,615
3,51,628
3,52,628
3,53,616
3,54,598
3,55,602
3,56,644
3,57,622
3,58,633
3,59,636
3,60,614
3,61,617
3,62,614
3,63,600
3,64,638
3,65,674
3,66,694
3,67,666
3,68,636
3,69,654
3,70,636
3,71,644
3,72,630
3,73,621
3,74,613
3,75,596
3,76,575
3,77,574
3,78,615
3,79,610
3,80,608
3,81,607
3,82,618
3,83,606
3,84,601
3,85,628
3,86,618
3,87,632
3,88,615
3,89,619
3,90,603
4,1,672
4,2,645
4,3,657
4,4,621
4,5,658
4,6,713
4,7,675
4,8,661
4,9,645
4,10,617
4,11,596
4,12,608
4,13,644
4,14,638
4,15,638
4,16,660
4,17,638
4,18,582
4,19,593
4,20,617
4,21,611
4,22,616
4,23,615
4,24,620
4,25,585
4,26,606
4,27,629
4,28,620
4,29,637
4,30,616
4,31,659
4,32,644
4,33,626
4,34,636
4,35,665
4,36,634
4,37,637
4,38,624
4,39,625
4,40,605
4,41,598
4,42,655
4,43,658
4,44,659
4,45,659
4,46,656
4,47,614
4,48,599
4,49,619
4,50,610
4,51,621
4,52,623
4,53,604
4,54,587
4,55,598
4,56,641
4,57,617
4,58,627
4,59,632
4,60,604
4,61,607
4,62,605
4,63,599
4,64,635
4,65,671
4,66,692
4,67,665
4,68,623
4,69,641
4,70,637
4,71,643
4,72,627
4,73,618
4,74,605
4,75,585
4,76,562
4,77,572
4,78,609
4,79,604
4,80,601
4,81,598
4,82,606
4,83,595
4,84,599
4,85,623
4,86,616
4,87,630
4,88,615
4,89,612
4,90,595
5,1,686
5,2,663
5,3,659
5,4,634
5,5,676
5,6,730
5,7,690
5,8,677
5,9,654
5,10,622
5,11,595
5,12,624
5,13,652
5,14,639
5,15,646
5,16,669
5,17,641
5,18,580
5,19,601
5,20,625
5,21,622
5,22,626
5,23,622
5,24,623
5,25,586
5,26,619
5,27,639
5,28,630
5,29,651
5,30,621
5,31,672
5,32,650
5,33,619
5,34,654
5,35,682
5,36,652
5,37,654
5,38,637
5,39,631
5,40,608
5,41,619
5,42,674
5,43,678
5,44,678
5,45,675
5,46,660
5,47,615
5,48,615
5,49,633
5,50,623
5,51,633
5,52,640
5,53,608
5,54,586
5,55,615
5,56,657
5,57,632
5,58,622
5,59,648
5,60,607
5,61,614
5,62,592
5,63,616
5,64,648
5,65,686
5,66,709
5,67,685
5,68,621
5,69,642
5,70,656
5,71,660
5,72,644
5,73,630
5,74,615
5,75,586
5,76,561
5,77,589
5,78,623
5,79,619
5,80,613
5,81,612
5,82,610
5,83,594
5,84,617
5,85,644
5,86,629
5,87,647
5,88,631
5,89,616
5,90,595
6,1,751
6,2,725
6,3,679
6,4,637
6,5,740
6,6,792
6,7,760
6,8,746
6,9,708
6,10,647
6,11,611
6,12,688
6,13,712
6,14,710
6,15,699
6,16,724
6,17,662
6,18,591
6,19,665
6,20,679
6,21,680
6,22,685
6,23,677
6,24,643
6,25,594
6,26,682
6,27,697
6,28,698
6,29,704
6,30,669
6,31,733
6,32,673
6,33,624
6,34,721
6,35,738
6,36,711
6,37,712
6,38,695
6,39,651
6,40,622
6,41,687
6,42,746
6,43,750
6,44,745
6,45,733
6,46,678
6,47,633
6,48,662
6,49,688
6,50,673
6,51,680
6,52,686
6,53,632
6,54,589
6,55,674
6,56,715
6,57,694
6,58,698
6,59,700
6,60,626
6,61,623
6,62,596
6,63,679
6,64,707
6,65,746
6,66,773
6,67,741
6,68,643
6,69,655
6,70,723
6,71,725
6,72,710
6,73,693
6,74,666
6,75,607
6,76,572
6,77,642
6,78,679
6,79,671
6,80,661
6,81,660
6,82,634
6,83,603
6,84,682
6,85,697
6,86,691
6,87,700
6,88,685
6,89,634
6,90,601
7,1,875
7,2,844
7,3,721
7,4,646
7,5,873
7,6,909
7,7,880
7,8,863
7,9,785
7,10,663
7,11,627
7,12,786
7,13,816
7,14,814
7,15,788
7,16,808
7,17,688
7,18,599
7,19,785
7,20,784
7,21,796
7,22,802
7,23,795
7,24,672
7,25,607
7,26,814
7,27,801
7,28,824
7,29,815
7,30,777
7,31,850
7,32,719
7,33,622
7,34,843
7,35,861
7,36,835
7,37,835
7,38,824
7,39,681
7,40,628
7,41,808
7,42,859
7,43,861
7,44,858
7,45,845
7,46,708
7,47,645
7,48,751
7,49,766
7,50,758
7,51,768
7,52,769
7,53,659
7,54,607
7,55,794
7,56,822
7,57,813
7,58,807
7,59,808
7,60,651
7,61,665
7,62,607
7,63,801
7,64,832
7,65,869
7,66,879
7,67,849
7,68,691
7,69,678
7,70,843
7,71,842
7,72,823
7,73,808
7,74,741
7,75,638
7,76,581
7,77,730
7,78,765
7,79,764
7,80,738
7,81,733
7,82,663
7,83,615
7,84,799
7,85,803
7,86,798
7,87,808
7,88,784
7,89,673
7,90,616
8,1,990
8,2,979
8,3,798
8,4,679
8,5,984
8,6,1011
8,7,990
8,8,956
8,9,879
8,10,735
8,11,679
8,12,892
8,13,930
8,14,921
8,15,912
8,16,912
8,17,756
8,18,648
8,19,909
8,20,902
8,21,911
8,22,918
8,23,924
8,24,746
8,25,660
8,26,949
8,27,940
8,28,946
8,29,925
8,30,893
8,31,951
8,32,803
8,33,648
8,34,948
8,35,956
8,36,932
8,37,932
8,38,936
8,39,743
8,40,672
8,41,918
8,42,961
8,43,961
8,44,958
8,45,947
8,46,773
8,47,683
8,48,862
8,49,873
8,50,871
8,51,874
8,52,874
8,53,724
8,54,650
8,55,901
8,56,927
8,57,931
8,58,923
8,59,916
8,60,729
8,61,743
8,62,642
8,63,905
8,64,947
8,65,975
8,66,972
8,67,941
8,68,756
8,69,721
8,70,946
8,71,939
8,72,925
8,73,917
8,74,836
8,75,706
8,76,639
8,77,846
8,78,871
8,79,867
8,80,850
8,81,841
8,82,726
8,83,665
8,84,921
8,85,903
8,86,903
8,87,907
8,88,887
8,89,738
8,90,664
9,1,1034
9,2,1023
9,3,854
9,4,734
9,5,1026
9,6,1043
9,7,1022
9,8,992
9,9,941
9,10,816
9,11,746
9,12,964
9,13,1002
9,14,1000
9,15,983
9,16,964
9,17,834
9,18,708
9,19,960
9,20,951
9,21,959
9,22,967
9,23,983
9,24,815
9,25,722
9,26,1016
9,27,986
9,28,989
9,29,964
9,30,921
9,31,985
9,32,888
9,33,700
9,34,989
9,35,988
9,36,971
9,37,973
9,38,981
9,39,810
9,40,730
9,41,960
9,42,996
9,43,996
9,44,988
9,45,985
9,46,835
9,47,734
9,48,931
9,49,932
9,50,942
9,51,942
9,52,934
9,53,803
9,54,721
9,55,955
9,56,966
9,57,984
9,58,953
9,59,962
9,60,807
9,61,812
9,62,691
9,63,944
9,64,987
9,65,1013
9,66,997
9,67,973
9,68,837
9,69,781
9,70,977
9,71,966
9,72,958
9,73,956
9,74,899
9,75,783
9,76,703
9,77,909
9,78,919
9,79,926
9,80,911
9,81,902
9,82,785
9,83,732
9,84,974
9,85,937
9,86,941
9,87,940
9,88,925
9,89,792
9,90,717
10,1,1032
10,2,1044
10,3,905
10,4,783
10,5,1045
10,6,1053
10,7,1039
10,8,995
10,9,965
10,10,866
10,11,806
10,12,988
10,13,1044
10,14,1016
10,15,1025
10,16,994
10,17,875
10,18,760
10,19,981
10,20,979
10,21,979
10,22,988
10,23,1008
10,24,853
10,25,771
10,26,1038
10,27,1001
10,28,1002
10,29,986
10,30,1001
10,31,1001
10,32,956
10,33,758
10,34,1015
10,35,1003
10,36,995
10,37,995
10,38,1002
10,39,861
10,40,779
10,41,981
10,42,1015
10,43,1011
10,44,1006
10,45,1003
10,46,875
10,47,772
10,48,972
10,49,969
10,50,995
10,51,974
10,52,966
10,53,863
10,54,795
10,55,989
10,56,986
10,57,1016
10,58,982
10,59,982
10,60,867
10,61,857
10,62,745
10,63,959
10,64,1008
10,65,1039
10,66,1009
10,67,985
10,68,897
10,69,835
10,70,990
10,71,979
10,72,975
10,73,984
10,74,936
10,75,840
10,76,754
10,77,948
10,78,952
10,79,959
10,80,949
10,81,936
10,82,831
10,83,792
10,84,993
10,85,956
10,86,958
10,87,958
10,88,947
10,89,836
10,90,764
11,1,1055
11,2,1058
11,3,936
11,4,833
11,5,1061
11,6,1060
11,7,1051
11,8,1004
11,9,978
11,10,882
11,11,836
11,12,1010
11,13,1080
11,14,1037
11,15,1048
11,16,1008
11,17,886
11,18,793
11,19,1005
11,20,1000
11,21,992
11,22,1012
11,23,1030
11,24,873
11,25,799
11,26,1062
11,27,1015
11,28,1012
11,29,1007
11,30,1003
11,31,1008
11,32,994
11,33,814
11,34,1029
11,35,1011
11,36,1006
11,37,1007
11,38,1011
11,39,876
11,40,804
11,41,993
11,42,1023
11,43,1023
11,44,1014
11,45,1012
11,46,886
11,47,793
11,48,997
11,49,989
11,50,1030
11,51,995
11,52,987
11,53,898
11,54,841
11,55,1006
11,56,997
11,57,1036
11,58,998
11,59,993
11,60,902
11,61,880
11,62,783
11,63,976
11,64,1025
11,65,1064
11,66,1018
11,67,996
11,68,938
11,69,857
11,70,1000
11,71,993
11,72,990
11,73,1004
11,74,954
11,75,864
11,76,777
11,77,978
11,78,974
11,79,978
11,80,977
11,81,954
11,82,849
11,83,829
11,84,1012
11,85,978
11,86,971
11,87,975
11,88,964
11,89,850
11,90,782
12,1,1070
12,2,1055
12,3,941
12,4,844
12,5,1059
12,6,1048
12,7,1060
12,8,999
12,9,974
12,10,878
12,11,843
12,12,1010
12,13,1087
12,14,1054
12,15,1029
12,16,999
12,17,874
12,18,804
12,19,1010
12,20,1001
12,21,998
12,22,1017
12,23,1027
12,24,872
12,25,802
12,26,1057
12,27,1011
12,28,1009
12,29,1004
12,30,1008
12,31,1000
12,32,1001
12,33,841
12,34,1025
12,35,1006
12,36,1002
12,37,1006
12,38,1011
12,39,873
12,40,811
12,41,997
12,42,1017
12,43,1016
12,44,1011
12,45,1006
12,46,876
12,47,799
12,48,1002
12,49,997
12,50,1044
12,51,997
12,52,981
12,53,925
12,54,850
12,55,1011
12,56,1000
12,57,1046
12,58,1001
12,59,990
12,60,918
12,61,873
12,62,799
12,63,979
12,64,1021
12,65,1067
12,66,1013
12,67,988
12,68,954
12,69,856
12,70,994
12,71,986
12,72,987
12,73,1000
12,74,957
12,75,863
12,76,782
12,77,978
12,78,976
12,79,979
12,80,985
12,81,957
12,82,853
12,83,853
12,84,1024
12,85,979
12,86,971
12,87,978
12,88,962
12,89,849
12,90,794
13,1,1065
13,2,1042
13,3,952
13,4,835
13,5,1047
13,6,1033
13,7,1042
13,8,987
13,9,956
13,10,857
13,11,838
13,12,1001
13,13,1088
13,14,1039
13,15,1029
13,16,983
13,17,852
13,18,808
13,19,1012
13,20,998
13,21,994
13,22,1016
13,23,1010
13,24,855
13,25,803
13,26,1050
13,27,1003
13,28,997
13,29,996
13,30,1011
13,31,986
13,32,995
13,33,846
13,34,1019
13,35,996
13,36,993
13,37,998
13,38,997
13,39,855
13,40,813
13,41,986
13,42,1000
13,43,1007
13,44,998
13,45,992
13,46,858
13,47,799
13,48,998
13,49,989
13,50,1050
13,51,989
13,52,974
13,53,910
13,54,846
13,55,1001
13,56,993
13,57,1046
13,58,992
13,59,976
13,60,914
13,61,852
13,62,805
13,63,977
13,64,1010
13,65,1063
13,66,998
13,67,973
13,68,946
13,69,852
13,70,983
13,71,974
13,72,977
13,73,988
13,74,945
13,75,851
13,76,777
13,77,974
13,78,970
13,79,972
13,80,975
13,81,947
13,82,848
13,83,866
13,84,1015
13,85,969
13,86,964
13,87,966
13,88,950
13,89,838
13,90,800
14,1,1041
14,2,1034
14,3,935
14,4,845
14,5,1036
14,6,1022
14,7,1021
14,8,972
14,9,952
14,10,835
14,11,800
14,12,989
14,13,1077
14,14,1039
14,15,1039
14,16,968
14,17,833
14,18,795
14,19,1012
14,20,997
14,21,984
14,22,1018
14,23,1000
14,24,836
14,25,795
14,26,1039
14,27,1002
14,28,986
14,29,999
14,30,1009
14,31,971
14,32,975
14,33,837
14,34,1009
14,35,989
14,36,982
14,37,993
14,38,983
14,39,836
14,40,796
14,41,984
14,42,995
14,43,995
14,44,987
14,45,983
14,46,833
14,47,783
14,48,996
14,49,990
14,50,1059
14,51,987
14,52,964
14,53,885
14,54,824
14,55,990
14,56,989
14,57,1047
14,58,987
14,59,968
14,60,909
14,61,833
14,62,793
14,63,970
14,64,1004
14,65,1057
14,66,991
14,67,968
14,68,935
14,69,837
14,70,976
14,71,971
14,72,974
14,73,983
14,74,934
14,75,833
14,76,748
14,77,963
14,78,967
14,79,966
14,80,974
14,81,938
14,82,843
14,83,861
14,84,1008
14,85,972
14,86,962
14,87,956
14,88,942
14,89,816
14,90,789
15,1,1052
15,2,1024
15,3,918
15,4,841
15,5,1023
15,6,1001
15,7,997
15,8,963
15,9,928
15,10,815
15,11,758
15,12,971
15,13,1062
15,14,1026
15,15,1016
15,16,948
15,17,821
15,18,780
15,19,1007
15,20,993
15,21,972
15,22,1009
15,23,986
15,24,816
15,25,781
15,26,1031
15,27,988
15,28,974
15,29,986
15,30,1002
15,31,960
15,32,948
15,33,824
15,34,994
15,35,980
15,36,974
15,37,988
15,38,967
15,39,816
15,40,783
15,41,972
15,42,984
15,43,985
15,44,976
15,45,964
15,46,812
15,47,766
15,48,987
15,49,982
15,50,1059
15,51,977
15,52,951
15,53,865
15,54,802
15,55,981
15,56,981
15,57,1036
15,58,981
15,59,954
15,60,897
15,61,820
15,62,777
15,63,962
15,64,991
15,65,1038
15,66,975
15,67,968
15,68,922
15,69,815
15,70,962
15,71,963
15,72,970
15,73,972
15,74,922
15,75,822
15,76,714
15,77,954
15,78,957
15,79,958
15,80,972
15,81,930
15,82,832
15,83,853
15,84,996
15,85,965
15,86,960
15,87,948
15,88,933
15,89,798
15,90,776
16,1,1059
16,2,1015
16,3,911
16,4,841
16,5,997
16,6,979
16,7,977
16,8,949
16,9,908
16,10,799
16,11,732
16,12,966
16,13,1050
16,14,1016
16,15,983
16,16,922
16,17,806
16,18,778
16,19,990
16,20,972
16,21,950
16,22,992
16,23,971
16,24,802
16,25,782
16,26,1017
16,27,975
16,28,954
16,29,974
16,30,982
16,31,936
16,32,932
16,33,820
16,34,977
16,35,959
16,36,955
16,37,967
16,38,943
16,39,805
16,40,778
16,41,960
16,42,968
16,43,964
16,44,957
16,45,941
16,46,797
16,47,759
16,48,970
16,49,961
16,50,1046
16,51,957
16,52,925
16,53,862
16,54,791
16,55,973
16,56,966
16,57,1030
16,58,966
16,59,933
16,60,888
16,61,821
16,62,767
16,63,954
16,64,977
16,65,1017
16,66,958
16,67,961
16,68,912
16,69,800
16,70,946
16,71,945
16,72,946
16,73,953
16,74,898
16,75,813
16,76,696
16,77,932
16,78,938
16,79,942
16,80,957
16,81,898
16,82,827
16,83,848
16,84,973
16,85,946
16,86,935
16,87,931
16,88,911
16,89,782
16,90,763
17,1,1074
17,2,1025
17,3,920
17,4,869
17,5,994
17,6,972
17,7,970
17,8,949
17,9,898
17,10,798
17,11,734
17,12,961
17,13,1057
17,14,1015
17,15,963
17,16,902
17,17,806
17,18,786
17,19,976
17,20,967
17,21,940
17,22,980
17,23,956
17,24,802
17,25,813
17,26,1027
17,27,961
17,28,944
17,29,962
17,30,959
17,31,930
17,32,937
17,33,835
17,34,973
17,35,947
17,36,947
17,37,961
17,38,928
17,39,805
17,40,785
17,41,963
17,42,965
17,43,957
17,44,948
17,45,925
17,46,796
17,47,766
17,48,952
17,49,949
17,50,1024
17,51,943
17,52,908
17,53,865
17,54,794
17,55,979
17,56,948
17,57,1035
17,58,962
17,59,919
17,60,895
17,61,880
17,62,775
17,63,973
17,64,986
17,65,1026
17,66,950
17,67,962
17,68,907
17,69,802
17,70,933
17,71,938
17,72,942
17,73,943
17,74,893
17,75,813
17,76,689
17,77,920
17,78,929
17,79,931
17,80,939
17,81,884
17,82,840
17,83,869
17,84,970
17,85,937
17,86,926
17,87,924
17,88,892
17,89,784
17,90,772
18,1,1066
18,2,1042
18,3,954
18,4,902
18,5,996
18,6,966
18,7,966
18,8,963
18,9,884
18,10,809
18,11,732
18,12,968
18,13,1071
18,14,1021
18,15,938
18,16,886
18,17,814
18,18,804
18,19,954
18,20,949
18,21,932
18,22,967
18,23,937
18,24,803
18,25,844
18,26,1037
18,27,957
18,28,932
18,29,941
18,30,930
18,31,941
18,32,961
18,33,865
18,34,970
18,35,938
18,36,942
18,37,958
18,38,911
18,39,808
18,40,802
18,41,966
18,42,984
18,43,954
18,44,941
18,45,904
18,46,799
18,47,782
18,48,932
18,49,931
18,50,996
18,51,925
18,52,895
18,53,869
18,54,806
18,55,982
18,56,937
18,57,1033
18,58,942
18,59,900
18,60,908
18,61,904
18,62,787
18,63,991
18,64,984
18,65,1038
18,66,948
18,67,973
18,68,911
18,69,814
18,70,936
18,71,933
18,72,935
18,73,945
18,74,884
18,75,822
18,76,690
18,77,919
18,78,926
18,79,913
18,80,915
18,81,868
18,82,858
18,83,892
18,84,971
18,85,939
18,86,916
18,87,912
18,88,875
18,89,791
18,90,781
19,1,1107
19,2,1082
19,3,997
19,4,923
19,5,1009
19,6,973
19,7,981
19,8,980
19,9,885
19,10,822
19,11,774
19,12,985
19,13,1075
19,14,1025
19,15,940
19,16,883
19,17,827
19,18,831
19,19,956
19,20,931
19,21,930
19,22,967
19,23,939
19,24,804
19,25,865
19,26,1049
19,27,947
19,28,920
19,29,932
19,30,910
19,31,1015
19,32,1008
19,33,894
19,34,985
19,35,949
19,36,942
19,37,966
19,38,914
19,39,814
19,40,817
19,41,986
19,42,1002
19,43,950
19,44,946
19,45,899
19,46,808
19,47,787
19,48,923
19,49,925
19,50,984
19,51,912
19,52,910
19,53,874
19,54,812
19,55,976
19,56,929
19,57,1028
19,58,933
19,59,888
19,60,911
19,61,918
19,62,810
19,63,1011
19,64,988
19,65,1045
19,66,953
19,67,968
19,68,915
19,69,833
19,70,934
19,71,932
19,72,946
19,73,942
19,74,909
19,75,816
19,76,707
19,77,930
19,78,922
19,79,909
19,80,898
19,81,862
19,82,877
19,83,913
19,84,976
19,85,961
19,86,912
19,87,906
19,88,862
19,89,791
19,90,799
20,1,1098
20,2,1071
20,3,971
20,4,982
20,5,1078
20,6,1044
20,7,1032
20,8,1023
20,9,925
20,10,881
20,11,846
20,12,1026
20,13,1075
20,14,1035
20,15,985
20,16,929
20,17,871
20,18,885
20,19,1008
20,20,973
20,21,972
20,22,1002
20,23,960
20,24,841
20,25,901
20,26,1053
20,27,969
20,28,950
20,29,951
20,30,918
20,31,1027
20,32,998
20,33,965
20,34,1051
20,35,1018
20,36,1006
20,37,1031
20,38,955
20,39,866
20,40,886
20,41,1038
20,42,1044
20,43,1006
20,44,997
20,45,944
20,46,854
20,47,844
20,48,958
20,49,960
20,50,1009
20,51,945
20,52,948
20,53,899
20,54,857
20,55,1002
20,56,964
20,57,1033
20,58,972
20,59,906
20,60,921
20,61,923
20,62,892
20,63,1047
20,64,1052
20,65,1077
20,66,1018
20,67,983
20,68,950
20,69,902
20,70,996
20,71,988
20,72,1000
20,73,979
20,74,936
20,75,858
20,76,771
20,77,989
20,78,958
20,79,937
20,80,931
20,81,897
20,82,900
20,83,939
20,84,1014
20,85,1016
20,86,945
20,87,932
20,88,886
20,89,818
20,90,833
21,1,1048
21,2,1014
21,3,935
21,4,977
21,5,1107
21,6,1068
21,7,1054
21,8,1017
21,9,957
21,10,911
21,11,883
21,12,1023
21,13,1049
21,14,1021
21,15,1021
21,16,976
21,17,902
21,18,923
21,19,1032
21,20,1016
21,21,1019
21,22,1027
21,23,980
21,24,885
21,25,933
21,26,1038
21,27,1011
21,28,1013
21,29,1003
21,30,970
21,31,994
21,32,958
21,33,971
21,34,1063
21,35,1035
21,36,1033
21,37,1036
21,38,977
21,39,895
21,40,932
21,41,1049
21,42,1054
21,43,1041
21,44,1030
21,45,983
21,46,896
21,47,888
21,48,998
21,49,999
21,50,1041
21,51,985
21,52,954
21,53,906
21,54,917
21,55,1034
21,56,1018
21,57,1031
21,58,1008
21,59,955
21,60,920
21,61,890
21,62,920
21,63,1030
21,64,1054
21,65,1072
21,66,1034
21,67,974
21,68,947
21,69,948
21,70,1022
21,71,1012
21,72,1006
21,73,990
21,74,937
21,75,902
21,76,834
21,77,983
21,78,968
21,79,980
21,80,969
21,81,933
21,82,899
21,83,930
21,84,1012
21,85,1002
21,86,996
21,87,982
21,88,938
21,89,872
21,90,900
22,1,981
22,2,951
22,3,920
22,4,918
22,5,1055
22,6,1007
22,7,999
22,8,958
22,9,913
22,10,878
22,11,839
22,12,958
22,13,976
22,14,961
22,15,974
22,16,931
22,17,860
22,18,864
22,19,959
22,20,950
22,21,958
22,22,968
22,23,933
22,24,855
22,25,871
22,26,965
22,27,953
22,28,954
22,29,953
22,30,930
22,31,943
22,32,909
22,33,916
22,34,999
22,35,970
22,36,966
22,37,971
22,38,931
22,39,861
22,40,870
22,41,972
22,42,984
22,43,981
22,44,974
22,45,938
22,46,860
22,47,840
22,48,937
22,49,940
22,50,976
22,51,935
22,52,902
22,53,860
22,54,871
22,55,967
22,56,958
22,57,966
22,58,953
22,59,912
22,60,885
22,61,840
22,62,858
22,63,958
22,64,991
22,65,1007
22,66,980
22,67,928
22,68,904
22,69,887
22,70,957
22,71,952
22,72,947
22,73,936
22,74,892
22,75,863
22,76,790
22,77,922
22,78,913
22,79,927
22,80,915
22,81,892
22,82,856
22,83,860
22,84,945
22,85,931
22,86,942
22,87,930
22,88,902
22,89,839
22,90,845
23,1,887
23,2,873
23,3,847
23,4,840
23,5,952
23,6,903
23,7,891
23,8,865
23,9,835
23,10,815
23,11,775
23,12,860
23,13,873
23,14,845
23,15,881
23,16,856
23,17,794
23,18,778
23,19,849
23,20,837
23,21,850
23,22,857
23,23,849
23,24,789
23,25,789
23,26,857
23,27,848
23,28,855
23,29,852
23,30,852
23,31,854
23,32,825
23,33,834
23,34,898
23,35,869
23,36,861
23,37,861
23,38,850
23,39,797
23,40,781
23,41,868
23,42,878
23,43,877
23,44,870
23,45,855
23,46,794
23,47,765
23,48,833
23,49,843
23,50,872
23,51,839
23,52,825
23,53,792
23,54,784
23,55,861
23,56,844
23,57,855
23,58,853
23,59,838
23,60,805
23,61,773
23,62,781
23,63,850
23,64,879
23,65,901
23,66,872
23,67,843
23,68,843
23,69,811
23,70,851
23,71,843
23,72,841
23,73,839
23,74,810
23,75,793
23,76,731
23,77,823
23,78,822
23,79,833
23,80,821
23,81,820
23,82,791
23,83,779
23,84,839
23,85,822
23,86,842
23,87,824
23,88,821
23,89,779
23,90,767
24,1,784
24,2,769
24,3,765
24,4,761
24,5,845
24,6,800
24,7,789
24,8,766
24,9,748
24,10,734
24,11,702
24,12,769
24,13,779
24,14,751
24,15,793
24,16,768
24,17,720
24,18,696
24,19,740
24,20,733
24,21,744
24,22,753
24,23,757
24,24,716
24,25,711
24,26,758
24,27,744
24,28,753
24,29,748
24,30,748
24,31,773
24,32,752
24,33,749
24,34,795
24,35,756
24,36,758
24,37,753
24,38,760
24,39,728
24,40,701
24,41,768
24,42,776
24,43,768
24,44,767
24,45,774
24,46,723
24,47,693
24,48,737
24,49,740
24,50,768
24,51,742
24,52,733
24,53,714
24,54,697
24,55,752
24,56,746
24,57,755
24,58,748
24,59,742
24,60,728
24,61,699
24,62,696
24,63,753
24,64,788
24,65,803
24,66,776
24,67,756
24,68,769
24,69,730
24,70,753
24,71,741
24,72,737
24,73,738
24,74,720
24,75,707
24,76,662
24,77,729
24,78,728
24,79,732
24,80,726
24,81,735
24,82,719
24,83,702
24,84,741
24,85,728
24,86,742
24,87,732
24,88,734
24,89,712
24,90,684
25,1,717
25,2,712
25,3,701
25,4,700
25,5,773
25,6,729
25,7,711
25,8,702
25,9,679
25,10,664
25,11,652
25,12,702
25,13,720
25,14,700
25,15,718
25,16,702
25,17,655
25,18,637
25,19,676
25,20,665
25,21,673
25,22,680
25,23,690
25,24,650
25,25,651
25,26,687
25,27,674
25,28,684
25,29,674
25,30,677
25,31,706
25,32,691
25,33,692
25,34,722
25,35,684
25,36,689
25,37,686
25,38,692
25,39,666
25,40,646
25,41,700
25,42,710
25,43,709
25,44,706
25,45,711
25,46,673
25,47,640
25,48,673
25,49,669
25,50,696
25,51,680
25,52,672
25,53,658
25,54,647
25,55,690
25,56,673
25,57,687
25,58,682
25,59,674
25,60,664
25,61,646
25,62,642
25,63,689
25,64,725
25,65,740
25,66,718
25,67,700
25,68,711
25,69,675
25,70,690
25,71,677
25,72,672
25,73,668
25,74,655
25,75,641
25,76,610
25,77,665
25,78,662
25,79,665
25,80,660
25,81,671
25,82,662
25,83,645
25,84,677
25,85,663
25,86,683
25,87,666
25,88,672
25,89,654
25,90,629
26,1,686
26,2,687
26,3,660
26,4,671
26,5,736
26,6,693
26,7,678
26,8,665
26,9,642
26,10,624
26,11,623
26,12,667
26,13,649
26,14,662
26,15,684
26,16,665
26,17,616
26,18,610
26,19,641
26,20,631
26,21,639
26,22,643
26,23,649
26,24,612
26,25,627
26,26,654
26,27,641
26,28,652
26,29,638
26,30,637
26,31,673
26,32,640
26,33,657
26,34,685
26,35,654
26,36,656
26,37,649
26,38,654
26,39,632
26,40,615
26,41,669
26,42,681
26,43,679
26,44,675
26,45,677
26,46,639
26,47,611
26,48,638
26,49,633
26,50,649
26,51,643
26,52,637
26,53,621
26,54,613
26,55,658
26,56,640
26,57,651
26,58,652
26,59,636
26,60,623
26,61,647
26,62,612
26,63,655
26,64,692
26,65,708
26,66,684
26,67,658
26,68,675
26,69,647
26,70,657
26,71,645
26,72,638
26,73,633
26,74,617
26,75,599
26,76,587
26,77,630
26,78,627
26,79,628
26,80,625
26,81,637
26,82,626
26,83,614
26,84,647
26,85,633
26,86,648
26,87,632
26,88,637
26,89,621
26,90,603
27,1,667
27,2,666
27,3,641
27,4,659
27,5,719
27,6,677
27,7,662
27,8,650
27,9,624
27,10,606
27,11,612
27,12,651
27,13,660
27,14,645
27,15,667
27,16,646
27,17,594
27,18,596
27,19,623
27,20,617
27,21,623
27,22,624
27,23,630
27,24,593
27,25,615
27,26,636
27,27,627
27,28,636
27,29,618
27,30,610
27,31,655
27,32,652
27,33,641
27,34,670
27,35,639
27,36,642
27,37,629
27,38,633
27,39,613
27,40,602
27,41,657
27,42,663
27,43,663
27,44,661
27,45,660
27,46,621
27,47,597
27,48,622
27,49,615
27,50,628
27,51,628
27,52,616
27,53,598
27,54,602
27,55,644
27,56,622
27,57,633
27,58,636
27,59,614
27,60,598
27,61,614
27,62,600
27,63,638
27,64,674
27,65,694
27,66,666
27,67,636
27,68,654
27,69,636
27,70,644
27,71,630
27,72,621
27,73,613
27,74,596
27,75,575
27,76,574
27,77,615
27,78,610
27,79,608
27,80,607
27,81,618
27,82,606
27,83,601
27,84,628
27,85,618
27,86,632
27,87,615
27,88,619
27,89,603
27,90,588
28,1,645
28,2,657
28,3,621
28,4,658
28,5,713
28,6,675
28,7,661
28,8,645
28,9,617
28,10,596
28,11,608
28,12,644
28,13,638
28,14,638
28,15,660
28,16,638
28,17,582
28,18,593
28,19,617
28,20,611
28,21,616
28,22,615
28,23,620
28,24,585
28,25,606
28,26,629
28,27,620
28,28,637
28,29,616
28,30,602
28,31,644
28,32,626
28,33,636
28,34,665
28,35,634
28,36,637
28,37,624
28,38,625
28,39,605
28,40,598
28,41,655
28,42,658
28,43,659
28,44,659
28,45,656
28,46,614
28,47,599
28,48,619
28,49,610
28,50,621
28,51,623
28,52,604
28,53,587
28,54,598
28,55,641
28,56,617
28,57,627
28,58,632
28,59,604
28,60,587
28,61,605
28,62,599
28,63,635
28,64,671
28,65,692
28,66,665
28,67,623
28,68,641
28,69,637
28,70,643
28,71,627
28,72,618
28,73,605
28,74,585
28,75,562
28,76,572
28,77,609
28,78,604
28,79,601
28,80,598
28,81,606
28,82,595
28,83,599
28,84,623
28,85,616
28,86,630
28,87,615
28,88,612
28,89,595
28,90,589
29,1,663
29,2,659
29,3,634
29,4,676
29,5,730
29,6,690
29,7,677
29,8,654
29,9,622
29,10,595
29,11,624
29,12,652
29,13,639
29,14,646
29,15,669
29,16,641
29,17,580
29,18,601
29,19,625
29,20,622
29,21,626
29,22,622
29,23,623
29,24,586
29,25,619
29,26,639
29,27,630
29,28,651
29,29,621
29,30,597
29,31,650
29,32,619
29,33,654
29,34,682
29,35,652
29,36,654
29,37,637
29,38,631
29,39,608
29,40,619
29,41,674
29,42,678
29,43,678
29,44,675
29,45,660
29,46,615
29,47,615
29,48,633
29,49,623
29,50,633
29,51,640
29,52,608
29,53,586
29,54,615
29,55,657
29,56,632
29,57,622
29,58,648
29,59,607
29,60,586
29,61,592
29,62,616
29,63,648
29,64,686
29,65,709
29,66,685
29,67,621
29,68,642
29,69,656
29,70,660
29,71,644
29,72,630
29,73,615
29,74,586
29,75,561
29,76,589
29,77,623
29,78,619
29,79,613
29,80,612
29,81,610
29,82,594
29,83,617
29,84,644
29,85,629
29,86,647
29,87,631
29,88,616
29,89,595
29,90,603
30,1,725
30,2,679
30,3,637
30,4,740
30,5,792
30,6,760
30,7,746
30,8,708
30,9,647
30,10,611
30,11,688
30,12,712
30,13,710
30,14,699
30,15,724
30,16,662
30,17,591
30,18,665
30,19,679
30,20,680
30,21,685
30,22,677
30,23,643
30,24,594
30,25,682
30,26,697
30,27,698
30,28,704
30,29,669
30,30,607
30,31,673
30,32,624
30,33,721
30,34,738
30,35,711
30,36,712
30,37,695
30,38,651
30,39,622
30,40,687
30,41,746
30,42,750
30,43,745
30,44,733
30,45,678
30,46,633
30,47,662
30,48,688
30,49,673
30,50,680
30,51,686
30,52,632
30,53,589
30,54,674
30,55,715
30,56,694
30,57,698
30,58,700
30,59,626
30,60,593
30,61,596
30,62,679
30,63,707
30,64,746
30,65,773
30,66,741
30,67,643
30,68,655
30,69,723
30,70,725
30,71,710
30,72,693
30,73,666
30,74,607
30,75,572
30,76,642
30,77,679
30,78,671
30,79,661
30,80,660
30,81,634
30,82,603
30,83,682
30,84,697
30,85,691
30,86,700
30,87,685
30,88,634
30,89,601
30,90,660
31,1,844
31,2,721
31,3,646
31,4,873
31,5,909
31,6,880
31,7,863
31,8,785
31,9,663
31,10,627
31,11,786
31,12,816
31,13,814
31,14,788
31,15,808
31,16,688
31,17,599
31,18,785
31,19,784
31,20,796
31,21,802
31,22,795
31,23,672
31,24,607
31,25,814
31,26,801
31,27,824
31,28,815
31,29,777
31,30,639
31,31,719
31,32,622
31,33,843
31,34,861
31,35,835
31,36,835
31,37,824
31,38,681
31,39,628
31,40,808
31,41,859
31,42,861
31,43,858
31,44,845
31,45,708
31,46,645
31,47,751
31,48,766
31,49,758
31,50,768
31,51,769
31,52,659
31,53,607
31,54,794
31,55,822
31,56,813
31,57,807
31,58,808
31,59,651
31,60,600
31,61,607
31,62,801
31,63,832
31,64,869
31,65,879
31,66,849
31,67,691
31,68,678
31,69,843
31,70,842
31,71,823
31,72,808
31,73,741
31,74,638
31,75,581
31,76,730
31,77,765
31,78,764
31,79,738
31,80,733
31,81,663
31,82,615
31,83,799
31,84,803
31,85,798
31,86,808
31,87,784
31,88,673
31,89,616
31,90,775
32,1,979
32,2,798
32,3,679
32,4,984
32,5,1011
32,6,990
32,7,956
32,8,879
32,9,735
32,10,679
32,11,892
32,12,930
32,13,921
32,14,912
32,15,912
32,16,756
32,17,648
32,18,909
32,19,902
32,20,911
32,21,918
32,22,924
32,23,746
32,24,660
32,25,949
32,26,940
32,27,946
32,28,925
32,29,893
32,30,719
32,31,803
32,32,648
32,33,948
32,34,956
32,35,932
32,36,932
32,37,936
32,38,743
32,39,672
32,40,918
32,41,961
32,42,961
32,43,958
32,44,947
32,45,773
32,46,683
32,47,862
32,48,873
32,49,871
32,50,874
32,51,874
32,52,724
32,53,650
32,54,901
32,55,927
32,56,931
32,57,923
32,58,916
32,59,729
32,60,647
32,61,642
32,62,905
32,63,947
32,64,975
32,65,972
32,66,941
32,67,756
32,68,721
32,69,946
32,70,939
32,71,925
32,72,917
32,73,836
32,74,706
32,75,639
32,76,846
32,77,871
32,78,867
32,79,850
32,80,841
32,81,726
32,82,665
32,83,921
32,84,903
32,85,903
32,86,907
32,87,887
32,88,738
32,89,664
32,90,896
33,1,1023
33,2,854
33,3,734
33,4,1026
33,5,1043
33,6,1022
33,7,992
33,8,941
33,9,816
33,10,746
33,11,964
33,12,1002
33,13,1000
33,14,983
33,15,964
33,16,834
33,17,708
33,18,960
33,19,951
33,20,959
33,21,967
33,22,983
33,23,815
33,24,722
33,25,1016
33,26,986
33,27,989
33,28,964
33,29,921
33,30,796
33,31,888
33,32,700
33,33,989
33,34,988
33,35,971
33,36,973
33,37,981
33,38,810
33,39,730
33,40,960
33,41,996
33,42,996
33,43,988
33,44,985
33,45,835
33,46,734
33,47,931
33,48,932
33,49,942
33,50,942
33,51,934
33,52,803
33,53,721
33,54,955
33,55,966
33,56,984
33,57,953
33,58,962
33,59,807
33,60,716
33,61,691
33,62,944
33,63,987
33,64,1013
33,65,997
33,66,973
33,67,837
33,68,781
33,69,977
33,70,966
33,71,958
33,72,956
33,73,899
33,74,783
33,75,703
33,76,909
33,77,919
33,78,926
33,79,911
33,80,902
33,81,785
33,82,732
33,83,974
33,84,937
33,85,941
33,86,940
33,87,925
33,88,792
33,89,717
33,90,940
34,1,1044
34,2,905
34,3,783
34,4,1045
34,5,1053
34,6,1039
34,7,995
34,8,965
34,9,866
34,10,806
34,11,988
34,12,1044
34,13,1016
34,14,1025
34,15,994
34,16,875
34,17,760
34,18,981
34,19,979
34,20,979
34,21,988
34,22,1008
34,23,853
34,24,771
34,25,1038
34,26,1001
34,27,1002
34,28,986
34,29,1001
34,30,843
34,31,956
34,32,758
34,33,1015
34,34,1003
34,35,995
34,36,995
34,37,1002
34,38,861
34,39,779
34,40,981
34,41,1015
34,42,1011
34,43,1006
34,44,1003
34,45,875
34,46,772
34,47,972
34,48,969
34,49,995
34,50,974
34,51,966
34,52,863
34,53,795
34,54,989
34,55,986
34,56,1016
34,57,982
34,58,982
34,59,867
34,60,784
34,61,745
34,62,959
34,63,1008
34,64,1039
34,65,1009
34,66,985
34,67,897
34,68,835
34,69,990
34,70,979
34,71,975
34,72,984
34,73,936
34,74,840
34,75,754
34,76,948
34,77,952
34,78,959
34,79,949
34,80,936
34,81,831
34,82,792
34,83,993
34,84,956
34,85,958
34,86,958
34,87,947
34,88,836
34,89,764
34,90,964
35,1,1058
35,2,936
35,3,833
35,4,1061
35,5,1060
35,6,1051
35,7,1004
35,8,978
35,9,882
35,10,836
35,11,1010
35,12,1080
35,13,1037
35,14,1048
35,15,1008
35,16,886
35,17,793
35,18,1005
35,19,1000
35,20,992
35,21,1012
35,22,1030
35,23,873
35,24,799
35,25,1062
35,26,1015
35,27,1012
35,28,1007
35,29,1003
35,30,868
35,31,994
35,32,814
35,33,1029
35,34,1011
35,35,1006
35,36,1007
35,37,1011
35,38,876
35,39,804
35,40,993
35,41,1023
35,42,1023
35,43,1014
35,44,1012
35,45,886
35,46,793
35,47,997
35,48,989
35,49,1030
35,50,995
35,51,987
35,52,898
35,53,841
35,54,1006
35,55,997
35,56,1036
35,57,998
35,58,993
35,59,902
35,60,827
35,61,783
35,62,976
35,63,1025
35,64,1064
35,65,1018
35,66,996
35,67,938
35,68,857
35,69,1000
35,70,993
35,71,990
35,72,1004
35,73,954
35,74,864
35,75,777
35,76,978
35,77,974
35,78,978
35,79,977
35,80,954
35,81,849
35,82,829
35,83,1012
35,84,978
35,85,971
35,86,975
35,87,964
35,88,850
35,89,782
35,90,971
36,1,1055
36,2,941
36,3,844
36,4,1059
36,5,1048
36,6,1060
36,7,999
36,8,974
36,9,878
36,10,843
36,11,1010
36,12,1087
36,13,1054
36,14,1029
36,15,999
36,16,874
36,17,804
36,18,1010
36,19,1001
36,20,998
36,21,1017
36,22,1027
36,23,872
36,24,802
36,25,1057
36,26,1011
36,27,1009
36,28,1004
36,29,1008
36,30,872
36,31,1001
36,32,841
36,33,1025
36,34,1006
36,35,1002
36,36,1006
36,37,1011
36,38,873
36,39,811
36,40,997
36,41,1017
36,42,1016
36,43,1011
36,44,1006
36,45,876
36,46,799
36,47,1002
36,48,997
36,49,1044
36,50,997
36,51,981
36,52,925
36,53,850
36,54,1011
36,55,1000
36,56,1046
36,57,1001
36,58,990
36,59,918
36,60,848
36,61,799
36,62,979
36,63,1021
36,64,1067
36,65,1013
36,66,988
36,67,954
36,68,856
36,69,994
36,70,986
36,71,987
36,72,1000
36,73,957
36,74,863
36,75,782
36,76,978
36,77,976
36,78,979
36,79,985
36,80,957
36,81,853
36,82,853
36,83,1024
36,84,979
36,85,971
36,86,978
36,87,962
36,88,849
36,89,794
36,90,969
37,1,1042
37,2,952
37,3,835
37,4,1047
37,5,1033
37,6,1042
37,7,987
37,8,956
37,9,857
37,10,838
37,11,1001
37,12,1088
37,13,1039
37,14,1029
37,15,983
37,16,852
37,17,808
37,18,1012
37,19,998
37,20,994
37,21,1016
37,22,1010
37,23,855
37,24,803
37,25,1050
37,26,1003
37,27,997
37,28,996
37,29,1011
37,30,864
37,31,995
37,32,846
37,33,1019
37,34,996
37,35,993
37,36,998
37,37,997
37,38,855
37,39,813
37,40,986
37,41,1000
37,42,1007
37,43,998
37,44,992
37,45,858
37,46,799
37,47,998
37,48,989
37,49,1050
37,50,989
37,51,974
37,52,910
37,53,846
37,54,1001
37,55,993
37,56,1046
37,57,992
37,58,976
37,59,914
37,60,856
37,61,805
37,62,977
37,63,1010
37,64,1063
37,65,998
37,66,973
37,67,946
37,68,852
37,69,983
37,70,974
37,71,977
37,72,988
37,73,945
37,74,851
37,75,777
37,76,974
37,77,970
37,78,972
37,79,975
37,80,947
37,81,848
37,82,866
37,83,1015
37,84,969
37,85,964
37,86,966
37,87,950
37,88,838
37,89,800
37,90,966
38,1,1034
38,2,935
38,3,845
38,4,1036
38,5,1022
38,6,1021
38,7,972
38,8,952
38,9,835
38,10,800
38,11,989
38,12,1077
38,13,1039
38,14,1039
38,15,968
38,16,833
38,17,795
38,18,1012
38,19,997
38,20,984
38,21,1018
38,22,1000
38,23,836
38,24,795
38,25,1039
38,26,1002
38,27,986
38,28,999
38,29,1009
38,30,852
38,31,975
38,32,837
38,33,1009
38,34,989
38,35,982
38,36,993
38,37,983
38,38,836
38,39,796
38,40,984
38,41,995
38,42,995
38,43,987
38,44,983
38,45,833
38,46,783
38,47,996
38,48,990
38,49,1059
38,50,987
38,51,964
38,52,885
38,53,824
38,54,990
38,55,989
38,56,1047
38,57,987
38,58,968
38,59,909
38,60,833
38,61,793
38,62,970
38,63,1004
38,64,1057
38,65,991
38,66,968
38,67,935
38,68,837
38,69,976
38,70,971
38,71,974
38,72,983
38,73,934
38,74,833
38,75,748
38,76,963
38,77,967
38,78,966
38,79,974
38,80,938
38,81,843
38,82,861
38,83,1008
38,84,972
38,85,962
38,86,956
38,87,942
38,88,816
38,89,789
38,90,963
39,1,1024
39,2,918
39,3,841
39,4,1023
39,5,1001
39,6,997
39,7,963
39,8,928
39,9,815
39,10,758
39,11,971
39,12,1062
39,13,1026
39,14,1016
39,15,948
39,16,821
39,17,780
39,18,1007
39,19,993
39,20,972
39,21,1009
39,22,986
39,23,816
39,24,781
39,25,1031
39,26,988
39,27,974
39,28,986
39,29,1002
39,30,839
39,31,948
39,32,824
39,33,994
39,34,980
39,35,974
39,36,988
39,37,967
39,38,816
39,39,783
39,40,972
39,41,984
39,42,985
39,43,976
39,44,964
39,45,812
39,46,766
39,47,987
39,48,982
39,49,1059
39,50,977
39,51,951
39,52,865
39,53,802
39,54,981
39,55,981
39,56,1036
39,57,981
39,58,954
39,59,897
39,60,816
39,61,777
39,62,962
39,63,991
39,64,1038
39,65,975
39,66,968
39,67,922
39,68,815
39,69,962
39,70,963
39,71,970
39,72,972
39,73,922
39,74,822
39,75,714
39,76,954
39,77,957
39,78,958
39,79,972
39,80,930
39,81,832
39,82,853
39,83,996
39,84,965
39,85,960
39,86,948
39,87,933
39,88,798
39,89,776
39,90,953
40,1,1015
40,2,911
40,3,841
40,4,997
40,5,979
40,6,977
40,7,949
40,8,908
40,9,799
40,10,732
40,11,966
40,12,1050
40,13,1016
40,14,983
40,15,922
40,16,806
40,17,778
40,18,990
40,19,972
40,20,950
40,21,992
40,22,971
40,23,802
40,24,782
40,25,1017
40,26,975
40,27,954
40,28,974
40,29,982
40,30,834
40,31,932
40,32,820
40,33,977
40,34,959
40,35,955
40,36,967
40,37,943
40,38,805
40,39,778
40,40,960
40,41,968
40,42,964
40,43,957
40,44,941
40,45,797
40,46,759
40,47,970
40,48,961
40,49,1046
40,50,957
40,51,925
40,52,862
40,53,791
40,54,973
40,55,966
40,56,1030
40,57,966
40,58,933
40,59,888
40,60,790
40,61,767
40,62,954
40,63,977
40,64,1017
40,65,958
40,66,961
40,67,912
40,68,800
40,69,946
40,70,945
40,71,946
40,72,953
40,73,898
40,74,813
40,75,696
40,76,932
40,77,938
40,78,942
40,79,957
40,80,898
40,81,827
40,82,848
40,83,973
40,84,946
40,85,935
40,86,931
40,87,911
40,88,782
40,89,763
40,90,933
41,1,1025
41,2,920
41,3,869
41,4,994
41,5,972
41,6,970
41,7,949
41,8,898
41,9,798
41,10,734
41,11,961
41,12,1057
41,13,1015
41,14,963
41,15,902
41,16,806
41,17,786
41,18,976
41,19,967
41,20,940
41,21,980
41,22,956
41,23,802
41,24,813
41,25,1027
41,26,961
41,27,944
41,28,962
41,29,959
41,30,839
41,31,937
41,32,835
41,33,973
41,34,947
41,35,947
41,36,961
41,37,928
41,38,805
41,39,785
41,40,963
41,41,965
41,42,957
41,43,948
41,44,925
41,45,796
41,46,766
41,47,952
41,48,949
41,49,1024
41,50,943
41,51,908
41,52,865
41,53,794
41,54,979
41,55,948
41,56,1035
41,57,962
41,58,919
41,59,895
41,60,798
41,61,775
41,62,973
41,63,986
41,64,1026
41,65,950
41,66,962
41,67,907
41,68,802
41,69,933
41,70,938
41,71,942
41,72,943
41,73,893
41,74,813
41,75,689
41,76,920
41,77,929
41,78,931
41,79,939
41,80,884
41,81,840
41,82,869
41,83,970
41,84,937
41,85,926
41,86,924
41,87,892
41,88,784
41,89,772
41,90,928
42,1,1042
42,2,954
42,3,902
42,4,996
42,5,966
42,6,966
42,7,963
42,8,884
42,9,809
42,10,732
42,11,968
42,12,1071
42,13,1021
42,14,938
42,15,886
42,16,814
42,17,804
42,18,954
42,19,949
42,20,932
42,21,967
42,22,937
42,23,803
42,24,844
42,25,1037
42,26,957
42,27,932
42,28,941
42,29,930
42,30,820
42,31,961
42,32,865
42,33,970
42,34,938
42,35,942
42,36,958
42,37,911
42,38,808
42,39,802
42,40,966
42,41,984
42,42,954
42,43,941
42,44,904
42,45,799
42,46,782
42,47,932
42,48,931
42,49,996
42,50,925
42,51,895
42,52,869
42,53,806
42,54,982
42,55,937
42,56,1033
42,57,942
42,58,900
42,59,908
42,60,810
42,61,787
42,62,991
42,63,984
42,64,1038
42,65,948
42,66,973
42,67,911
42,68,814
42,69,936
42,70,933
42,71,935
42,72,945
42,73,884
42,74,822
42,75,690
42,76,919
42,77,926
42,78,913
42,79,915
42,80,868
42,81,858
42,82,892
42,83,971
42,84,939
42,85,916
42,86,912
42,87,875
42,88,791
42,89,781
42,90,928
43,1,1082
43,2,997
43,3,923
43,4,1009
43,5,973
43,6,981
43,7,980
43,8,885
43,9,822
43,10,774
43,11,985
43,12,1075
43,13,1025
43,14,940
43,15,883
43,16,827
43,17,831
43,18,956
43,19,931
43,20,930
43,21,967
43,22,939
43,23,804
43,24,865
43,25,1049
43,26,947
43,27,920
43,28,932
43,29,910
43,30,834
43,31,1008
43,32,894
43,33,985
43,34,949
43,35,942
43,36,966
43,37,914
43,38,814
43,39,817
43,40,986
43,41,1002
43,42,950
43,43,946
43,44,899
43,45,808
43,46,787
43,47,923
43,48,925
43,49,984
43,50,912
43,51,910
43,52,874
43,53,812
43,54,976
43,55,929
43,56,1028
43,57,933
43,58,888
43,59,911
43,60,814
43,61,810
43,62,1011
43,63,988
43,64,1045
43,65,953
43,66,968
43,67,915
43,68,833
43,69,934
43,70,932
43,71,946
43,72,942
43,73,909
43,74,816
43,75,707
43,76,930
43,77,922
43,78,909
43,79,898
43,80,862
43,81,877
43,82,913
43,83,976
43,84,961
43,85,912
43,86,906
43,87,862
43,88,791
43,89,799
43,90,941
44,1,1071
44,2,971
44,3,982
44,4,1078
44,5,1044
44,6,1032
44,7,1023
44,8,925
44,9,881
44,10,846
44,11,1026
44,12,1075
44,13,1035
44,14,985
44,15,929
44,16,871
44,17,885
44,18,1008
44,19,973
44,20,972
44,21,1002
44,22,960
44,23,841
44,24,901
44,25,1053
44,26,969
44,27,950
44,28,951
44,29,918
44,30,858
44,31,998
44,32,965
44,33,1051
44,34,1018
44,35,1006
44,36,1031
44,37,955
44,38,866
44,39,886
44,40,1038
44,41,1044
44,42,1006
44,43,997
44,44,944
44,45,854
44,46,844
44,47,958
44,48,960
44,49,1009
44,50,945
44,51,948
44,52,899
44,53,857
44,54,1002
44,55,964
44,56,1033
44,57,972
44,58,906
44,59,921
44,60,852
44,61,892
44,62,1047
44,63,1052
44,64,1077
44,65,1018
44,66,983
44,67,950
44,68,902
44,69,996
44,70,988
44,71,1000
44,72,979
44,73,936
44,74,858
44,75,771
44,76,989
44,77,958
44,78,937
44,79,931
44,80,897
44,81,900
44,82,939
44,83,1014
44,84,1016
44,85,945
44,86,932
44,87,886
44,88,818
44,89,833
44,90,958
45,1,1014
45,2,935
45,3,977
45,4,1107
45,5,1068
45,6,1054
45,7,1017
45,8,957
45,9,911
45,10,883
45,11,1023
45,12,1049
45,13,1021
45,14,1021
45,15,976
45,16,902
45,17,923
45,18,1032
45,19,1016
45,20,1019
45,21,1027
45,22,980
45,23,885
45,24,933
45,25,1038
45,26,1011
45,27,1013
45,28,1003
45,29,970
45,30,911
45,31,958
45,32,971
45,33,1063
45,34,1035
45,35,1033
45,36,1036
45,37,977
45,38,895
45,39,932
45,40,1049
45,41,1054
45,42,1041
45,43,1030
45,44,983
45,45,896
45,46,888
45,47,998
45,48,999
45,49,1041
45,50,985
45,51,954
45,52,906
45,53,917
45,54,1034
45,55,1018
45,56,1031
45,57,1008
45,58,955
45,59,920
45,60,913
45,61,920
45,62,1030
45,63,1054
45,64,1072
45,65,1034
45,66,974
45,67,947
45,68,948
45,69,1022
45,70,1012
45,71,1006
45,72,990
45,73,937
45,74,902
45,75,834
45,76,983
45,77,968
45,78,980
45,79,969
45,80,933
45,81,899
45,82,930
45,83,1012
45,84,1002
45,85,996
45,86,982
45,87,938
45,88,872
45,89,900
45,90,994
46,1,951
46,2,920
46,3,918
46,4,1055
46,5,1007
46,6,999
46,7,958
46,8,913
46,9,878
46,10,839
46,11,958
46,12,976
46,13,961
46,14,974
46,15,931
46,16,860
46,17,864
46,18,959
46,19,950
46,20,958
46,21,968
46,22,933
46,23,855
46,24,871
46,25,965
46,26,953
46,27,954
46,28,953
46,29,930
46,30,874
46,31,909
46,32,916
46,33,999
46,34,970
46,35,966
46,36,971
46,37,931
46,38,861
46,39,870
46,40,972
46,41,984
46,42,981
46,43,974
46,44,938
46,45,860
46,46,840
46,47,937
46,48,940
46,49,976
46,50,935
46,51,902
46,52,860
46,53,871
46,54,967
46,55,958
46,56,966
46,57,953
46,58,912
46,59,885
46,60,873
46,61,858
46,62,958
46,63,991
46,64,1007
46,65,980
46,66,928
46,67,904
46,68,887
46,69,957
46,70,952
46,71,947
46,72,936
46,73,892
46,74,863
46,75,790
46,76,922
46,77,913
46,78,927
46,79,915
46,80,892
46,81,856
46,82,860
46,83,945
46,84,931
46,85,942
46,86,930
46,87,902
46,88,839
46,89,845
46,90,936
47,1,873
47,2,847
47,3,840
47,4,952
47,5,903
47,6,891
47,7,865
47,8,835
47,9,815
47,10,775
47,11,860
47,12,873
47,13,845
47,14,881
47,15,856
47,16,794
47,17,778
47,18,849
47,19,837
47,20,850
47,21,857
47,22,849
47,23,789
47,24,789
47,25,857
47,26,848
47,27,855
47,28,852
47,29,852
47,30,798
47,31,825
47,32,834
47,33,898
47,34,869
47,35,861
47,36,861
47,37,850
47,38,797
47,39,781
47,40,868
47,41,878
47,42,877
47,43,870
47,44,855
47,45,794
47,46,765
47,47,833
47,48,843
47,49,872
47,50,839
47,51,825
47,52,792
47,53,784
47,54,861
47,55,844
47,56,855
47,57,853
47,58,838
47,59,805
47,60,792
47,61,781
47,62,850
47,63,879
47,64,901
47,65,872
47,66,843
47,67,843
47,68,811
47,69,851
47,70,843
47,71,841
47,72,839
47,73,810
47,74,793
47,75,731
47,76,823
47,77,822
47,78,833
47,79,821
47,80,820
47,81,791
47,82,779
47,83,839
47,84,822
47,85,842
47,86,824
47,87,821
47,88,779
47,89,767
47,90,832
48,1,769
48,2,765
48,3,761
48,4,845
48,5,800
48,6,789
48,7,766
48,8,748
48,9,734
48,10,702
48,11,769
48,12,779
48,13,751
48,14,793
48,15,768
48,16,720
48,17,696
48,18,740
48,19,733
48,20,744
48,21,753
48,22,757
48,23,716
48,24,711
48,25,758
48,26,744
48,27,753
48,28,748
48,29,748
48,30,716
48,31,752
48,32,749
48,33,795
48,34,756
48,35,758
48,36,753
48,37,760
48,38,728
48,39,701
48,40,768
48,41,776
48,42,768
48,43,767
48,44,774
48,45,723
48,46,693
48,47,737
48,48,740
48,49,768
48,50,742
48,51,733
48,52,714
48,53,697
48,54,752
48,55,746
48,56,755
48,57,748
48,58,742
48,59,728
48,60,698
48,61,696
48,62,753
48,63,788
48,64,803
48,65,776
48,66,756
48,67,769
48,68,730
48,69,753
48,70,741
48,71,737
48,72,738
48,73,720
48,74,707
48,75,662
48,76,729
48,77,728
48,78,732
48,79,726
48,80,735
48,81,719
48,82,702
48,83,741
48,84,728
48,85,742
48,86,732
48,87,734
48,88,712
48,89,684
48,90,734
49,1,712
49,2,701
49,3,700
49,4,773
49,5,729
49,6,711
49,7,702
49,8,679
49,9,664
49,10,652
49,11,702
49,12,720
49,13,700
49,14,718
49,15,702
49,16,655
49,17,637
49,18,676
49,19,665
49,20,673
49,21,680
49,22,690
49,23,650
49,24,651
49,25,687
49,26,674
49,27,684
49,28,674
49,29,677
49,30,658
49,31,691
49,32,692
49,33,722
49,34,684
49,35,689
49,36,686
49,37,692
49,38,666
49,39,646
49,40,700
49,41,710
49,42,709
49,43,706
49,44,711
49,45,673
49,46,640
49,47,673
49,48,669
49,49,696
49,50,680
49,51,672
49,52,658
49,53,647
49,54,690
49,55,673
49,56,687
49,57,682
49,58,674
49,59,664
49,60,644
49,61,642
49,62,689
49,63,725
49,64,740
49,65,718
49,66,700
49,67,711
49,68,675
49,69,690
49,70,677
49,71,672
49,72,668
49,73,655
49,74,641
49,75,610
49,76,665
49,77,662
49,78,665
49,79,660
49,80,671
49,81,662
49,82,645
49,83,677
49,84,663
49,85,683
49,86,666
49,87,672
49,88,654
49,89,629
49,90,675
50,1,687
50,2,641
50,3,671
50,4,736
50,5,693
50,6,678
50,7,665
50,8,642
50,9,624
50,10,623
50,11,667
50,12,649
50,13,662
50,14,684
50,15,665
50,16,616
50,17,610
50,18,641
50,19,631
50,20,639
50,21,643
50,22,649
50,23,612
50,24,627
50,25,654
50,26,641
50,27,652
50,28,638
50,29,637
50,30,618
50,31,658
50,32,657
50,33,685
50,34,654
50,35,656
50,36,649
50,37,654
50,38,632
50,39,615
50,40,669
50,41,681
50,42,679
50,43,675
50,44,677
50,45,639
50,46,611
50,47,638
50,48,633
50,49,649
50,50,643
50,51,637
50,52,621
50,53,613
50,54,658
50,55,640
50,56,651
50,57,652
50,58,636
50,59,623
50,60,615
50,61,612
50,62,655
50,63,692
50,64,708
50,65,684
50,66,658
50,67,675
50,68,647
50,69,657
50,70,645
50,71,638
50,72,633
50,73,617
50,74,599
50,75,587
50,76,630
50,77,627
50,78,628
50,79,625
50,80,637
50,81,626
50,82,614
50,83,647
50,84,633
50,85,648
50,86,632
50,87,637
50,88,621
50,89,603
50,90,644
51,1,666
51,2,641
51,3,659
51,4,719
51,5,677
51,6,662
51,7,650
51,8,624
51,9,606
51,10,612
51,11,651
51,12,660
51,13,645
51,14,667
51,15,646
51,16,594
51,17,596
51,18,623
51,19,617
51,20,623
51,21,624
51,22,630
51,23,593
51,24,615
51,25,636
51,26,627
51,27,636
51,28,618
51,29,610
51,30,595
51,31,652
51,32,641
51,33,670
51,34,639
51,35,642
51,36,629
51,37,633
51,38,613
51,39,602
51,40,657
51,41,663
51,42,663
51,43,661
51,44,660
51,45,621
51,46,597
51,47,622
51,48,615
51,49,628
51,50,628
51,51,616
51,52,598
51,53,602
51,54,644
51,55,622
51,56,633
51,57,636
51,58,614
51,59,598
51,60,600
51,61,600
51,62,638
51,63,674
51,64,694
51,65,666
51,66,636
51,67,654
51,68,636
51,69,644
51,70,630
51,71,621
51,72,613
51,73,596
51,74,575
51,75,574
51,76,615
51,77,610
51,78,608
51,79,607
51,80,618
51,81,606
51,82,601
51,83,628
51,84,618
51,85,632
51,86,615
51,87,619
51,88,603
51,89,588
51,90,623
52,1,657
52,2,621
52,3,658
52,4,713
52,5,675
52,6,661
52,7,645
52,8,617
52,9,596
52,10,608
52,11,644
52,12,638
52,13,638
52,14,660
52,15,638
52,16,582
52,17,593
52,18,617
52,19,611
52,20,616
52,21,615
52,22,620
52,23,585
52,24,606
52,25,629
52,26,620
52,27,637
52,28,616
52,29,602
52,30,580
52,31,626
52,32,636
52,33,665
52,34,634
52,35,637
52,36,624
52,37,625
52,38,605
52,39,598
52,40,655
52,41,658
52,42,659
52,43,659
52,44,656
52,45,614
52,46,599
52,47,619
52,48,610
52,49,621
52,50,623
52,51,604
52,52,587
52,53,598
52,54,641
52,55,617
52,56,627
52,57,632
52,58,604
52,59,587
52,60,598
52,61,599
52,62,635
52,63,671
52,64,692
52,65,665
52,66,623
52,67,641
52,68,637
52,69,643
52,70,627
52,71,618
52,72,605
52,73,585
52,74,562
52,75,572
52,76,609
52,77,604
52,78,601
52,79,598
52,80,606
52,81,595
52,82,599
52,83,623
52,84,616
52,85,630
52,86,615
52,87,612
52,88,595
52,89,589
52,90,619
53,1,659
53,2,634
53,3,676
53,4,730
53,5,690
53,6,677
53,7,654
53,8,622
53,9,595
53,10,624
53,11,652
53,12,639
53,13,646
53,14,669
53,15,641
53,16,580
53,17,601
53,18,625
53,19,622
53,20,626
53,21,622
53,22,623
53,23,586
53,24,619
53,25,639
53,26,630
53,27,651
53,28,621
53,29,597
53,30,582
53,31,619
53,32,654
53,33,682
53,34,652
53,35,654
53,36,637
53,37,631
53,38,608
53,39,619
53,40,674
53,41,678
53,42,678
53,43,675
53,44,660
53,45,615
53,46,615
53,47,633
53,48,623
53,49,633
53,50,640
53,51,608
53,52,586
53,53,615
53,54,657
53,55,632
53,56,622
53,57,648
53,58,607
53,59,586
53,60,619
53,61,616
53,62,648
53,63,686
53,64,709
53,65,685
53,66,621
53,67,642
53,68,656
53,69,660
53,70,644
53,71,630
53,72,615
53,73,586
53,74,561
53,75,589
53,76,623
53,77,619
53,78,613
53,79,612
53,80,610
53,81,594
53,82,617
53,83,644
53,84,629
53,85,647
53,86,631
53,87,616
53,88,595
53,89,603
53,90,634
54,1,679
54,2,637
54,3,740
54,4,792
54,5,760
54,6,746
54,7,708
54,8,647
54,9,611
54,10,688
54,11,712
54,12,710
54,13,699
54,14,724
54,15,662
54,16,591
54,17,665
54,18,679
54,19,680
54,20,685
54,21,677
54,22,643
54,23,594
54,24,682
54,25,697
54,26,698
54,27,704
54,28,669
54,29,607
54,30,579
54,31,624
54,32,721
54,33,738
54,34,711
54,35,712
54,36,695
54,37,651
54,38,622
54,39,687
54,40,746
54,41,750
54,42,745
54,43,733
54,44,678
54,45,633
54,46,662
54,47,688
54,48,673
54,49,680
54,50,686
54,51,632
54,52,589
54,53,674
54,54,715
54,55,694
54,56,698
54,57,700
54,58,626
54,59,593
54,60,676
54,61,679
54,62,707
54,63,746
54,64,773
54,65,741
54,66,643
54,67,655
54,68,723
54,69,725
54,70,710
54,71,693
54,72,666
54,73,607
54,74,572
54,75,642
54,76,679
54,77,671
54,78,661
54,79,660
54,80,634
54,81,603
54,82,682
54,83,697
54,84,691
54,85,700
54,86,685
54,87,634
54,88,601
54,89,660
54,90,695
55,1,721
55,2,646
55,3,873
55,4,909
55,5,880
55,6,863
55,7,785
55,8,663
55,9,627
55,10,786
55,11,816
55,12,814
55,13,788
55,14,808
55,15,688
55,16,599
55,17,785
55,18,784
55,19,796
55,20,802
55,21,795
55,22,672
55,23,607
55,24,814
55,25,801
55,26,824
55,27,815
55,28,777
55,29,639
55,30,589
55,31,622
55,32,843
55,33,861
55,34,835
55,35,835
55,36,824
55,37,681
55,38,628
55,39,808
55,40,859
55,41,861
55,42,858
55,43,845
55,44,708
55,45,645
55,46,751
55,47,766
55,48,758
55,49,768
55,50,769
55,51,659
55,52,607
55,53,794
55,54,822
55,55,813
55,56,807
55,57,808
55,58,651
55,59,600
55,60,788
55,61,801
55,62,832
55,63,869
55,64,879
55,65,849
55,66,691
55,67,678
55,68,843
55,69,842
55,70,823
55,71,808
55,72,741
55,73,638
55,74,581
55,75,730
55,76,765
55,77,764
55,78,738
55,79,733
55,80,663
55,81,615
55,82,799
55,83,803
55,84,798
55,85,808
55,86,784
55,87,673
55,88,616
55,89,775
55,90,814
56,1,798
56,2,679
56,3,984
56,4,1011
56,5,990
56,6,956
56,7,879
56,8,735
56,9,679
56,10,892
56,11,930
56,12,921
56,13,912
56,14,912
56,15,756
56,16,648
56,17,909
56,18,902
56,19,911
56,20,918
56,21,924
56,22,746
56,23,660
56,24,949
56,25,940
56,26,946
56,27,925
56,28,893
56,29,719
56,30,643
56,31,648
56,32,948
56,33,956
56,34,932
56,35,932
56,36,936
56,37,743
56,38,672
56,39,918
56,40,961
56,41,961
56,42,958
56,43,947
56,44,773
56,45,683
56,46,862
56,47,873
56,48,871
56,49,874
56,50,874
56,51,724
56,52,650
56,53,901
56,54,927
56,55,931
56,56,923
56,57,916
56,58,729
56,59,647
56,60,896
56,61,905
56,62,947
56,63,975
56,64,972
56,65,941
56,66,756
56,67,721
56,68,946
56,69,939
56,70,925
56,71,917
56,72,836
56,73,706
56,74,639
56,75,846
56,76,871
56,77,867
56,78,850
56,79,841
56,80,726
56,81,665
56,82,921
56,83,903
56,84,903
56,85,907
56,86,887
56,87,738
56,88,664
56,89,896
56,90,930
57,1,854
57,2,734
57,3,1026
57,4,1043
57,5,1022
57,6,992
57,7,941
57,8,816
57,9,746
57,10,964
57,11,1002
57,12,1000
57,13,983
57,14,964
57,15,834
57,16,708
57,17,960
57,18,951
57,19,959
57,20,967
57,21,983
57,22,815
57,23,722
57,24,1016
57,25,986
57,26,989
57,27,964
57,28,921
57,29,796
57,30,712
57,31,700
57,32,989
57,33,988
57,34,971
57,35,973
57,36,981
57,37,810
57,38,730
57,39,960
57,40,996
57,41,996
57,42,988
57,43,985
57,44,835
57,45,734
57,46,931
57,47,932
57,48,942
57,49,942
57,50,934
57,51,803
57,52,721
57,53,955
57,54,966
57,55,984
57,56,953
57,57,962
57,58,807
57,59,716
57,60,940
57,61,944
57,62,987
57,63,1013
57,64,997
57,65,973
57,66,837
57,67,781
57,68,977
57,69,966
57,70,958
57,71,956
57,72,899
57,73,783
57,74,703
57,75,909
57,76,919
57,77,926
57,78,911
57,79,902
57,80,785
57,81,732
57,82,974
57,83,937
57,84,941
57,85,940
57,86,925
57,87,792
57,88,717
57,89,940
57,90,976
58,1,905
58,2,783
58,3,1045
58,4,1053
58,5,1039
58,6,995
58,7,965
58,8,866
58,9,806
58,10,988
58,11,1044
58,12,1016
58,13,1025
58,14,994
58,15,875
58,16,760
58,17,981
58,18,979
58,19,979
58,20,988
58,21,1008
58,22,853
58,23,771
58,24,1038
58,25,1001
58,26,1002
58,27,986
58,28,1001
58,29,843
58,30,774
58,31,758
58,32,1015
58,33,1003
58,34,995
58,35,995
58,36,1002
58,37,861
58,38,779
58,39,981
58,40,1015
58,41,1011
58,42,1006
58,43,1003
58,44,875
58,45,772
58,46,972
58,47,969
58,48,995
58,49,974
58,50,966
58,51,863
58,52,795
58,53,989
58,54,986
58,55,1016
58,56,982
58,57,982
58,58,867
58,59,784
58,60,973
58,61,959
58,62,1008
58,63,1039
58,64,1009
58,65,985
58,66,897
58,67,835
58,68,990
58,69,979
58,70,975
58,71,984
58,72,936
58,73,840
58,74,754
58,75,948
58,76,952
58,77,959
58,78,949
58,79,936
58,80,831
58,81,792
58,82,993
58,83,956
58,84,958
58,85,958
58,86,947
58,87,836
58,88,764
58,89,964
58,90,1002
59,1,936
59,2,833
59,3,1061
59,4,1060
59,5,1051
59,6,1004
59,7,978
59,8,882
59,9,836
59,10,1010
59,11,1080
59,12,1037
59,13,1048
59,14,1008
59,15,886
59,16,793
59,17,1005
59,18,1000
59,19,992
59,20,1012
59,21,1030
59,22,873
59,23,799
59,24,1062
59,25,1015
59,26,1012
59,27,1007
59,28,1003
59,29,868
59,30,811
59,31,814
59,32,1029
59,33,1011
59,34,1006
59,35,1007
59,36,1011
59,37,876
59,38,804
59,39,993
59,40,1023
59,41,1023
59,42,1014
59,43,1012
59,44,886
59,45,793
59,46,997
59,47,989
59,48,1030
59,49,995
59,50,987
59,51,898
59,52,841
59,53,1006
59,54,997
59,55,1036
59,56,998
59,57,993
59,58,902
59,59,827
59,60,992
59,61,976
59,62,1025
59,63,1064
59,64,1018
59,65,996
59,66,938
59,67,857
59,68,1000
59,69,993
59,70,990
59,71,1004
59,72,954
59,73,864
59,74,777
59,75,978
59,76,974
59,77,978
59,78,977
59,79,954
59,80,849
59,81,829
59,82,1012
59,83,978
59,84,971
59,85,975
59,86,964
59,87,850
59,88,782
59,89,971
59,90,1018
60,1,941
60,2,844
60,3,1059
60,4,1048
60,5,1060
60,6,999
60,7,974
60,8,878
60,9,843
60,10,1010
60,11,1087
60,12,1054
60,13,1029
60,14,999
60,15,874
60,16,804
60,17,1010
60,18,1001
60,19,998
60,20,1017
60,21,1027
60,22,872
60,23,802
60,24,1057
60,25,1011
60,26,1009
60,27,1004
60,28,1008
60,29,872
60,30,834
60,31,841
60,32,1025
60,33,1006
60,34,1002
60,35,1006
60,36,1011
60,37,873
60,38,811
60,39,997
60,40,1017
60,41,1016
60,42,1011
60,43,1006
60,44,876
60,45,799
60,46,1002
60,47,997
60,48,1044
60,49,997
60,50,981
60,51,925
60,52,850
60,53,1011
60,54,1000
60,55,1046
60,56,1001
60,57,990
60,58,918
60,59,848
60,60,1000
60,61,979
60,62,1021
60,63,1067
60,64,1013
60,65,988
60,66,954
60,67,856
60,68,994
60,69,986
60,70,987
60,71,1000
60,72,957
60,73,863
60,74,782
60,75,978
60,76,976
60,77,979
60,78,985
60,79,957
60,80,853
60,81,853
60,82,1024
60,83,979
60,84,971
60,85,978
60,86,962
60,87,849
60,88,794
60,89,969
60,90,1024
61,1,952
61,2,835
61,3,1047
61,4,1033
61,5,1042
61,6,987
61,7,956
61,8,857
61,9,838
61,10,1001
61,11,1088
61,12,1039
61,13,1029
61,14,983
61,15,852
61,16,808
61,17,1012
61,18,998
61,19,994
61,20,1016
61,21,1010
61,22,855
61,23,803
61,24,1050
61,25,1003
61,26,997
61,27,996
61,28,1011
61,29,864
61,30,838
61,31,846
61,32,1019
61,33,996
61,34,993
61,35,998
61,36,997
61,37,855
61,38,813
61,39,986
61,40,1000
61,41,1007
61,42,998
61,43,992
61,44,858
61,45,799
61,46,998
61,47,989
61,48,1050
61,49,989
61,50,974
61,51,910
61,52,846
61,53,1001
61,54,993
61,55,1046
61,56,992
61,57,976
61,58,914
61,59,856
61,60,991
61,61,977
61,62,1010
61,63,1063
61,64,998
61,65,973
61,66,946
61,67,852
61,68,983
61,69,974
61,70,977
61,71,988
61,72,945
61,73,851
61,74,777
61,75,974
61,76,970
61,77,972
61,78,975
61,79,947
61,80,848
61,81,866
61,82,1015
61,83,969
61,84,964
61,85,966
61,86,950
61,87,838
61,88,800
61,89,966
61,90,1017
62,1,935
62,2,845
62,3,1036
62,4,1022
62,5,1021
62,6,972
62,7,952
62,8,835
62,9,800
62,10,989
62,11,1077
62,12,1039
62,13,1039
62,14,968
62,15,833
62,16,795
62,17,1012
62,18,997
62,19,984
62,20,1018
62,21,1000
62,22,836
62,23,795
62,24,1039
62,25,1002
62,26,986
62,27,999
62,28,1009
62,29,852
62,30,831
62,31,837
62,32,1009
62,33,989
62,34,982
62,35,993
62,36,983
62,37,836
62,38,796
62,39,984
62,40,995
62,41,995
62,42,987
62,43,983
62,44,833
62,45,783
62,46,996
62,47,990
62,48,1059
62,49,987
62,50,964
62,51,885
62,52,824
62,53,990
62,54,989
62,55,1047
62,56,987
62,57,968
62,58,909
62,59,833
62,60,991
62,61,970
62,62,1004
62,63,1057
62,64,991
62,65,968
62,66,935
62,67,837
62,68,976
62,69,971
62,70,974
62,71,983
62,72,934
62,73,833
62,74,748
62,75,963
62,76,967
62,77,966
62,78,974
62,79,938
62,80,843
62,81,861
62,82,1008
62,83,972
62,84,962
62,85,956
62,86,942
62,87,816
62,88,789
62,89,963
62,90,1010
63,1,918
63,2,841
63,3,1023
63,4,1001
63,5,997
63,6,963
63,7,928
63,8,815
63,9,758
63,10,971
63,11,1062
63,12,1026
63,13,1016
63,14,948
63,15,821
63,16,780
63,17,1007
63,18,993
63,19,972
63,20,1009
63,21,986
63,22,816
63,23,781
63,24,1031
63,25,988
63,26,974
63,27,986
63,28,1002
63,29,839
63,30,834
63,31,824
63,32,994
63,33,980
63,34,974
63,35,988
63,36,967
63,37,816
63,38,783
63,39,972
63,40,984
63,41,985
63,42,976
63,43,964
63,44,812
63,45,766
63,46,987
63,47,982
63,48,1059
63,49,977
63,50,951
63,51,865
63,52,802
63,53,981
63,54,981
63,55,1036
63,56,981
63,57,954
63,58,897
63,59,816
63,60,975
63,61,962
63,62,991
63,63,1038
63,64,975
63,65,968
63,66,922
63,67,815
63,68,962
63,69,963
63,70,970
63,71,972
63,72,922
63,73,822
63,74,714
63,75,954
63,76,957
63,77,958
63,78,972
63,79,930
63,80,832
63,81,853
63,82,996
63,83,965
63,84,960
63,85,948
63,86,933
63,87,798
63,88,776
63,89,953
63,90,1005
64,1,911
64,2,841
64,3,997
64,4,979
64,5,977
64,6,949
64,7,908
64,8,799
64,9,732
64,10,966
64,11,1050
64,12,1016
64,13,983
64,14,922
64,15,806
64,16,778
64,17,990
64,18,972
64,19,950
64,20,992
64,21,971
64,22,802
64,23,782
64,24,1017
64,25,975
64,26,954
64,27,974
64,28,982
64,29,834
64,30,839
64,31,820
64,32,977
64,33,959
64,34,955
64,35,967
64,36,943
64,37,805
64,38,778
64,39,960
64,40,968
64,41,964
64,42,957
64,43,941
64,44,797
64,45,759
64,46,970
64,47,961
64,48,1046
64,49,957
64,50,925
64,51,862
64,52,791
64,53,973
64,54,966
64,55,1030
64,56,966
64,57,933
64,58,888
64,59,790
64,60,957
64,61,954
64,62,977
64,63,1017
64,64,958
64,65,961
64,66,912
64,67,800
64,68,946
64,69,945
64,70,946
64,71,953
64,72,898
64,73,813
64,74,696
64,75,932
64,76,938
64,77,942
64,78,957
64,79,898
64,80,827
64,81,848
64,82,973
64,83,946
64,84,935
64,85,931
64,86,911
64,87,782
64,88,763
64,89,933
64,90,999
65,1,920
65,2,869
65,3,994
65,4,972
65,5,970
65,6,949
65,7,898
65,8,798
65,9,734
65,10,961
65,11,1057
65,12,1015
65,13,963
65,14,902
65,15,806
65,16,786
65,17,976
65,18,967
65,19,940
65,20,980
65,21,956
65,22,802
65,23,813
65,24,1027
65,25,961
65,26,944
65,27,962
65,28,959
65,29,839
65,30,853
65,31,835
65,32,973
65,33,947
65,34,947
65,35,961
65,36,928
65,37,805
65,38,785
65,39,963
65,40,965
65,41,957
65,42,948
65,43,925
65,44,796
65,45,766
65,46,952
65,47,949
65,48,1024
65,49,943
65,50,908
65,51,865
65,52,794
65,53,979
65,54,948
65,55,1035
65,56,962
65,57,919
65,58,895
65,59,798
65,60,952
65,61,973
65,62,986
65,63,1026
65,64,950
65,65,962
65,66,907
65,67,802
65,68,933
65,69,938
65,70,942
65,71,943
65,72,893
65,73,813
65,74,689
65,75,920
65,76,929
65,77,931
65,78,939
65,79,884
65,80,840
65,81,869
65,82,970
65,83,937
65,84,926
65,85,924
65,86,892
65,87,784
65,88,772
65,89,928
65,90,1009
66,1,954
66,2,902
66,3,996
66,4,966
66,5,966
66,6,963
66,7,884
66,8,809
66,9,732
66,10,968
66,11,1071
66,12,1021
66,13,938
66,14,886
66,15,814
66,16,804
66,17,954
66,18,949
66,19,932
66,20,967
66,21,937
66,22,803
66,23,844
66,24,1037
66,25,957
66,26,932
66,27,941
66,28,930
66,29,820
66,30,875
66,31,865
66,32,970
66,33,938
66,34,942
66,35,958
66,36,911
66,37,808
66,38,802
66,39,966
66,40,984
66,41,954
66,42,941
66,43,904
66,44,799
66,45,782
66,46,932
66,47,931
66,48,996
66,49,925
66,50,895
66,51,869
66,52,806
66,53,982
66,54,937
66,55,1033
66,56,942
66,57,900
66,58,908
66,59,810
66,60,947
66,61,991
66,62,984
66,63,1038
66,64,948
66,65,973
66,66,911
66,67,814
66,68,936
66,69,933
66,70,935
66,71,945
66,72,884
66,73,822
66,74,690
66,75,919
66,76,926
66,77,913
66,78,915
66,79,868
66,80,858
66,81,892
66,82,971
66,83,939
66,84,916
66,85,912
66,86,875
66,87,791
66,88,781
66,89,928
66,90,1006
67,1,997
67,2,923
67,3,1009
67,4,973
67,5,981
67,6,980
67,7,885
67,8,822
67,9,774
67,10,985
67,11,1075
67,12,1025
67,13,940
67,14,883
67,15,827
67,16,831
67,17,956
67,18,931
67,19,930
67,20,967
67,21,939
67,22,804
67,23,865
67,24,1049
67,25,947
67,26,920
67,27,932
67,28,910
67,29,834
67,30,886
67,31,894
67,32,985
67,33,949
67,34,942
67,35,966
67,36,914
67,37,814
67,38,817
67,39,986
67,40,1002
67,41,950
67,42,946
67,43,899
67,44,808
67,45,787
67,46,923
67,47,925
67,48,984
67,49,912
67,50,910
67,51,874
67,52,812
67,53,976
67,54,929
67,55,1028
67,56,933
67,57,888
67,58,911
67,59,814
67,60,935
67,61,1011
67,62,988
67,63,1045
67,64,953
67,65,968
67,66,915
67,67,833
67,68,934
67,69,932
67,70,946
67,71,942
67,72,909
67,73,816
67,74,707
67,75,930
67,76,922
67,77,909
67,78,898
67,79,862
67,80,877
67,81,913
67,82,976
67,83,961
67,84,912
67,85,906
67,86,862
67,87,791
67,88,799
67,89,941
67,90,1004
68,1,971
68,2,982
68,3,1078
68,4,1044
68,5,1032
68,6,1023
68,7,925
68,8,881
68,9,846
68,10,1026
68,11,1075
68,12,1035
68,13,985
68,14,929
68,15,871
68,16,885
68,17,1008
68,18,973
68,19,972
68,20,1002
68,21,960
68,22,841
68,23,901
68,24,1053
68,25,969
68,26,950
68,27,951
68,28,918
68,29,858
68,30,915
68,31,965
68,32,1051
68,33,1018
68,34,1006
68,35,1031
68,36,955
68,37,866
68,38,886
68,39,1038
68,40,1044
68,41,1006
68,42,997
68,43,944
68,44,854
68,45,844
68,46,958
68,47,960
68,48,1009
68,49,945
68,50,948
68,51,899
68,52,857
68,53,1002
68,54,964
68,55,1033
68,56,972
68,57,906
68,58,921
68,59,852
68,60,969
68,61,1047
68,62,1052
68,63,1077
68,64,1018
68,65,983
68,66,950
68,67,902
68,68,996
68,69,988
68,70,1000
68,71,979
68,72,936
68,73,858
68,74,771
68,75,989
68,76,958
68,77,937
68,78,931
68,79,897
68,80,900
68,81,939
68,82,1014
68,83,1016
68,84,945
68,85,932
68,86,886
68,87,818
68,88,833
68,89,958
68,90,1021
69,1,935
69,2,977
69,3,1107
69,4,1068
69,5,1054
69,6,1017
69,7,957
69,8,911
69,9,883
69,10,1023
69,11,1049
69,12,1021
69,13,1021
69,14,976
69,15,902
69,16,923
69,17,1032
69,18,1016
69,19,1019
69,20,1027
69,21,980
69,22,885
69,23,933
69,24,1038
69,25,1011
69,26,1013
69,27,1003
69,28,970
69,29,911
69,30,926
69,31,971
69,32,1063
69,33,1035
69,34,1033
69,35,1036
69,36,977
69,37,895
69,38,932
69,39,1049
69,40,1054
69,41,1041
69,42,1030
69,43,983
69,44,896
69,45,888
69,46,998
69,47,999
69,48,1041
69,49,985
69,50,954
69,51,906
69,52,917
69,53,1034
69,54,1018
69,55,1031
69,56,1008
69,57,955
69,58,920
69,59,913
69,60,1021
69,61,1030
69,62,1054
69,63,1072
69,64,1034
69,65,974
69,66,947
69,67,948
69,68,1022
69,69,1012
69,70,1006
69,71,990
69,72,937
69,73,902
69,74,834
69,75,983
69,76,968
69,77,980
69,78,969
69,79,933
69,80,899
69,81,930
69,82,1012
69,83,1002
69,84,996
69,85,982
69,86,938
69,87,872
69,88,900
69,89,994
69,90,1021
70,1,920
70,2,918
70,3,1055
70,4,1007
70,5,999
70,6,958
70,7,913
70,8,878
70,9,839
70,10,958
70,11,976
70,12,961
70,13,974
70,14,931
70,15,860
70,16,864
70,17,959
70,18,950
70,19,958
70,20,968
70,21,933
70,22,855
70,23,871
70,24,965
70,25,953
70,26,954
70,27,953
70,28,930
70,29,874
70,30,864
70,31,916
70,32,999
70,33,970
70,34,966
70,35,971
70,36,931
70,37,861
70,38,870
70,39,972
70,40,984
70,41,981
70,42,974
70,43,938
70,44,860
70,45,840
70,46,937
70,47,940
70,48,976
70,49,935
70,50,902
70,51,860
70,52,871
70,53,967
70,54,958
70,55,966
70,56,953
70,57,912
70,58,885
70,59,873
70,60,962
70,61,958
70,62,991
70,63,1007
70,64,980
70,65,928
70,66,904
70,67,887
70,68,957
70,69,952
70,70,947
70,71,936
70,72,892
70,73,863
70,74,790
70,75,922
70,76,913
70,77,927
70,78,915
70,79,892
70,80,856
70,81,860
70,82,945
70,83,931
70,84,942
70,85,930
70,86,902
70,87,839
70,88,845
70,89,936
70,90,958
71,1,847
71,2,840
71,3,952
71,4,903
71,5,891
71,6,865
71,7,835
71,8,815
71,9,775
71,10,860
71,11,873
71,12,845
71,13,881
71,14,856
71,15,794
71,16,778
71,17,849
71,18,837
71,19,850
71,20,857
71,21,849
71,22,789
71,23,789
71,24,857
71,25,848
71,26,855
71,27,852
71,28,852
71,29,798
71,30,781
71,31,834
71,32,898
71,33,869
71,34,861
71,35,861
71,36,850
71,37,797
71,38,781
71,39,868
71,40,878
71,41,877
71,42,870
71,43,855
71,44,794
71,45,765
71,46,833
71,47,843
71,48,872
71,49,839
71,50,825
71,51,792
71,52,784
71,53,861
71,54,844
71,55,855
71,56,853
71,57,838
71,58,805
71,59,792
71,60,850
71,61,850
71,62,879
71,63,901
71,64,872
71,65,843
71,66,843
71,67,811
71,68,851
71,69,843
71,70,841
71,71,839
71,72,810
71,73,793
71,74,731
71,75,823
71,76,822
71,77,833
71,78,821
71,79,820
71,80,791
71,81,779
71,82,839
71,83,822
71,84,842
71,85,824
71,86,821
71,87,779
71,88,767
71,89,832
71,90,848
72,1,765
72,2,761
72,3,845
72,4,800
72,5,789
72,6,766
72,7,748
72,8,734
72,9,702
72,10,769
72,11,779
72,12,751
72,13,793
72,14,768
72,15,720
72,16,696
72,17,740
72,18,733
72,19,744
72,20,753
72,21,757
72,22,716
72,23,711
72,24,758
72,25,744
72,26,753
72,27,748
72,28,748
72,29,716
72,30,698
72,31,749
72,32,795
72,33,756
72,34,758
72,35,753
72,36,760
72,37,728
72,38,701
72,39,768
72,40,776
72,41,768
72,42,767
72,43,774
72,44,723
72,45,693
72,46,737
72,47,740
72,48,768
72,49,742
72,50,733
72,51,714
72,52,697
72,53,752
72,54,746
72,55,755
72,56,748
72,57,742
72,58,728
72,59,698
72,60,747
72,61,753
72,62,788
72,63,803
72,64,776
72,65,756
72,66,769
72,67,730
72,68,753
72,69,741
72,70,737
72,71,738
72,72,720
72,73,707
72,74,662
72,75,729
72,76,728
72,77,732
72,78,726
72,79,735
72,80,719
72,81,702
72,82,741
72,83,728
72,84,742
72,85,732
72,86,734
72,87,712
72,88,684
72,89,734
72,90,749
73,1,701
73,2,700
73,3,773
73,4,729
73,5,711
73,6,702
73,7,679
73,8,664
73,9,652
73,10,702
73,11,720
73,12,700
73,13,718
73,14,702
73,15,655
73,16,637
73,17,676
73,18,665
73,19,673
73,20,680
73,21,690
73,22,650
73,23,651
73,24,687
73,25,674
73,26,684
73,27,674
73,28,677
73,29,658
73,30,644
73,31,692
73,32,722
73,33,684
73,34,689
73,35,686
73,36,692
73,37,666
73,38,646
73,39,700
73,40,710
73,41,709
73,42,706
73,43,711
73,44,673
73,45,640
73,46,673
73,47,669
73,48,696
73,49,680
73,50,672
73,51,658
73,52,647
73,53,690
73,54,673
73,55,687
73,56,682
73,57,674
73,58,664
73,59,644
73,60,676
73,61,689
73,62,725
73,63,740
73,64,718
73,65,700
73,66,711
73,67,675
73,68,690
73,69,677
73,70,672
73,71,668
73,72,655
73,73,641
73,74,610
73,75,665
73,76,662
73,77,665
73,78,660
73,79,671
73,80,662
73,81,645
73,82,677
73,83,663
73,84,683
73,85,666
73,86,672
73,87,654
73,88,629
73,89,675
73,90,687
74,1,631
74,2,671
74,3,736
74,4,693
74,5,678
74,6,665
74,7,642
74,8,624
74,9,623
74,10,667
74,11,649
74,12,662
74,13,684
74,14,665
74,15,616
74,16,610
74,17,641
74,18,631
74,19,639
74,20,643
74,21,649
74,22,612
74,23,627
74,24,654
74,25,641
74,26,652
74,27,638
74,28,637
74,29,618
74,30,620
74,31,657
74,32,685
74,33,654
74,34,656
74,35,649
74,36,654
74,37,632
74,38,615
74,39,669
74,40,681
74,41,679
74,42,675
74,43,677
74,44,639
74,45,611
74,46,638
74,47,633
74,48,649
74,49,643
74,50,637
74,51,621
74,52,613
74,53,658
74,54,640
74,55,651
74,56,652
74,57,636
74,58,623
74,59,615
74,60,644
74,61,655
74,62,692
74,63,708
74,64,684
74,65,658
74,66,675
74,67,647
74,68,657
74,69,645
74,70,638
74,71,633
74,72,617
74,73,599
74,74,587
74,75,630
74,76,627
74,77,628
74,78,625
74,79,637
74,80,626
74,81,614
74,82,647
74,83,633
74,84,648
74,85,632
74,86,637
74,87,621
74,88,603
74,89,644
74,90,658
75,1,641
75,2,659
75,3,719
75,4,677
75,5,662
75,6,650
75,7,624
75,8,606
75,9,612
75,10,651
75,11,660
75,12,645
75,13,667
75,14,646
75,15,594
75,16,596
75,17,623
75,18,617
75,19,623
75,20,624
75,21,630
75,22,593
75,23,615
75,24,636
75,25,627
75,26,636
75,27,618
75,28,610
75,29,595
75,30,590
75,31,641
75,32,670
75,33,639
75,34,642
75,35,629
75,36,633
75,37,613
75,38,602
75,39,657
75,40,663
75,41,663
75,42,661
75,43,660
75,44,621
75,45,597
75,46,622
75,47,615
75,48,628
75,49,628
75,50,616
75,51,598
75,52,602
75,53,644
75,54,622
75,55,633
75,56,636
75,57,614
75,58,598
75,59,600
75,60,628
75,61,638
75,62,674
75,63,694
75,64,666
75,65,636
75,66,654
75,67,636
75,68,644
75,69,630
75,70,621
75,71,613
75,72,596
75,73,575
75,74,574
75,75,615
75,76,610
75,77,608
75,78,607
75,79,618
75,80,606
75,81,601
75,82,628
75,83,618
75,84,632
75,85,615
75,86,619
75,87,603
75,88,588
75,89,623
75,90,642
76,1,621
76,2,658
76,3,713
76,4,675
76,5,661
76,6,645
76,7,617
76,8,596
76,9,608
76,10,644
76,11,638
76,12,638
76,13,660
76,14,638
76,15,582
76,16,593
76,17,617
76,18,611
76,19,616
76,20,615
76,21,620
76,22,585
76,23,606
76,24,629
76,25,620
76,26,637
76,27,616
76,28,602
76,29,580
76,30,594
76,31,636
76,32,665
76,33,634
76,34,637
76,35,624
76,36,625
76,37,605
76,38,598
76,39,655
76,40,658
76,41,659
76,42,659
76,43,656
76,44,614
76,45,599
76,46,619
76,47,610
76,48,621
76,49,623
76,50,604
76,51,587
76,52,598
76,53,641
76,54,617
76,55,627
76,56,632
76,57,604
76,58,587
76,59,598
76,60,626
76,61,635
76,62,671
76,63,692
76,64,665
76,65,623
76,66,641
76,67,637
76,68,643
76,69,627
76,70,618
76,71,605
76,72,585
76,73,562
76,74,572
76,75,609
76,76,604
76,77,601
76,78,598
76,79,606
76,80,595
76,81,599
76,82,623
76,83,616
76,84,630
76,85,615
76,86,612
76,87,595
76,88,589
76,89,619
76,90,636
77,1,634
77,2,676
77,3,730
77,4,690
77,5,677
77,6,654
77,7,622
77,8,595
77,9,624
77,10,652
77,11,639
77,12,646
77,13,669
77,14,641
77,15,580
77,16,601
77,17,625
77,18,622
77,19,626
77,20,622
77,21,623
77,22,586
77,23,619
77,24,639
77,25,630
77,26,651
77,27,621
77,28,597
77,29,582
77,30,608
77,31,654
77,32,682
77,33,652
77,34,654
77,35,637
77,36,631
77,37,608
77,38,619
77,39,674
77,40,678
77,41,678
77,42,675
77,43,660
77,44,615
77,45,615
77,46,633
77,47,623
77,48,633
77,49,640
77,50,608
77,51,586
77,52,615
77,53,657
77,54,632
77,55,622
77,56,648
77,57,607
77,58,586
77,59,619
77,60,642
77,61,648
77,62,686
77,63,709
77,64,685
77,65,621
77,66,642
77,67,656
77,68,660
77,69,644
77,70,630
77,71,615
77,72,586
77,73,561
77,74,589
77,75,623
77,76,619
77,77,613
77,78,612
77,79,610
77,80,594
77,81,617
77,82,644
77,83,629
77,84,647
77,85,631
77,86,616
77,87,595
77,88,603
77,89,634
77,90,649
78,1,637
78,2,740
78,3,792
78,4,760
78,5,746
78,6,708
78,7,647
78,8,611
78,9,688
78,10,712
78,11,710
78,12,699
78,13,724
78,14,662
78,15,591
78,16,665
78,17,679
78,18,680
78,19,685
78,20,677
78,21,643
78,22,594
78,23,682
78,24,697
78,25,698
78,26,704
78,27,669
78,28,607
78,29,579
78,30,659
78,31,721
78,32,738
78,33,711
78,34,712
78,35,695
78,36,651
78,37,622
78,38,687
78,39,746
78,40,750
78,41,745
78,42,733
78,43,678
78,44,633
78,45,662
78,46,688
78,47,673
78,48,680
78,49,686
78,50,632
78,51,589
78,52,674
78,53,715
78,54,694
78,55,698
78,56,700
78,57,626
78,58,593
78,59,676
78,60,687
78,61,707
78,62,746
78,63,773
78,64,741
78,65,643
78,66,655
78,67,723
78,68,725
78,69,710
78,70,693
78,71,666
78,72,607
78,73,572
78,74,642
78,75,679
78,76,671
78,77,661
78,78,660
78,79,634
78,80,603
78,81,682
78,82,697
78,83,691
78,84,700
78,85,685
78,86,634
78,87,601
78,88,660
78,89,695
78,90,711
79,1,646
79,2,873
79,3,909
79,4,880
79,5,863
79,6,785
79,7,663
79,8,627
79,9,786
79,10,816
79,11,814
79,12,788
79,13,808
79,14,688
79,15,599
79,16,785
79,17,784
79,18,796
79,19,802
79,20,795
79,21,672
79,22,607
79,23,814
79,24,801
79,25,824
79,26,815
79,27,777
79,28,639
79,29,589
79,30,771
79,31,843
79,32,861
79,33,835
79,34,835
79,35,824
79,36,681
79,37,628
79,38,808
79,39,859
79,40,861
79,41,858
79,42,845
79,43,708
79,44,645
79,45,751
79,46,766
79,47,758
79,48,768
79,49,769
79,50,659
79,51,607
79,52,794
79,53,822
79,54,813
79,55,807
79,56,808
79,57,651
79,58,600
79,59,788
79,60,802
79,61,832
79,62,869
79,63,879
79,64,849
79,65,691
79,66,678
79,67,843
79,68,842
79,69,823
79,70,808
79,71,741
79,72,638
79,73,581
79,74,730
79,75,765
79,76,764
79,77,738
79,78,733
79,79,663
79,80,615
79,81,799
79,82,803
79,83,798
79,84,808
79,85,784
79,86,673
79,87,616
79,88,775
79,89,814
79,90,817
80,1,679
80,2,984
80,3,1011
80,4,990
80,5,956
80,6,879
80,7,735
80,8,679
80,9,892
80,10,930
80,11,921
80,12,912
80,13,912
80,14,756
80,15,648
80,16,909
80,17,902
80,18,911
80,19,918
80,20,924
80,21,746
80,22,660
80,23,949
80,24,940
80,25,946
80,26,925
80,27,893
80,28,719
80,29,643
80,30,913
80,31,948
80,32,956
80,33,932
80,34,932
80,35,936
80,36,743
80,37,672
80,38,918
80,39,961
80,40,961
80,41,958
80,42,947
80,43,773
80,44,683
80,45,862
80,46,873
80,47,871
80,48,874
80,49,874
80,50,724
80,51,650
80,52,901
80,53,927
80,54,931
80,55,923
80,56,916
80,57,729
80,58,647
80,59,896
80,60,910
80,61,947
80,62,975
80,63,972
80,64,941
80,65,756
80,66,721
80,67,946
80,68,939
80,69,925
80,70,917
80,71,836
80,72,706
80,73,639
80,74,846
80,75,871
80,76,867
80,77,850
80,78,841
80,79,726
80,80,665
80,81,921
80,82,903
80,83,903
80,84,907
80,85,887
80,86,738
80,87,664
80,88,896
80,89,930
80,90,933
81,1,734
81,2,1026
81,3,1043
81,4,1022
81,5,992
81,6,941
81,7,816
81,8,746
81,9,964
81,10,1002
81,11,1000
81,12,983
81,13,964
81,14,834
81,15,708
81,16,960
81,17,951
81,18,959
81,19,967
81,20,983
81,21,815
81,22,722
81,23,1016
81,24,986
81,25,989
81,26,964
81,27,921
81,28,796
81,29,712
81,30,969
81,31,989
81,32,988
81,33,971
81,34,973
81,35,981
81,36,810
81,37,730
81,38,960
81,39,996
81,40,996
81,41,988
81,42,985
81,43,835
81,44,734
81,45,931
81,46,932
81,47,942
81,48,942
81,49,934
81,50,803
81,51,721
81,52,955
81,53,966
81,54,984
81,55,953
81,56,962
81,57,807
81,58,716
81,59,940
81,60,954
81,61,987
81,62,1013
81,63,997
81,64,973
81,65,837
81,66,781
81,67,977
81,68,966
81,69,958
81,70,956
81,71,899
81,72,783
81,73,703
81,74,909
81,75,919
81,76,926
81,77,911
81,78,902
81,79,785
81,80,732
81,81,974
81,82,937
81,83,941
81,84,940
81,85,925
81,86,792
81,87,717
81,88,940
81,89,976
81,90,978
82,1,783
82,2,1045
82,3,1053
82,4,1039
82,5,995
82,6,965
82,7,866
82,8,806
82,9,988
82,10,1044
82,11,1016
82,12,1025
82,13,994
82,14,875
82,15,760
82,16,981
82,17,979
82,18,979
82,19,988
82,20,1008
82,21,853
82,22,771
82,23,1038
82,24,1001
82,25,1002
82,26,986
82,27,1001
82,28,843
82,29,774
82,30,998
82,31,1015
82,32,1003
82,33,995
82,34,995
82,35,1002
82,36,861
82,37,779
82,38,981
82,39,1015
82,40,1011
82,41,1006
82,42,1003
82,43,875
82,44,772
82,45,972
82,46,969
82,47,995
82,48,974
82,49,966
82,50,863
82,51,795
82,52,989
82,53,986
82,54,1016
82,55,982
82,56,982
82,57,867
82,58,784
82,59,973
82,60,974
82,61,1008
82,62,1039
82,63,1009
82,64,985
82,65,897
82,66,835
82,67,990
82,68,979
82,69,975
82,70,984
82,71,936
82,72,840
82,73,754
82,74,948
82,75,952
82,76,959
82,77,949
82,78,936
82,79,831
82,80,792
82,81,993
82,82,956
82,83,958
82,84,958
82,85,947
82,86,836
82,87,764
82,88,964
82,89,1002
82,90,1003
83,1,833
83,2,1061
83,3,1060
83,4,1051
83,5,1004
83,6,978
83,7,882
83,8,836
83,9,1010
83,10,1080
83,11,1037
83,12,1048
83,13,1008
83,14,886
83,15,793
83,16,1005
83,17,1000
83,18,992
83,19,1012
83,20,1030
83,21,873
83,22,799
83,23,1062
83,24,1015
83,25,1012
83,26,1007
83,27,1003
83,28,868
83,29,811
83,30,1025
83,31,1029
83,32,1011
83,33,1006
83,34,1007
83,35,1011
83,36,876
83,37,804
83,38,993
83,39,1023
83,40,1023
83,41,1014
83,42,1012
83,43,886
83,44,793
83,45,997
83,46,989
83,47,1030
83,48,995
83,49,987
83,50,898
83,51,841
83,52,1006
83,53,997
83,54,1036
83,55,998
83,56,993
83,57,902
83,58,827
83,59,992
83,60,991
83,61,1025
83,62,1064
83,63,1018
83,64,996
83,65,938
83,66,857
83,67,1000
83,68,993
83,69,990
83,70,1004
83,71,954
83,72,864
83,73,777
83,74,978
83,75,974
83,76,978
83,77,977
83,78,954
83,79,849
83,80,829
83,81,1012
83,82,978
83,83,971
83,84,975
83,85,964
83,86,850
83,87,782
83,88,971
83,89,1018
83,90,1022
84,1,844
84,2,1059
84,3,1048
84,4,1060
84,5,999
84,6,974
84,7,878
84,8,843
84,9,1010
84,10,1087
84,11,1054
84,12,1029
84,13,999
84,14,874
84,15,804
84,16,1010
84,17,1001
84,18,998
84,19,1017
84,20,1027
84,21,872
84,22,802
84,23,1057
84,24,1011
84,25,1009
84,26,1004
84,27,1008
84,28,872
84,29,834
84,30,1031
84,31,1025
84,32,1006
84,33,1002
84,34,1006
84,35,1011
84,36,873
84,37,811
84,38,997
84,39,1017
84,40,1016
84,41,1011
84,42,1006
84,43,876
84,44,799
84,45,1002
84,46,997
84,47,1044
84,48,997
84,49,981
84,50,925
84,51,850
84,52,1011
84,53,1000
84,54,1046
84,55,1001
84,56,990
84,57,918
84,58,848
84,59,1000
84,60,993
84,61,1021
84,62,1067
84,63,1013
84,64,988
84,65,954
84,66,856
84,67,994
84,68,986
84,69,987
84,70,1000
84,71,957
84,72,863
84,73,782
84,74,978
84,75,976
84,76,979
84,77,985
84,78,957
84,79,853
84,80,853
84,81,1024
84,82,979
84,83,971
84,84,978
84,85,962
84,86,849
84,87,794
84,88,969
84,89,1024
84,90,1019
85,1,835
85,2,1047
85,3,1033
85,4,1042
85,5,987
85,6,956
85,7,857
85,8,838
85,9,1001
85,10,1088
85,11,1039
85,12,1029
85,13,983
85,14,852
85,15,808
85,16,1012
85,17,998
85,18,994
85,19,1016
85,20,1010
85,21,855
85,22,803
85,23,1050
85,24,1003
85,25,997
85,26,996
85,27,1011
85,28,864
85,29,838
85,30,1028
85,31,1019
85,32,996
85,33,993
85,34,998
85,35,997
85,36,855
85,37,813
85,38,986
85,39,1000
85,40,1007
85,41,998
85,42,992
85,43,858
85,44,799
85,45,998
85,46,989
85,47,1050
85,48,989
85,49,974
85,50,910
85,51,846
85,52,1001
85,53,993
85,54,1046
85,55,992
85,56,976
85,57,914
85,58,856
85,59,991
85,60,985
85,61,1010
85,62,1063
85,63,998
85,64,973
85,65,946
85,66,852
85,67,983
85,68,974
85,69,977
85,70,988
85,71,945
85,72,851
85,73,777
85,74,974
85,75,970
85,76,972
85,77,975
85,78,947
85,79,848
85,80,866
85,81,1015
85,82,969
85,83,964
85,84,966
85,85,950
85,86,838
85,87,800
85,88,966
85,89,1017
85,90,1013
86,1,845
86,2,1036
86,3,1022
86,4,1021
86,5,972
86,6,952
86,7,835
86,8,800
86,9,989
86,10,1077
86,11,1039
86,12,1039
86,13,968
86,14,833
86,15,795
86,16,1012
86,17,997
86,18,984
86,19,1018
86,20,1000
86,21,836
86,22,795
86,23,1039
86,24,1002
86,25,986
86,26,999
86,27,1009
86,28,852
86,29,831
86,30,1027
86,31,1009
86,32,989
86,33,982
86,34,993
86,35,983
86,36,836
86,37,796
86,38,984
86,39,995
86,40,995
86,41,987
86,42,983
86,43,833
86,44,783
86,45,996
86,46,990
86,47,1059
86,48,987
86,49,964
86,50,885
86,51,824
86,52,990
86,53,989
86,54,1047
86,55,987
86,56,968
86,57,909
86,58,833
86,59,991
86,60,980
86,61,1004
86,62,1057
86,63,991
86,64,968
86,65,935
86,66,837
86,67,976
86,68,971
86,69,974
86,70,983
86,71,934
86,72,833
86,73,748
86,74,963
86,75,967
86,76,966
86,77,974
86,78,938
86,79,843
86,80,861
86,81,1008
86,82,972
86,83,962
86,84,956
86,85,942
86,86,816
86,87,789
86,88,963
86,89,1010
86,90,1003
87,1,841
87,2,1023
87,3,1001
87,4,997
87,5,963
87,6,928
87,7,815
87,8,758
87,9,971
87,10,1062
87,11,1026
87,12,1016
87,13,948
87,14,821
87,15,780
87,16,1007
87,17,993
87,18,972
87,19,1009
87,20,986
87,21,816
87,22,781
87,23,1031
87,24,988
87,25,974
87,26,986
87,27,1002
87,28,839
87,29,834
87,30,1018
87,31,994
87,32,980
87,33,974
87,34,988
87,35,967
87,36,816
87,37,783
87,38,972
87,39,984
87,40,985
87,41,976
87,42,964
87,43,812
87,44,766
87,45,987
87,46,982
87,47,1059
87,48,977
87,49,951
87,50,865
87,51,802
87,52,981
87,53,981
87,54,1036
87,55,981
87,56,954
87,57,897
87,58,816
87,59,975
87,60,970
87,61,991
87,62,1038
87,63,975
87,64,968
87,65,922
87,66,815
87,67,962
87,68,963
87,69,970
87,70,972
87,71,922
87,72,822
87,73,714
87,74,954
87,75,957
87,76,958
87,77,972
87,78,930
87,79,832
87,80,853
87,81,996
87,82,965
87,83,960
87,84,948
87,85,933
87,86,798
87,87,776
87,88,953
87,89,1005
87,90,1003
88,1,841
88,2,997
88,3,979
88,4,977
88,5,949
88,6,908
88,7,799
88,8,732
88,9,966
88,10,1050
88,11,1016
88,12,983
88,13,922
88,14,806
88,15,778
88,16,990
88,17,972
88,18,950
88,19,992
88,20,971
88,21,802
88,22,782
88,23,1017
88,24,975
88,25,954
88,26,974
88,27,982
88,28,834
88,29,839
88,30,1008
88,31,977
88,32,959
88,33,955
88,34,967
88,35,943
88,36,805
88,37,778
88,38,960
88,39,968
88,40,964
88,41,957
88,42,941
88,43,797
88,44,759
88,45,970
88,46,961
88,47,1046
88,48,957
88,49,925
88,50,862
88,51,791
88,52,973
88,53,966
88,54,1030
88,55,966
88,56,933
88,57,888
88,58,790
88,59,957
88,60,954
88,61,977
88,62,1017
88,63,958
88,64,961
88,65,912
88,66,800
88,67,946
88,68,945
88,69,946
88,70,953
88,71,898
88,72,813
88,73,696
88,74,932
88,75,938
88,76,942
88,77,957
88,78,898
88,79,827
88,80,848
88,81,973
88,82,946
88,83,935
88,84,931
88,85,911
88,86,782
88,87,763
88,88,933
88,89,999
88,90,988
89,1,869
89,2,994
89,3,972
89,4,970
89,5,949
89,6,898
89,7,798
89,8,734
89,9,961
89,10,1057
89,11,1015
89,12,963
89,13,902
89,14,806
89,15,786
89,16,976
89,17,967
89,18,940
89,19,980
89,20,956
89,21,802
89,22,813
89,23,1027
89,24,961
89,25,944
89,26,962
89,27,959
89,28,839
89,29,853
89,30,1008
89,31,973
89,32,947
89,33,947
89,34,961
89,35,928
89,36,805
89,37,785
89,38,963
89,39,965
89,40,957
89,41,948
89,42,925
89,43,796
89,44,766
89,45,952
89,46,949
89,47,1024
89,48,943
89,49,908
89,50,865
89,51,794
89,52,979
89,53,948
89,54,1035
89,55,962
89,56,919
89,57,895
89,58,798
89,59,952
89,60,948
89,61,986
89,62,1026
89,63,950
89,64,962
89,65,907
89,66,802
89,67,933
89,68,938
89,69,942
89,70,943
89,71,893
89,72,813
89,73,689
89,74,920
89,75,929
89,76,931
89,77,939
89,78,884
89,79,840
89,80,869
89,81,970
89,82,937
89,83,926
89,84,924
89,85,892
89,86,784
89,87,772
89,88,928
89,89,1009
89,90,990
90,1,902
90,2,996
90,3,966
90,4,966
90,5,963
90,6,884
90,7,809
90,8,732
90,9,968
90,10,1071
90,11,1021
90,12,938
90,13,886
90,14,814
90,15,804
90,16,954
90,17,949
90,18,932
90,19,967
90,20,937
90,21,803
90,22,844
90,23,1037
90,24,957
90,25,932
90,26,941
90,27,930
90,28,820
90,29,875
90,30,992
90,31,970
90,32,938
90,33,942
90,34,958
90,35,911
90,36,808
90,37,802
90,38,966
90,39,984
90,40,954
90,41,941
90,42,904
90,43,799
90,44,782
90,45,932
90,46,931
90,47,996
90,48,925
90,49,895
90,50,869
90,51,806
90,52,982
90,53,937
90,54,1033
90,55,942
90,56,900
90,57,908
90,58,810
90,59,947
90,60,944
90,61,984
90,62,1038
90,63,948
90,64,973
90,65,911
90,66,814
90,67,936
90,68,933
90,69,935
90,70,945
90,71,884
90,72,822
90,73,690
90,74,919
90,75,926
90,76,913
90,77,915
90,78,868
90,79,858
90,80,892
90,81,971
90,82,939
90,83,916
90,84,912
90,85,875
90,86,791
90,87,781
90,88,928
90,89,1006
90,90,998
91,1,923
91,2,1009
91,3,973
91,4,981
91,5,980
91,6,885
91,7,822
91,8,774
91,9,985
91,10,1075
91,11,1025
91,12,940
91,13,883
91,14,827
91,15,831
91,16,956
91,17,931
91,18,930
91,19,967
91,20,939
91,21,804
91,22,865
91,23,1049
91,24,947
91,25,920
91,26,932
91,27,910
91,28,834
91,29,886
91,30,990
91,31,985
91,32,949
91,33,942
91,34,966
91,35,914
91,36,814
91,37,817
91,38,986
91,39,1002
91,40,950
91,41,946
91,42,899
91,43,808
91,44,787
91,45,923
91,46,925
91,47,984
91,48,912
91,49,910
91,50,874
91,51,812
91,52,976
91,53,929
91,54,1028
91,55,933
91,56,888
91,57,911
91,58,814
91,59,935
91,60,941
91,61,988
91,62,1045
91,63,953
91,64,968
91,65,915
91,66,833
91,67,934
91,68,932
91,69,946
91,70,942
91,71,909
91,72,816
91,73,707
91,74,930
91,75,922
91,76,909
91,77,898
91,78,862
91,79,877
91,80,913
91,81,976
91,82,961
91,83,912
91,84,906
91,85,862
91,86,791
91,87,799
91,88,941
91,89,1004
91,90,1005
92,1,982
92,2,1078
92,3,1044
92,4,1032
92,5,1023
92,6,925
92,7,881
92,8,846
92,9,1026
92,10,1075
92,11,1035
92,12,985
92,13,929
92,14,871
92,15,885
92,16,1008
92,17,973
92,18,972
92,19,1002
92,20,960
92,21,841
92,22,901
92,23,1053
92,24,969
92,25,950
92,26,951
92,27,918
92,28,858
92,29,915
92,30,1013
92,31,1051
92,32,1018
92,33,1006
92,34,1031
92,35,955
92,36,866
92,37,886
92,38,1038
92,39,1044
92,40,1006
92,41,997
92,42,944
92,43,854
92,44,844
92,45,958
92,46,960
92,47,1009
92,48,945
92,49,948
92,50,899
92,51,857
92,52,1002
92,53,964
92,54,1033
92,55,972
92,56,906
92,57,921
92,58,852
92,59,969
92,60,962
92,61,1052
92,62,1077
92,63,1018
92,64,983
92,65,950
92,66,902
92,67,996
92,68,988
92,69,1000
92,70,979
92,71,936
92,72,858
92,73,771
92,74,989
92,75,958
92,76,937
92,77,931
92,78,897
92,79,900
92,80,939
92,81,1014
92,82,1016
92,83,945
92,84,932
92,85,886
92,86,818
92,87,833
92,88,958
92,89,1021
92,90,1017
93,1,977
93,2,1107
93,3,1068
93,4,1054
93,5,1017
93,6,957
93,7,911
93,8,883
93,9,1023
93,10,1049
93,11,1021
93,12,1021
93,13,976
93,14,902
93,15,923
93,16,1032
93,17,1016
93,18,1019
93,19,1027
93,20,980
93,21,885
93,22,933
93,23,1038
93,24,1011
93,25,1013
93,26,1003
93,27,970
93,28,911
93,29,926
93,30,1027
93,31,1063
93,32,1035
93,33,1033
93,34,1036
93,35,977
93,36,895
93,37,932
93,38,1049
93,39,1054
93,40,1041
93,41,1030
93,42,983
93,43,896
93,44,888
93,45,998
93,46,999
93,47,1041
93,48,985
93,49,954
93,50,906
93,51,917
93,52,1034
93,53,1018
93,54,1031
93,55,1008
93,56,955
93,57,920
93,58,913
93,59,1021
93,60,1011
93,61,1054
93,62,1072
93,63,1034
93,64,974
93,65,947
93,66,948
93,67,1022
93,68,1012
93,69,1006
93,70,990
93,71,937
93,72,902
93,73,834
93,74,983
93,75,968
93,76,980
93,77,969
93,78,933
93,79,899
93,80,930
93,81,1012
93,82,1002
93,83,996
93,84,982
93,85,938
93,86,872
93,87,900
93,88,994
93,89,1021
93,90,1017
94,1,918
94,2,1055
94,3,1007
94,4,999
94,5,958
94,6,913
94,7,878
94,8,839
94,9,958
94,10,976
94,11,961
94,12,974
94,13,931
94,14,860
94,15,864
94,16,959
94,17,950
94,18,958
94,19,968
94,20,933
94,21,855
94,22,871
94,23,965
94,24,953
94,25,954
94,26,953
94,27,930
94,28,874
94,29,864
94,30,952
94,31,999
94,32,970
94,33,966
94,34,971
94,35,931
94,36,861
94,37,870
94,38,972
94,39,984
94,40,981
94,41,974
94,42,938
94,43,860
94,44,840
94,45,937
94,46,940
94,47,976
94,48,935
94,49,902
94,50,860
94,51,871
94,52,967
94,53,958
94,54,966
94,55,953
94,56,912
94,57,885
94,58,873
94,59,962
94,60,955
94,61,991
94,62,1007
94,63,980
94,64,928
94,65,904
94,66,887
94,67,957
94,68,952
94,69,947
94,70,936
94,71,892
94,72,863
94,73,790
94,74,922
94,75,913
94,76,927
94,77,915
94,78,892
94,79,856
94,80,860
94,81,945
94,82,931
94,83,942
94,84,930
94,85,902
94,86,839
94,87,845
94,88,936
94,89,958
94,90,950
95,1,840
95,2,952
95,3,903
95,4,891
95,5,865
95,6,835
95,7,815
95,8,775
95,9,860
95,10,873
95,11,845
95,12,881
95,13,856
95,14,794
95,15,778
95,16,849
95,17,837
95,18,850
95,19,857
95,20,849
95,21,789
95,22,789
95,23,857
95,24,848
95,25,855
95,26,852
95,27,852
95,28,798
95,29,781
95,30,855
95,31,898
95,32,869
95,33,861
95,34,861
95,35,850
95,36,797
95,37,781
95,38,868
95,39,878
95,40,877
95,41,870
95,42,855
95,43,794
95,44,765
95,45,833
95,46,843
95,47,872
95,48,839
95,49,825
95,50,792
95,51,784
95,52,861
95,53,844
95,54,855
95,55,853
95,56,838
95,57,805
95,58,792
95,59,850
95,60,850
95,61,879
95,62,901
95,63,872
95,64,843
95,65,843
95,66,811
95,67,851
95,68,843
95,69,841
95,70,839
95,71,810
95,72,793
95,73,731
95,74,823
95,75,822
95,76,833
95,77,821
95,78,820
95,79,791
95,80,779
95,81,839
95,82,822
95,83,842
95,84,824
95,85,821
95,86,779
95,87,767
95,88,832
95,89,848
95,90,849
96,1,761
96,2,845
96,3,800
96,4,789
96,5,766
96,6,748
96,7,734
96,8,702
96,9,769
96,10,779
96,11,751
96,12,793
96,13,768
96,14,720
96,15,696
96,16,740
96,17,733
96,18,744
96,19,753
96,20,757
96,21,716
96,22,711
96,23,758
96,24,744
96,25,753
96,26,748
96,27,748
96,28,716
96,29,698
96,30,748
96,31,795
96,32,756
96,33,758
96,34,753
96,35,760
96,36,728
96,37,701
96,38,768
96,39,776
96,40,768
96,41,767
96,42,774
96,43,723
96,44,693
96,45,737
96,46,740
96,47,768
96,48,742
96,49,733
96,50,714
96,51,697
96,52,752
96,53,746
96,54,755
96,55,748
96,56,742
96,57,728
96,58,698
96,59,747
96,60,738
96,61,788
96,62,803
96,63,776
96,64,756
96,65,769
96,66,730
96,67,753
96,68,741
96,69,737
96,70,738
96,71,720
96,72,707
96,73,662
96,74,729
96,75,728
96,76,732
96,77,726
96,78,735
96,79,719
96,80,702
96,81,741
96,82,728
96,83,742
96,84,732
96,85,734
96,86,712
96,87,684
96,88,734
96,89,749
96,90,741
