Hours,Scenarios,SEMASS
1,1,2908
1,2,2938
1,3,3005
1,4,2872
1,5,3015
1,6,3269
1,7,2983
1,8,2887
1,9,2823
1,10,2742
1,11,2741
1,12,2654
1,13,2883
1,14,2877
1,15,2846
1,16,2945
1,17,2825
1,18,2639
1,19,2564
1,20,2799
1,21,2659
1,22,2720
1,23,2760
1,24,2753
1,25,2614
1,26,2681
1,27,2764
1,28,2704
1,29,2772
1,30,2693
1,31,2922
1,32,2913
1,33,2787
1,34,2887
1,35,3009
1,36,2790
1,37,2712
1,38,2714
1,39,2766
1,40,2698
1,41,2589
1,42,2828
1,43,2808
1,44,2830
1,45,2767
1,46,2848
1,47,2696
1,48,2575
1,49,2696
1,50,2690
1,51,2831
1,52,2690
1,53,2720
1,54,2670
1,55,2632
1,56,2808
1,57,2696
1,58,2768
1,59,2784
1,60,2735
1,61,2674
1,62,2606
1,63,2627
1,64,2856
1,65,2962
1,66,3023
1,67,2973
1,68,2847
1,69,2990
1,70,2722
1,71,2762
1,72,2697
1,73,2687
1,74,2643
1,75,2581
1,76,2571
1,77,2442
1,78,2649
1,79,2598
1,80,2640
1,81,2612
1,82,2670
1,83,2735
1,84,2654
1,85,2722
1,86,2672
1,87,2717
1,88,2656
1,89,2671
1,90,2590
2,1,2796
2,2,2803
2,3,2846
2,4,2451
2,5,2885
2,6,3106
2,7,2838
2,8,2761
2,9,2685
2,10,2595
2,11,2569
2,12,2555
2,13,2756
2,14,2722
2,15,2702
2,16,2767
2,17,2680
2,18,2451
2,19,2448
2,20,2610
2,21,2514
2,22,2590
2,23,2575
2,24,2597
2,25,2461
2,26,2542
2,27,2634
2,28,2560
2,29,2635
2,30,2551
2,31,2793
2,32,2765
2,33,2565
2,34,2767
2,35,2862
2,36,2657
2,37,2571
2,38,2568
2,39,2621
2,40,2579
2,41,2469
2,42,2711
2,43,2686
2,44,2708
2,45,2646
2,46,2723
2,47,2565
2,48,2456
2,49,2565
2,50,2542
2,51,2673
2,52,2547
2,53,2569
2,54,2513
2,55,2516
2,56,2684
2,57,2556
2,58,2627
2,59,2656
2,60,2583
2,61,2523
2,62,2505
2,63,2505
2,64,2710
2,65,2838
2,66,2889
2,67,2855
2,68,2672
2,69,2838
2,70,2622
2,71,2642
2,72,2573
2,73,2540
2,74,2484
2,75,2428
2,76,2392
2,77,2339
2,78,2520
2,79,2460
2,80,2492
2,81,2464
2,82,2505
2,83,2585
2,84,2542
2,85,2586
2,86,2547
2,87,2590
2,88,2521
2,89,2526
2,90,2450
3,1,2749
3,2,2736
3,3,2764
3,4,2698
3,5,2843
3,6,3028
3,7,2772
3,8,2703
3,9,2611
3,10,2529
3,11,2486
3,12,2514
3,13,2701
3,14,2629
3,15,2637
3,16,2705
3,17,2592
3,18,2364
3,19,2395
3,20,2526
3,21,2443
3,22,2499
3,23,2504
3,24,2510
3,25,2378
3,26,2487
3,27,2528
3,28,2497
3,29,2562
3,30,2489
3,31,2738
3,32,2696
3,33,2628
3,34,2710
3,35,2793
3,36,2599
3,37,2506
3,38,2490
3,39,2544
3,40,2514
3,41,2417
3,42,2661
3,43,2629
3,44,2654
3,45,2594
3,46,2658
3,47,2518
3,48,2401
3,49,2491
3,50,2468
3,51,2586
3,52,2485
3,53,2490
3,54,2419
3,55,2462
3,56,2628
3,57,2505
3,58,2551
3,59,2599
3,60,2491
3,61,2445
3,62,2461
3,63,2456
3,64,2624
3,65,2781
3,66,2832
3,67,2796
3,68,2578
3,69,2751
3,70,2586
3,71,2586
3,72,2520
3,73,2460
3,74,2394
3,75,2345
3,76,2294
3,77,2284
3,78,2450
3,79,2388
3,80,2408
3,81,2393
3,82,2432
3,83,2503
3,84,2490
3,85,2527
3,86,2487
3,87,2532
3,88,2441
3,89,2472
3,90,2382
4,1,2722
4,2,2722
4,3,2725
4,4,2618
4,5,2845
4,6,3011
4,7,2759
4,8,2705
4,9,2594
4,10,2506
4,11,2453
4,12,2518
4,13,2692
4,14,2600
4,15,2623
4,16,2704
4,17,2558
4,18,2317
4,19,2385
4,20,2494
4,21,2417
4,22,2472
4,23,2453
4,24,2472
4,25,2349
4,26,2460
4,27,2506
4,28,2501
4,29,2540
4,30,2449
4,31,2720
4,32,2673
4,33,2554
4,34,2695
4,35,2780
4,36,2583
4,37,2488
4,38,2461
4,39,2511
4,40,2488
4,41,2412
4,42,2655
4,43,2616
4,44,2644
4,45,2585
4,46,2641
4,47,2495
4,48,2396
4,49,2478
4,50,2438
4,51,2527
4,52,2461
4,53,2446
4,54,2372
4,55,2441
4,56,2615
4,57,2479
4,58,2531
4,59,2585
4,60,2453
4,61,2405
4,62,2388
4,63,2458
4,64,2599
4,65,2766
4,66,2824
4,67,2793
4,68,2536
4,69,2716
4,70,2597
4,71,2577
4,72,2509
4,73,2440
4,74,2343
4,75,2302
4,76,2245
4,77,2280
4,78,2422
4,79,2373
4,80,2384
4,81,2366
4,82,2389
4,83,2456
4,84,2464
4,85,2515
4,86,2481
4,87,2523
4,88,2427
4,89,2435
4,90,2351
5,1,2780
5,2,2789
5,3,2752
5,4,2581
5,5,2931
5,6,3092
5,7,2818
5,8,2787
5,9,2612
5,10,2536
5,11,2463
5,12,2605
5,13,2756
5,14,2656
5,15,2683
5,16,2788
5,17,2574
5,18,2312
5,19,2451
5,20,2527
5,21,2474
5,22,2521
5,23,2466
5,24,2457
5,25,2348
5,26,2539
5,27,2572
5,28,2554
5,29,2606
5,30,2485
5,31,2785
5,32,2698
5,33,2532
5,34,2762
5,35,2850
5,36,2654
5,37,2553
5,38,2516
5,39,2529
5,40,2502
5,41,2487
5,42,2740
5,43,2692
5,44,2710
5,45,2667
5,46,2675
5,47,2510
5,48,2458
5,49,2527
5,50,2491
5,51,2558
5,52,2520
5,53,2452
5,54,2361
5,55,2521
5,56,2676
5,57,2537
5,58,2591
5,59,2656
5,60,2461
5,61,2419
5,62,2363
5,63,2544
5,64,2640
5,65,2829
5,66,2887
5,67,2867
5,68,2534
5,69,2721
5,70,2696
5,71,2667
5,72,2581
5,73,2490
5,74,2375
5,75,2308
5,76,2241
5,77,2369
5,78,2476
5,79,2427
5,80,2433
5,81,2422
5,82,2402
5,83,2453
5,84,2544
5,85,2581
5,86,2554
5,87,2595
5,88,2482
5,89,2462
5,90,2362
6,1,3086
6,2,3083
6,3,2845
6,4,2608
6,5,3227
6,6,3353
6,7,3076
6,8,3087
6,9,2788
6,10,2626
6,11,2530
6,12,2899
6,13,3023
6,14,2926
6,15,2965
6,16,3085
6,17,2672
6,18,2320
6,19,2706
6,20,2700
6,21,2713
6,22,2742
6,23,2708
6,24,2547
6,25,2417
6,26,2831
6,27,2827
6,28,2833
6,29,2877
6,30,2736
6,31,3056
6,32,2804
6,33,2560
6,34,3051
6,35,3138
6,36,2950
6,37,2837
6,38,2776
6,39,2639
6,40,2570
6,41,2787
6,42,3048
6,43,3001
6,44,3007
6,45,2968
6,46,2791
6,47,2580
6,48,2721
6,49,2774
6,50,2727
6,51,2746
6,52,2761
6,53,2535
6,54,2409
6,55,2821
6,56,2952
6,57,2825
6,58,2876
6,59,2932
6,60,2556
6,61,2495
6,62,2395
6,63,2833
6,64,2919
6,65,3116
6,66,3183
6,67,3165
6,68,2623
6,69,2785
6,70,3016
6,71,2983
6,72,2876
6,73,2761
6,74,2530
6,75,2375
6,76,2291
6,77,2628
6,78,2722
6,79,2670
6,80,2650
6,81,2637
6,82,2492
6,83,2508
6,84,2828
6,85,2857
6,86,2846
6,87,2885
6,88,2761
6,89,2551
6,90,2411
7,1,3639
7,2,3600
7,3,3008
7,4,2689
7,5,3803
7,6,3894
7,7,3659
7,8,3639
7,9,3050
7,10,2792
7,11,2628
7,12,3446
7,13,3601
7,14,3470
7,15,3529
7,16,3597
7,17,2849
7,18,2411
7,19,3121
7,20,3074
7,21,3089
7,22,3132
7,23,3067
7,24,2698
7,25,2463
7,26,3413
7,27,3346
7,28,3354
7,29,3357
7,30,3210
7,31,3585
7,32,2997
7,33,2655
7,34,3610
7,35,3673
7,36,3494
7,37,3388
7,38,3321
7,39,2801
7,40,2657
7,41,3318
7,42,3598
7,43,3555
7,44,3511
7,45,3485
7,46,2943
7,47,2664
7,48,3106
7,49,3164
7,50,3087
7,51,3085
7,52,3123
7,53,2681
7,54,2489
7,55,3324
7,56,3444
7,57,3355
7,58,3366
7,59,3423
7,60,2712
7,61,2666
7,62,2454
7,63,3403
7,64,3479
7,65,3689
7,66,3721
7,67,3683
7,68,2818
7,69,2889
7,70,3558
7,71,3516
7,72,3402
7,73,3299
7,74,2766
7,75,2514
7,76,2348
7,77,3025
7,78,3117
7,79,3059
7,80,3018
7,81,2989
7,82,2639
7,83,2611
7,84,3366
7,85,3345
7,86,3369
7,87,3386
7,88,3239
7,89,2705
7,90,2488
8,1,4076
8,2,4035
8,3,3332
8,4,2793
8,5,4204
8,6,4247
8,7,4051
8,8,4003
8,9,3325
8,10,3030
8,11,2852
8,12,3866
8,13,4038
8,14,3921
8,15,3988
8,16,3895
8,17,3089
8,18,2593
8,19,3540
8,20,3518
8,21,3537
8,22,3561
8,23,3530
8,24,2934
8,25,2671
8,26,3853
8,27,3765
8,28,3762
8,29,3757
8,30,3650
8,31,3993
8,32,3336
8,33,2774
8,34,4000
8,35,4026
8,36,3880
8,37,3774
8,38,3740
8,39,3063
8,40,2847
8,41,3727
8,42,3959
8,43,3910
8,44,3889
8,45,3861
8,46,3201
8,47,2849
8,48,3516
8,49,3558
8,50,3498
8,51,3470
8,52,3513
8,53,2945
8,54,2679
8,55,3726
8,56,3811
8,57,3786
8,58,3752
8,59,3799
8,60,3008
8,61,2976
8,62,2586
8,63,3789
8,64,3882
8,65,4082
8,66,4060
8,67,4024
8,68,3088
8,69,3078
8,70,3921
8,71,3878
8,72,3768
8,73,3691
8,74,3067
8,75,2764
8,76,2573
8,77,3408
8,78,3479
8,79,3427
8,80,3427
8,81,3382
8,82,2924
8,83,2796
8,84,3780
8,85,3716
8,86,3727
8,87,3735
8,88,3629
8,89,2989
8,90,2695
9,1,4232
9,2,4167
9,3,3658
9,4,3009
9,5,4314
9,6,4301
9,7,4161
9,8,4056
9,9,3535
9,10,3318
9,11,3181
9,12,3965
9,13,4175
9,14,4058
9,15,4145
9,16,4030
9,17,3351
9,18,2884
9,19,3779
9,20,3743
9,21,3760
9,22,3781
9,23,3810
9,24,3202
9,25,2887
9,26,4016
9,27,3881
9,28,3891
9,29,3873
9,30,3817
9,31,4110
9,32,3700
9,33,3008
9,34,4099
9,35,4065
9,36,3946
9,37,3888
9,38,3883
9,39,3351
9,40,3094
9,41,3834
9,42,4020
9,43,3962
9,44,3933
9,45,3945
9,46,3450
9,47,3066
9,48,3737
9,49,3744
9,50,3738
9,51,3670
9,52,3722
9,53,3276
9,54,2983
9,55,3877
9,56,3883
9,57,3957
9,58,3879
9,59,3897
9,60,3374
9,61,3313
9,62,2841
9,63,3879
9,64,4004
9,65,4181
9,66,4106
9,67,4071
9,68,3439
9,69,3307
9,70,3976
9,71,3921
9,72,3841
9,73,3823
9,74,3332
9,75,3094
9,76,2852
9,77,3642
9,78,3653
9,79,3657
9,80,3659
9,81,3612
9,82,3243
9,83,3095
9,84,3923
9,85,3817
9,86,3816
9,87,3826
9,88,3758
9,89,3258
9,90,2946
10,1,4273
10,2,4198
10,3,3883
10,4,3228
10,5,4355
10,6,4286
10,7,4188
10,8,4040
10,9,3663
10,10,3490
10,11,3395
10,12,4009
10,13,4214
10,14,4107
10,15,4210
10,16,4042
10,17,3502
10,18,3103
10,19,3873
10,20,3856
10,21,3885
10,22,3903
10,23,3955
10,24,3416
10,25,3092
10,26,4098
10,27,3915
10,28,3926
10,29,3924
10,30,3906
10,31,4136
10,32,3975
10,33,3288
10,34,4111
10,35,4061
10,36,3950
10,37,3931
10,38,3943
10,39,3532
10,40,3264
10,41,3873
10,42,4012
10,43,3966
10,44,3952
10,45,3956
10,46,3575
10,47,3266
10,48,3877
10,49,3852
10,50,3903
10,51,3798
10,52,3821
10,53,3550
10,54,3216
10,55,3963
10,56,3919
10,57,4036
10,58,3910
10,59,3935
10,60,3608
10,61,3491
10,62,3075
10,63,3905
10,64,4050
10,65,4185
10,66,4090
10,67,4059
10,68,3719
10,69,3472
10,70,3975
10,71,3913
10,72,3870
10,73,3876
10,74,3510
10,75,3336
10,76,3046
10,77,3781
10,78,3755
10,79,3749
10,80,3806
10,81,3738
10,82,3485
10,83,3382
10,84,3993
10,85,3845
10,86,3844
10,87,3868
10,88,3802
10,89,3406
10,90,3136
11,1,4254
11,2,4219
11,3,3941
11,4,3392
11,5,4391
11,6,4278
11,7,4187
11,8,4001
11,9,3693
11,10,3533
11,11,3473
11,12,4019
11,13,4262
11,14,4100
11,15,4253
11,16,4041
11,17,3540
11,18,3208
11,19,3955
11,20,3924
11,21,3952
11,22,3969
11,23,4035
11,24,3492
11,25,3218
11,26,4154
11,27,3963
11,28,3950
11,29,3962
11,30,4002
11,31,4145
11,32,4110
11,33,3469
11,34,4136
11,35,4054
11,36,3972
11,37,3964
11,38,3959
11,39,3567
11,40,3329
11,41,3933
11,42,4012
11,43,3986
11,44,3945
11,45,3967
11,46,3578
11,47,3315
11,48,3956
11,49,3931
11,50,4037
11,51,3874
11,52,3879
11,53,3701
11,54,3346
11,55,4019
11,56,3946
11,57,4103
11,58,3963
11,59,3955
11,60,3716
11,61,3544
11,62,3211
11,63,3952
11,64,4100
11,65,4175
11,66,4083
11,67,4056
11,68,3850
11,69,3510
11,70,3971
11,71,3934
11,72,3898
11,73,3962
11,74,3613
11,75,3425
11,76,3114
11,77,3847
11,78,3829
11,79,3822
11,80,3894
11,81,3798
11,82,3615
11,83,3573
11,84,4051
11,85,3891
11,86,3878
11,87,3909
11,88,3846
11,89,3449
11,90,3217
12,1,4247
12,2,4198
12,3,3909
12,4,3475
12,5,4371
12,6,4223
12,7,4142
12,8,3999
12,9,3664
12,10,3487
12,11,3488
12,12,4021
12,13,4265
12,14,4159
12,15,4200
12,16,3994
12,17,3497
12,18,3251
12,19,3978
12,20,3942
12,21,3952
12,22,3991
12,23,4034
12,24,3462
12,25,3237
12,26,4164
12,27,3973
12,28,3932
12,29,3963
12,30,4040
12,31,4104
12,32,4135
12,33,3593
12,34,4131
12,35,4018
12,36,3958
12,37,3966
12,38,3944
12,39,3536
12,40,3350
12,41,3905
12,42,3985
12,43,3961
12,44,3936
12,45,3942
12,46,3519
12,47,3338
12,48,3989
12,49,3961
12,50,4125
12,51,3859
12,52,3871
12,53,3742
12,54,3386
12,55,4027
12,56,3951
12,57,4109
12,58,3956
12,59,3929
12,60,3757
12,61,3528
12,62,3274
12,63,3978
12,64,4099
12,65,4155
12,66,4045
12,67,4019
12,68,3895
12,69,3509
12,70,3961
12,71,3915
12,72,3898
12,73,3968
12,74,3613
12,75,3420
12,76,3133
12,77,3863
12,78,3839
12,79,3848
12,80,3928
12,81,3810
12,82,3652
12,83,3680
12,84,4047
12,85,3908
12,86,3862
12,87,3921
12,88,3838
12,89,3411
12,90,3244
13,1,4212
13,2,4135
13,3,3784
13,4,3516
13,5,4308
13,6,4148
13,7,4033
13,8,3900
13,9,3605
13,10,3409
13,11,3443
13,12,3939
13,13,4230
13,14,4099
13,15,4082
13,16,3917
13,17,3417
13,18,3240
13,19,3983
13,20,3922
13,21,3890
13,22,3989
13,23,3989
13,24,3386
13,25,3221
13,26,4127
13,27,3947
13,28,3899
13,29,3948
13,30,4032
13,31,4008
13,32,4076
13,33,3661
13,34,4103
13,35,3963
13,36,3905
13,37,3938
13,38,3889
13,39,3457
13,40,3318
13,41,3869
13,42,3922
13,43,3907
13,44,3883
13,45,3873
13,46,3422
13,47,3306
13,48,3974
13,49,3935
13,50,4144
13,51,3873
13,52,3834
13,53,3739
13,54,3369
13,55,3988
13,56,3928
13,57,4083
13,58,3926
13,59,3886
13,60,3758
13,61,3470
13,62,3274
13,63,3986
13,64,4060
13,65,4107
13,66,4002
13,67,3984
13,68,3865
13,69,3461
13,70,3922
13,71,3892
13,72,3867
13,73,3919
13,74,3579
13,75,3384
13,76,3106
13,77,3828
13,78,3826
13,79,3847
13,80,3927
13,81,3779
13,82,3629
13,83,3707
13,84,4001
13,85,3890
13,86,3831
13,87,3900
13,88,3803
13,89,3346
13,90,3230
14,1,4203
14,2,4112
14,3,3652
14,4,3534
14,5,4250
14,6,4101
14,7,3983
14,8,3909
14,9,3550
14,10,3320
14,11,3291
14,12,3885
14,13,4221
14,14,4105
14,15,4027
14,16,3883
14,17,3338
14,18,3201
14,19,4009
14,20,3935
14,21,3876
14,22,4013
14,23,3958
14,24,3304
14,25,3194
14,26,4111
14,27,3951
14,28,3882
14,29,3956
14,30,4053
14,31,3997
14,32,3989
14,33,3657
14,34,4056
14,35,3962
14,36,3896
14,37,3939
14,38,3878
14,39,3373
14,40,3259
14,41,3853
14,42,3896
14,43,3882
14,44,3874
14,45,3836
14,46,3323
14,47,3248
14,48,3983
14,49,3977
14,50,4194
14,51,3875
14,52,3817
14,53,3688
14,54,3304
14,55,3932
14,56,3914
14,57,4074
14,58,3930
14,59,3874
14,60,3677
14,61,3427
14,62,3228
14,63,4000
14,64,4058
14,65,4070
14,66,3979
14,67,4009
14,68,3838
14,69,3374
14,70,3883
14,71,3866
14,72,3872
14,73,3917
14,74,3541
14,75,3337
14,76,3005
14,77,3804
14,78,3832
14,79,3861
14,80,3964
14,81,3774
14,82,3592
14,83,3681
14,84,3968
14,85,3894
14,86,3823
14,87,3907
14,88,3801
14,89,3270
14,90,3191
15,1,4165
15,2,4056
15,3,3603
15,4,3535
15,5,4164
15,6,4015
15,7,3917
15,8,3806
15,9,3502
15,10,3232
15,11,3157
15,12,3922
15,13,4203
15,14,4033
15,15,3936
15,16,3797
15,17,3262
15,18,3151
15,19,3998
15,20,3898
15,21,3829
15,22,4013
15,23,3894
15,24,3229
15,25,3183
15,26,4065
15,27,3909
15,28,3827
15,29,3931
15,30,4011
15,31,3905
15,32,3901
15,33,3613
15,34,3993
15,35,3883
15,36,3861
15,37,3894
15,38,3822
15,39,3274
15,40,3201
15,41,3808
15,42,3845
15,43,3816
15,44,3823
15,45,3771
15,46,3238
15,47,3184
15,48,3946
15,49,3965
15,50,4175
15,51,3831
15,52,3763
15,53,3618
15,54,3231
15,55,3886
15,56,3866
15,57,4030
15,58,3881
15,59,3826
15,60,3606
15,61,3434
15,62,3170
15,63,3985
15,64,4014
15,65,3992
15,66,3913
15,67,4002
15,68,3762
15,69,3269
15,70,3828
15,71,3823
15,72,3817
15,73,3887
15,74,3507
15,75,3286
15,76,2872
15,77,3752
15,78,3802
15,79,3840
15,80,3946
15,81,3731
15,82,3525
15,83,3628
15,84,3896
15,85,3876
15,86,3776
15,87,3880
15,88,3762
15,89,3198
15,90,3138
16,1,4161
16,2,4035
16,3,3526
16,4,3522
16,5,4083
16,6,3928
16,7,3833
16,8,3774
16,9,3433
16,10,3189
16,11,3038
16,12,3828
16,13,4239
16,14,4000
16,15,3856
16,16,3720
16,17,3216
16,18,3111
16,19,3959
16,20,3852
16,21,3758
16,22,3983
16,23,3813
16,24,3174
16,25,3209
16,26,4056
16,27,3876
16,28,3776
16,29,3885
16,30,3938
16,31,3835
16,32,3837
16,33,3597
16,34,3948
16,35,3822
16,36,3823
16,37,3849
16,38,3745
16,39,3219
16,40,3172
16,41,3775
16,42,3789
16,43,3762
16,44,3771
16,45,3696
16,46,3189
16,47,3138
16,48,3898
16,49,3929
16,50,4136
16,51,3776
16,52,3685
16,53,3563
16,54,3194
16,55,3859
16,56,3828
16,57,4003
16,58,3830
16,59,3761
16,60,3583
16,61,3431
16,62,3135
16,63,3969
16,64,3977
16,65,3924
16,66,3874
16,67,3970
16,68,3708
16,69,3211
16,70,3779
16,71,3780
16,72,3773
16,73,3822
16,74,3467
16,75,3255
16,76,2821
16,77,3685
16,78,3754
16,79,3787
16,80,3910
16,81,3655
16,82,3487
16,83,3598
16,84,3848
16,85,3828
16,86,3730
16,87,3833
16,88,3707
16,89,3156
16,90,3116
17,1,4232
17,2,4050
17,3,3608
17,4,3590
17,5,4082
17,6,3904
17,7,3830
17,8,3803
17,9,3413
17,10,3196
17,11,2994
17,12,3884
17,13,4362
17,14,4025
17,15,3814
17,16,3657
17,17,3208
17,18,3106
17,19,3910
17,20,3831
17,21,3724
17,22,3941
17,23,3759
17,24,3158
17,25,3279
17,26,4086
17,27,3847
17,28,3759
17,29,3856
17,30,3860
17,31,3813
17,32,3857
17,33,3655
17,34,4003
17,35,3787
17,36,3792
17,37,3838
17,38,3693
17,39,3215
17,40,3190
17,41,3765
17,42,3781
17,43,3759
17,44,3745
17,45,3657
17,46,3166
17,47,3145
17,48,3854
17,49,3898
17,50,4081
17,51,3745
17,52,3648
17,53,3582
17,54,3214
17,55,3865
17,56,3795
17,57,4020
17,58,3811
17,59,3707
17,60,3605
17,61,3426
17,62,3150
17,63,4020
17,64,3954
17,65,3921
17,66,3862
17,67,4000
17,68,3689
17,69,3224
17,70,3758
17,71,3743
17,72,3739
17,73,3786
17,74,3498
17,75,3259
17,76,2792
17,77,3655
17,78,3726
17,79,3733
17,80,3858
17,81,3593
17,82,3521
17,83,3622
17,84,3824
17,85,3815
17,86,3712
17,87,3793
17,88,3657
17,89,3152
17,90,3138
18,1,4356
18,2,4147
18,3,3730
18,4,3704
18,5,4121
18,6,3923
18,7,3853
18,8,3870
18,9,3441
18,10,3239
18,11,3054
18,12,4004
18,13,4415
18,14,4117
18,15,3799
18,16,3613
18,17,3247
18,18,3191
18,19,3881
18,20,3791
18,21,3678
18,22,3899
18,23,3748
18,24,3188
18,25,3412
18,26,4155
18,27,3834
18,28,3748
18,29,3810
18,30,3771
18,31,3868
18,32,3958
18,33,3766
18,34,4097
18,35,3781
18,36,3772
18,37,3858
18,38,3659
18,39,3244
18,40,3258
18,41,3783
18,42,3799
18,43,3748
18,44,3734
18,45,3601
18,46,3213
18,47,3193
18,48,3821
18,49,3845
18,50,4014
18,51,3701
18,52,3643
18,53,3630
18,54,3303
18,55,3876
18,56,3765
18,57,4035
18,58,3798
18,59,3654
18,60,3656
18,61,3455
18,62,3222
18,63,4127
18,64,3950
18,65,3968
18,66,3868
18,67,3983
18,68,3705
18,69,3283
18,70,3748
18,71,3728
18,72,3765
18,73,3737
18,74,3583
18,75,3279
18,76,2809
18,77,3648
18,78,3681
18,79,3700
18,80,3766
18,81,3527
18,82,3588
18,83,3664
18,84,3811
18,85,3840
18,86,3683
18,87,3743
18,88,3591
18,89,3177
18,90,3200
19,1,4493
19,2,4302
19,3,3945
19,4,3827
19,5,4195
19,6,3948
19,7,3855
19,8,3925
19,9,3436
19,10,3298
19,11,3211
19,12,4098
19,13,4423
19,14,4113
19,15,3787
19,16,3618
19,17,3294
19,18,3237
19,19,3866
19,20,3737
19,21,3669
19,22,3841
19,23,3748
19,24,3200
19,25,3542
19,26,4160
19,27,3793
19,28,3712
19,29,3745
19,30,3680
19,31,4116
19,32,4067
19,33,3843
19,34,4155
19,35,3803
19,36,3768
19,37,3914
19,38,3624
19,39,3282
19,40,3324
19,41,3801
19,42,3807
19,43,3757
19,44,3710
19,45,3570
19,46,3221
19,47,3232
19,48,3721
19,49,3764
19,50,3917
19,51,3642
19,52,3683
19,53,3619
19,54,3360
19,55,3866
19,56,3722
19,57,4015
19,58,3771
19,59,3598
19,60,3659
19,61,3664
19,62,3320
19,63,4221
19,64,3972
19,65,4025
19,66,3872
19,67,3928
19,68,3739
19,69,3369
19,70,3762
19,71,3715
19,72,3807
19,73,3708
19,74,3583
19,75,3277
19,76,2870
19,77,3652
19,78,3660
19,79,3654
19,80,3685
19,81,3457
19,82,3619
19,83,3675
19,84,3825
19,85,3949
19,86,3667
19,87,3695
19,88,3526
19,89,3202
19,90,3237
20,1,4469
20,2,4224
20,3,3937
20,4,3987
20,5,4447
20,6,4181
20,7,4058
20,8,4032
20,9,3558
20,10,3449
20,11,3472
20,12,4216
20,13,4428
20,14,4196
20,15,3949
20,16,3689
20,17,3431
20,18,3334
20,19,3956
20,20,3809
20,21,3806
20,22,3897
20,23,3794
20,24,3287
20,25,3701
20,26,4170
20,27,3859
20,28,3778
20,29,3796
20,30,3651
20,31,4148
20,32,3979
20,33,4021
20,34,4302
20,35,4021
20,36,3966
20,37,4083
20,38,3737
20,39,3434
20,40,3531
20,41,3985
20,42,3996
20,43,3932
20,44,3871
20,45,3705
20,46,3367
20,47,3384
20,48,3824
20,49,3828
20,50,3994
20,51,3706
20,52,3772
20,53,3629
20,54,3477
20,55,3977
20,56,3806
20,57,4079
20,58,3875
20,59,3637
20,60,3673
20,61,3697
20,62,3604
20,63,4326
20,64,4193
20,65,4210
20,66,4094
20,67,3986
20,68,3835
20,69,3620
20,70,3945
20,71,3888
20,72,3947
20,73,3809
20,74,3634
20,75,3389
20,76,3096
20,77,3765
20,78,3743
20,79,3720
20,80,3733
20,81,3525
20,82,3672
20,83,3757
20,84,3963
20,85,4036
20,86,3764
20,87,3753
20,88,3542
20,89,3252
20,90,3341
21,1,4295
21,2,4112
21,3,3810
21,4,4029
21,5,4556
21,6,4283
21,7,4168
21,8,4035
21,9,3691
21,10,3620
21,11,3632
21,12,4197
21,13,4310
21,14,4159
21,15,4123
21,16,3852
21,17,3521
21,18,3541
21,19,4019
21,20,3922
21,21,3923
21,22,3992
21,23,3827
21,24,3474
21,25,3810
21,26,4131
21,27,4002
21,28,4006
21,29,3982
21,30,3831
21,31,4019
21,32,3822
21,33,4039
21,34,4355
21,35,4117
21,36,4069
21,37,4086
21,38,3846
21,39,3585
21,40,3747
21,41,4115
21,42,4104
21,43,4093
21,44,4029
21,45,3859
21,46,3533
21,47,3588
21,48,3960
21,49,3958
21,50,4101
21,51,3859
21,52,3773
21,53,3610
21,54,3691
21,55,4134
21,56,3988
21,57,4113
21,58,4034
21,59,3823
21,60,3655
21,61,3563
21,62,3716
21,63,4224
21,64,4247
21,65,4296
21,66,4198
21,67,3973
21,68,3885
21,69,3814
21,70,4071
21,71,4003
21,72,3990
21,73,3886
21,74,3616
21,75,3553
21,76,3340
21,77,3862
21,78,3829
21,79,3880
21,80,3842
21,81,3671
21,82,3660
21,83,3772
21,84,4061
21,85,3979
21,86,3980
21,87,3941
21,88,3725
21,89,3442
21,90,3573
22,1,3984
22,2,3901
22,3,3608
22,4,3839
22,5,4308
22,6,4051
22,7,3937
22,8,3811
22,9,3557
22,10,3492
22,11,3442
22,12,3885
22,13,3985
22,14,3901
22,15,3918
22,16,3674
22,17,3364
22,18,3342
22,19,3764
22,20,3689
22,21,3693
22,22,3761
22,23,3684
22,24,3395
22,25,3511
22,26,3836
22,27,3759
22,28,3801
22,29,3779
22,30,3668
22,31,3797
22,32,3615
22,33,3816
22,34,4073
22,35,3870
22,36,3809
22,37,3816
22,38,3658
22,39,3459
22,40,3496
22,41,3855
22,42,3858
22,43,3858
22,44,3799
22,45,3704
22,46,3410
22,47,3385
22,48,3715
22,49,3726
22,50,3856
22,51,3658
22,52,3585
22,53,3440
22,54,3516
22,55,3890
22,56,3751
22,57,3860
22,58,3805
22,59,3653
22,60,3477
22,61,3363
22,62,3492
22,63,3924
22,64,3995
22,65,4049
22,66,3960
22,67,3777
22,68,3721
22,69,3578
22,70,3816
22,71,3752
22,72,3727
22,73,3677
22,74,3428
22,75,3407
22,76,3184
22,77,3626
22,78,3592
22,79,3633
22,80,3606
22,81,3501
22,82,3489
22,83,3517
22,84,3786
22,85,3697
22,86,3775
22,87,3726
22,88,3577
22,89,3333
22,90,3377
23,1,3555
23,2,3558
23,3,3370
23,4,3569
23,5,3934
23,6,3660
23,7,3544
23,8,3472
23,9,3268
23,10,3259
23,11,3153
23,12,3537
23,13,3499
23,14,3460
23,15,3537
23,16,3393
23,17,3105
23,18,3067
23,19,3386
23,20,3299
23,21,3353
23,22,3384
23,23,3316
23,24,3105
23,25,3175
23,26,3389
23,27,3329
23,28,3402
23,29,3361
23,30,3330
23,31,3479
23,32,3332
23,33,3496
23,34,3679
23,35,3449
23,36,3392
23,37,3393
23,38,3361
23,39,3216
23,40,3150
23,41,3451
23,42,3440
23,43,3473
23,44,3406
23,45,3426
23,46,3180
23,47,3080
23,48,3325
23,49,3337
23,50,3464
23,51,3294
23,52,3280
23,53,3176
23,54,3175
23,55,3460
23,56,3342
23,57,3421
23,58,3412
23,59,3344
23,60,3205
23,61,3093
23,62,3177
23,63,3543
23,64,3601
23,65,3661
23,66,3575
23,67,3463
23,68,3475
23,69,3252
23,70,3397
23,71,3341
23,72,3332
23,73,3297
23,74,3151
23,75,3143
23,76,2932
23,77,3249
23,78,3232
23,79,3277
23,80,3226
23,81,3204
23,82,3239
23,83,3192
23,84,3374
23,85,3291
23,86,3371
23,87,3313
23,88,3264
23,89,3091
23,90,3046
24,1,3205
24,2,3248
24,3,3128
24,4,3276
24,5,3572
24,6,3293
24,7,3154
24,8,3124
24,9,3003
24,10,2993
24,11,2878
24,12,3091
24,13,3150
24,14,3074
24,15,3195
24,16,3079
24,17,2865
24,18,2780
24,19,3021
24,20,2946
24,21,2977
24,22,3024
24,23,3035
24,24,2874
24,25,2892
24,26,3055
24,27,2975
24,28,3048
24,29,2996
24,30,2990
24,31,3166
24,32,3041
24,33,3154
24,34,3285
24,35,3049
24,36,2987
24,37,2993
24,38,3022
24,39,2956
24,40,2822
24,41,3072
24,42,3058
24,43,3089
24,44,3022
24,45,3097
24,46,2915
24,47,2804
24,48,2967
24,49,2966
24,50,3107
24,51,2951
24,52,2972
24,53,2943
24,54,2878
24,55,3069
24,56,2955
24,57,3032
24,58,3044
24,59,3009
24,60,2932
24,61,2833
24,62,2866
24,63,3134
24,64,3226
24,65,3280
24,66,3236
24,67,3152
24,68,3229
24,69,2937
24,70,3018
24,71,2974
24,72,2946
24,73,2945
24,74,2834
24,75,2847
24,76,2647
24,77,2912
24,78,2860
24,79,2917
24,80,2880
24,81,2915
24,82,2976
24,83,2878
24,84,2987
24,85,2923
24,86,2987
24,87,2944
24,88,2948
24,89,2826
24,90,2729
25,1,2938
25,2,3005
25,3,2872
25,4,3015
25,5,3269
25,6,2983
25,7,2887
25,8,2823
25,9,2742
25,10,2741
25,11,2654
25,12,2883
25,13,2877
25,14,2846
25,15,2945
25,16,2825
25,17,2639
25,18,2564
25,19,2799
25,20,2659
25,21,2720
25,22,2760
25,23,2753
25,24,2614
25,25,2681
25,26,2764
25,27,2704
25,28,2772
25,29,2693
25,30,2708
25,31,2913
25,32,2787
25,33,2887
25,34,3009
25,35,2790
25,36,2712
25,37,2714
25,38,2766
25,39,2698
25,40,2589
25,41,2828
25,42,2808
25,43,2830
25,44,2767
25,45,2848
25,46,2696
25,47,2575
25,48,2696
25,49,2690
25,50,2831
25,51,2690
25,52,2720
25,53,2670
25,54,2632
25,55,2808
25,56,2696
25,57,2768
25,58,2784
25,59,2735
25,60,2666
25,61,2606
25,62,2627
25,63,2856
25,64,2962
25,65,3023
25,66,2973
25,67,2847
25,68,2990
25,69,2722
25,70,2762
25,71,2697
25,72,2687
25,73,2643
25,74,2581
25,75,2571
25,76,2442
25,77,2649
25,78,2598
25,79,2640
25,80,2612
25,81,2670
25,82,2735
25,83,2654
25,84,2722
25,85,2672
25,86,2717
25,87,2656
25,88,2671
25,89,2590
25,90,2496
26,1,2803
26,2,2846
26,3,2702
26,4,2885
26,5,3106
26,6,2838
26,7,2761
26,8,2685
26,9,2595
26,10,2569
26,11,2555
26,12,2756
26,13,2722
26,14,2702
26,15,2767
26,16,2680
26,17,2451
26,18,2448
26,19,2610
26,20,2514
26,21,2590
26,22,2575
26,23,2597
26,24,2461
26,25,2542
26,26,2634
26,27,2560
26,28,2635
26,29,2551
26,30,2524
26,31,2765
26,32,2711
26,33,2767
26,34,2862
26,35,2657
26,36,2571
26,37,2568
26,38,2621
26,39,2579
26,40,2469
26,41,2711
26,42,2686
26,43,2708
26,44,2646
26,45,2723
26,46,2565
26,47,2456
26,48,2565
26,49,2542
26,50,2673
26,51,2547
26,52,2569
26,53,2513
26,54,2516
26,55,2684
26,56,2556
26,57,2627
26,58,2656
26,59,2583
26,60,2482
26,61,2520
26,62,2505
26,63,2710
26,64,2838
26,65,2889
26,66,2855
26,67,2672
26,68,2838
26,69,2622
26,70,2642
26,71,2573
26,72,2540
26,73,2484
26,74,2428
26,75,2392
26,76,2339
26,77,2520
26,78,2460
26,79,2492
26,80,2464
26,81,2505
26,82,2585
26,83,2542
26,84,2586
26,85,2547
26,86,2590
26,87,2521
26,88,2526
26,89,2450
26,90,2384
27,1,2736
27,2,2764
27,3,2698
27,4,2843
27,5,3028
27,6,2772
27,7,2703
27,8,2611
27,9,2529
27,10,2486
27,11,2514
27,12,2701
27,13,2629
27,14,2637
27,15,2705
27,16,2592
27,17,2364
27,18,2395
27,19,2526
27,20,2443
27,21,2499
27,22,2504
27,23,2510
27,24,2378
27,25,2487
27,26,2528
27,27,2497
27,28,2562
27,29,2489
27,30,2432
27,31,2696
27,32,2628
27,33,2710
27,34,2793
27,35,2599
27,36,2506
27,37,2490
27,38,2544
27,39,2514
27,40,2417
27,41,2661
27,42,2629
27,43,2654
27,44,2594
27,45,2658
27,46,2518
27,47,2401
27,48,2491
27,49,2468
27,50,2586
27,51,2485
27,52,2490
27,53,2419
27,54,2462
27,55,2628
27,56,2505
27,57,2551
27,58,2599
27,59,2491
27,60,2414
27,61,2461
27,62,2456
27,63,2624
27,64,2781
27,65,2832
27,66,2796
27,67,2578
27,68,2751
27,69,2586
27,70,2586
27,71,2520
27,72,2460
27,73,2394
27,74,2345
27,75,2294
27,76,2284
27,77,2450
27,78,2388
27,79,2408
27,80,2393
27,81,2432
27,82,2503
27,83,2490
27,84,2527
27,85,2487
27,86,2532
27,87,2441
27,88,2472
27,89,2382
27,90,2338
28,1,2722
28,2,2725
28,3,2618
28,4,2845
28,5,3011
28,6,2759
28,7,2705
28,8,2594
28,9,2506
28,10,2453
28,11,2518
28,12,2692
28,13,2600
28,14,2623
28,15,2704
28,16,2558
28,17,2317
28,18,2385
28,19,2494
28,20,2417
28,21,2472
28,22,2453
28,23,2472
28,24,2349
28,25,2460
28,26,2506
28,27,2501
28,28,2540
28,29,2449
28,30,2382
28,31,2673
28,32,2554
28,33,2695
28,34,2780
28,35,2583
28,36,2488
28,37,2461
28,38,2511
28,39,2488
28,40,2412
28,41,2655
28,42,2616
28,43,2644
28,44,2585
28,45,2641
28,46,2495
28,47,2396
28,48,2478
28,49,2438
28,50,2527
28,51,2461
28,52,2446
28,53,2372
28,54,2441
28,55,2615
28,56,2479
28,57,2531
28,58,2585
28,59,2453
28,60,2360
28,61,2388
28,62,2458
28,63,2599
28,64,2766
28,65,2824
28,66,2793
28,67,2536
28,68,2716
28,69,2597
28,70,2577
28,71,2509
28,72,2440
28,73,2343
28,74,2302
28,75,2245
28,76,2280
28,77,2422
28,78,2373
28,79,2384
28,80,2366
28,81,2389
28,82,2456
28,83,2464
28,84,2515
28,85,2481
28,86,2523
28,87,2427
28,88,2435
28,89,2351
28,90,2337
29,1,2789
29,2,2752
29,3,2581
29,4,2931
29,5,3092
29,6,2818
29,7,2787
29,8,2612
29,9,2536
29,10,2463
29,11,2605
29,12,2756
29,13,2656
29,14,2683
29,15,2788
29,16,2574
29,17,2312
29,18,2451
29,19,2527
29,20,2474
29,21,2521
29,22,2466
29,23,2457
29,24,2348
29,25,2539
29,26,2572
29,27,2554
29,28,2606
29,29,2485
29,30,2397
29,31,2698
29,32,2532
29,33,2762
29,34,2850
29,35,2654
29,36,2553
29,37,2516
29,38,2529
29,39,2502
29,40,2487
29,41,2740
29,42,2692
29,43,2710
29,44,2667
29,45,2675
29,46,2510
29,47,2458
29,48,2527
29,49,2491
29,50,2558
29,51,2520
29,52,2452
29,53,2361
29,54,2521
29,55,2676
29,56,2537
29,57,2591
29,58,2656
29,59,2461
29,60,2353
29,61,2363
29,62,2544
29,63,2640
29,64,2829
29,65,2887
29,66,2867
29,67,2534
29,68,2721
29,69,2696
29,70,2667
29,71,2581
29,72,2490
29,73,2375
29,74,2308
29,75,2241
29,76,2369
29,77,2476
29,78,2427
29,79,2433
29,80,2422
29,81,2402
29,82,2453
29,83,2544
29,84,2581
29,85,2554
29,86,2595
29,87,2482
29,88,2462
29,89,2362
29,90,2418
30,1,3083
30,2,2845
30,3,2608
30,4,3227
30,5,3353
30,6,3076
30,7,3087
30,8,2788
30,9,2626
30,10,2530
30,11,2899
30,12,3023
30,13,2926
30,14,2965
30,15,3085
30,16,2672
30,17,2320
30,18,2706
30,19,2700
30,20,2713
30,21,2742
30,22,2708
30,23,2547
30,24,2417
30,25,2831
30,26,2827
30,27,2833
30,28,2877
30,29,2736
30,30,2446
30,31,2804
30,32,2560
30,33,3051
30,34,3138
30,35,2950
30,36,2837
30,37,2776
30,38,2639
30,39,2570
30,40,2787
30,41,3048
30,42,3001
30,43,3007
30,44,2968
30,45,2791
30,46,2580
30,47,2721
30,48,2774
30,49,2727
30,50,2746
30,51,2761
30,52,2535
30,53,2409
30,54,2821
30,55,2952
30,56,2825
30,57,2876
30,58,2932
30,59,2556
30,60,2398
30,61,2395
30,62,2833
30,63,2919
30,64,3116
30,65,3183
30,66,3165
30,67,2623
30,68,2785
30,69,3016
30,70,2983
30,71,2876
30,72,2761
30,73,2530
30,74,2375
30,75,2291
30,76,2628
30,77,2722
30,78,2670
30,79,2650
30,80,2637
30,81,2492
30,82,2508
30,83,2828
30,84,2857
30,85,2846
30,86,2885
30,87,2761
30,88,2551
30,89,2411
30,90,2680
31,1,3600
31,2,3008
31,3,2689
31,4,3803
31,5,3894
31,6,3659
31,7,3639
31,8,3050
31,9,2792
31,10,2628
31,11,3446
31,12,3601
31,13,3470
31,14,3529
31,15,3597
31,16,2849
31,17,2411
31,18,3121
31,19,3074
31,20,3089
31,21,3132
31,22,3067
31,23,2698
31,24,2463
31,25,3413
31,26,3346
31,27,3354
31,28,3357
31,29,3210
31,30,2602
31,31,2997
31,32,2655
31,33,3610
31,34,3673
31,35,3494
31,36,3388
31,37,3321
31,38,2801
31,39,2657
31,40,3318
31,41,3598
31,42,3555
31,43,3511
31,44,3485
31,45,2943
31,46,2664
31,47,3106
31,48,3164
31,49,3087
31,50,3085
31,51,3123
31,52,2681
31,53,2489
31,54,3324
31,55,3444
31,56,3355
31,57,3366
31,58,3423
31,59,2712
31,60,2468
31,61,2454
31,62,3403
31,63,3479
31,64,3689
31,65,3721
31,66,3683
31,67,2818
31,68,2889
31,69,3558
31,70,3516
31,71,3402
31,72,3299
31,73,2766
31,74,2514
31,75,2348
31,76,3025
31,77,3117
31,78,3059
31,79,3018
31,80,2989
31,81,2639
31,82,2611
31,83,3366
31,84,3345
31,85,3369
31,86,3386
31,87,3239
31,88,2705
31,89,2488
31,90,3188
32,1,4035
32,2,3332
32,3,2793
32,4,4204
32,5,4247
32,6,4051
32,7,4003
32,8,3325
32,9,3030
32,10,2852
32,11,3866
32,12,4038
32,13,3921
32,14,3988
32,15,3895
32,16,3089
32,17,2593
32,18,3540
32,19,3518
32,20,3537
32,21,3561
32,22,3530
32,23,2934
32,24,2671
32,25,3853
32,26,3765
32,27,3762
32,28,3757
32,29,3650
32,30,2923
32,31,3336
32,32,2774
32,33,4000
32,34,4026
32,35,3880
32,36,3774
32,37,3740
32,38,3063
32,39,2847
32,40,3727
32,41,3959
32,42,3910
32,43,3889
32,44,3861
32,45,3201
32,46,2849
32,47,3516
32,48,3558
32,49,3498
32,50,3470
32,51,3513
32,52,2945
32,53,2679
32,54,3726
32,55,3811
32,56,3786
32,57,3752
32,58,3799
32,59,3008
32,60,2696
32,61,2586
32,62,3789
32,63,3882
32,64,4082
32,65,4060
32,66,4024
32,67,3088
32,68,3078
32,69,3921
32,70,3878
32,71,3768
32,72,3691
32,73,3067
32,74,2764
32,75,2573
32,76,3408
32,77,3479
32,78,3427
32,79,3427
32,80,3382
32,81,2924
32,82,2796
32,83,3780
32,84,3716
32,85,3727
32,86,3735
32,87,3629
32,88,2989
32,89,2695
32,90,3593
33,1,4167
33,2,3658
33,3,3009
33,4,4314
33,5,4301
33,6,4161
33,7,4056
33,8,3535
33,9,3318
33,10,3181
33,11,3965
33,12,4175
33,13,4058
33,14,4145
33,15,4030
33,16,3351
33,17,2884
33,18,3779
33,19,3743
33,20,3760
33,21,3781
33,22,3810
33,23,3202
33,24,2887
33,25,4016
33,26,3881
33,27,3891
33,28,3873
33,29,3817
33,30,3263
33,31,3700
33,32,3008
33,33,4099
33,34,4065
33,35,3946
33,36,3888
33,37,3883
33,38,3351
33,39,3094
33,40,3834
33,41,4020
33,42,3962
33,43,3933
33,44,3945
33,45,3450
33,46,3066
33,47,3737
33,48,3744
33,49,3738
33,50,3670
33,51,3722
33,52,3276
33,53,2983
33,54,3877
33,55,3883
33,56,3957
33,57,3879
33,58,3897
33,59,3374
33,60,3012
33,61,2841
33,62,3879
33,63,4004
33,64,4181
33,65,4106
33,66,4071
33,67,3439
33,68,3307
33,69,3976
33,70,3921
33,71,3841
33,72,3823
33,73,3332
33,74,3094
33,75,2852
33,76,3642
33,77,3653
33,78,3657
33,79,3659
33,80,3612
33,81,3243
33,82,3095
33,83,3923
33,84,3817
33,85,3816
33,86,3826
33,87,3758
33,88,3258
33,89,2946
33,90,3746
34,1,4198
34,2,3883
34,3,3228
34,4,4355
34,5,4286
34,6,4188
34,7,4040
34,8,3663
34,9,3490
34,10,3395
34,11,4009
34,12,4214
34,13,4107
34,14,4210
34,15,4042
34,16,3502
34,17,3103
34,18,3873
34,19,3856
34,20,3885
34,21,3903
34,22,3955
34,23,3416
34,24,3092
34,25,4098
34,26,3915
34,27,3926
34,28,3924
34,29,3906
34,30,3463
34,31,3975
34,32,3288
34,33,4111
34,34,4061
34,35,3950
34,36,3931
34,37,3943
34,38,3532
34,39,3264
34,40,3873
34,41,4012
34,42,3966
34,43,3952
34,44,3956
34,45,3575
34,46,3266
34,47,3877
34,48,3852
34,49,3903
34,50,3798
34,51,3821
34,52,3550
34,53,3216
34,54,3963
34,55,3919
34,56,4036
34,57,3910
34,58,3935
34,59,3608
34,60,3285
34,61,3075
34,62,3905
34,63,4050
34,64,4185
34,65,4090
34,66,4059
34,67,3719
34,68,3472
34,69,3975
34,70,3913
34,71,3870
34,72,3876
34,73,3510
34,74,3336
34,75,3046
34,76,3781
34,77,3755
34,78,3749
34,79,3806
34,80,3738
34,81,3485
34,82,3382
34,83,3993
34,84,3845
34,85,3844
34,86,3868
34,87,3802
34,88,3406
34,89,3136
34,90,3827
35,1,4219
35,2,3941
35,3,3392
35,4,4391
35,5,4278
35,6,4187
35,7,4001
35,8,3693
35,9,3533
35,10,3473
35,11,4019
35,12,4262
35,13,4100
35,14,4253
35,15,4041
35,16,3540
35,17,3208
35,18,3955
35,19,3924
35,20,3952
35,21,3969
35,22,4035
35,23,3492
35,24,3218
35,25,4154
35,26,3963
35,27,3950
35,28,3962
35,29,4002
35,30,3552
35,31,4110
35,32,3469
35,33,4136
35,34,4054
35,35,3972
35,36,3964
35,37,3959
35,38,3567
35,39,3329
35,40,3933
35,41,4012
35,42,3986
35,43,3945
35,44,3967
35,45,3578
35,46,3315
35,47,3956
35,48,3931
35,49,4037
35,50,3874
35,51,3879
35,52,3701
35,53,3346
35,54,4019
35,55,3946
35,56,4103
35,57,3963
35,58,3955
35,59,3716
35,60,3429
35,61,3211
35,62,3952
35,63,4100
35,64,4175
35,65,4083
35,66,4056
35,67,3850
35,68,3510
35,69,3971
35,70,3934
35,71,3898
35,72,3962
35,73,3613
35,74,3425
35,75,3114
35,76,3847
35,77,3829
35,78,3822
35,79,3894
35,80,3798
35,81,3615
35,82,3573
35,83,4051
35,84,3891
35,85,3878
35,86,3909
35,87,3846
35,88,3449
35,89,3217
35,90,3889
36,1,4198
36,2,3909
36,3,3475
36,4,4371
36,5,4223
36,6,4142
36,7,3999
36,8,3664
36,9,3487
36,10,3488
36,11,4021
36,12,4265
36,13,4159
36,14,4200
36,15,3994
36,16,3497
36,17,3251
36,18,3978
36,19,3942
36,20,3952
36,21,3991
36,22,4034
36,23,3462
36,24,3237
36,25,4164
36,26,3973
36,27,3932
36,28,3963
36,29,4040
36,30,3551
36,31,4135
36,32,3593
36,33,4131
36,34,4018
36,35,3958
36,36,3966
36,37,3944
36,38,3536
36,39,3350
36,40,3905
36,41,3985
36,42,3961
36,43,3936
36,44,3942
36,45,3519
36,46,3338
36,47,3989
36,48,3961
36,49,4125
36,50,3859
36,51,3871
36,52,3742
36,53,3386
36,54,4027
36,55,3951
36,56,4109
36,57,3956
36,58,3929
36,59,3757
36,60,3495
36,61,3274
36,62,3978
36,63,4099
36,64,4155
36,65,4045
36,66,4019
36,67,3895
36,68,3509
36,69,3961
36,70,3915
36,71,3898
36,72,3968
36,73,3613
36,74,3420
36,75,3133
36,76,3863
36,77,3839
36,78,3848
36,79,3928
36,80,3810
36,81,3652
36,82,3680
36,83,4047
36,84,3908
36,85,3862
36,86,3921
36,87,3838
36,88,3411
36,89,3244
36,90,3899
37,1,4135
37,2,3784
37,3,3516
37,4,4308
37,5,4148
37,6,4033
37,7,3900
37,8,3605
37,9,3409
37,10,3443
37,11,3939
37,12,4230
37,13,4099
37,14,4082
37,15,3917
37,16,3417
37,17,3240
37,18,3983
37,19,3922
37,20,3890
37,21,3989
37,22,3989
37,23,3386
37,24,3221
37,25,4127
37,26,3947
37,27,3899
37,28,3948
37,29,4032
37,30,3517
37,31,4076
37,32,3661
37,33,4103
37,34,3963
37,35,3905
37,36,3938
37,37,3889
37,38,3457
37,39,3318
37,40,3869
37,41,3922
37,42,3907
37,43,3883
37,44,3873
37,45,3422
37,46,3306
37,47,3974
37,48,3935
37,49,4144
37,50,3873
37,51,3834
37,52,3739
37,53,3369
37,54,3988
37,55,3928
37,56,4083
37,57,3926
37,58,3886
37,59,3758
37,60,3459
37,61,3274
37,62,3986
37,63,4060
37,64,4107
37,65,4002
37,66,3984
37,67,3865
37,68,3461
37,69,3922
37,70,3892
37,71,3867
37,72,3919
37,73,3579
37,74,3384
37,75,3106
37,76,3828
37,77,3826
37,78,3847
37,79,3927
37,80,3779
37,81,3629
37,82,3707
37,83,4001
37,84,3890
37,85,3831
37,86,3900
37,87,3803
37,88,3346
37,89,3230
37,90,3889
38,1,4112
38,2,3652
38,3,3534
38,4,4250
38,5,4101
38,6,3983
38,7,3909
38,8,3550
38,9,3320
38,10,3291
38,11,3885
38,12,4221
38,13,4105
38,14,4027
38,15,3883
38,16,3338
38,17,3201
38,18,4009
38,19,3935
38,20,3876
38,21,4013
38,22,3958
38,23,3304
38,24,3194
38,25,4111
38,26,3951
38,27,3882
38,28,3956
38,29,4053
38,30,3472
38,31,3989
38,32,3657
38,33,4056
38,34,3962
38,35,3896
38,36,3939
38,37,3878
38,38,3373
38,39,3259
38,40,3853
38,41,3896
38,42,3882
38,43,3874
38,44,3836
38,45,3323
38,46,3248
38,47,3983
38,48,3977
38,49,4194
38,50,3875
38,51,3817
38,52,3688
38,53,3304
38,54,3932
38,55,3914
38,56,4074
38,57,3930
38,58,3874
38,59,3677
38,60,3362
38,61,3228
38,62,4000
38,63,4058
38,64,4070
38,65,3979
38,66,4009
38,67,3838
38,68,3374
38,69,3883
38,70,3866
38,71,3872
38,72,3917
38,73,3541
38,74,3337
38,75,3005
38,76,3804
38,77,3832
38,78,3861
38,79,3964
38,80,3774
38,81,3592
38,82,3681
38,83,3968
38,84,3894
38,85,3823
38,86,3907
38,87,3801
38,88,3270
38,89,3191
38,90,3893
39,1,4056
39,2,3603
39,3,3535
39,4,4164
39,5,4015
39,6,3917
39,7,3806
39,8,3502
39,9,3232
39,10,3157
39,11,3922
39,12,4203
39,13,4033
39,14,3936
39,15,3797
39,16,3262
39,17,3151
39,18,3998
39,19,3898
39,20,3829
39,21,4013
39,22,3894
39,23,3229
39,24,3183
39,25,4065
39,26,3909
39,27,3827
39,28,3931
39,29,4011
39,30,3419
39,31,3901
39,32,3613
39,33,3993
39,34,3883
39,35,3861
39,36,3894
39,37,3822
39,38,3274
39,39,3201
39,40,3808
39,41,3845
39,42,3816
39,43,3823
39,44,3771
39,45,3238
39,46,3184
39,47,3946
39,48,3965
39,49,4175
39,50,3831
39,51,3763
39,52,3618
39,53,3231
39,54,3886
39,55,3866
39,56,4030
39,57,3881
39,58,3826
39,59,3606
39,60,3263
39,61,3170
39,62,3985
39,63,4014
39,64,3992
39,65,3913
39,66,4002
39,67,3762
39,68,3269
39,69,3828
39,70,3823
39,71,3817
39,72,3887
39,73,3507
39,74,3286
39,75,2872
39,76,3752
39,77,3802
39,78,3840
39,79,3946
39,80,3731
39,81,3525
39,82,3628
39,83,3896
39,84,3876
39,85,3776
39,86,3880
39,87,3762
39,88,3198
39,89,3138
39,90,3850
40,1,4035
40,2,3526
40,3,3522
40,4,4083
40,5,3928
40,6,3833
40,7,3774
40,8,3433
40,9,3189
40,10,3038
40,11,3828
40,12,4239
40,13,4000
40,14,3856
40,15,3720
40,16,3216
40,17,3111
40,18,3959
40,19,3852
40,20,3758
40,21,3983
40,22,3813
40,23,3174
40,24,3209
40,25,4056
40,26,3876
40,27,3776
40,28,3885
40,29,3938
40,30,3401
40,31,3837
40,32,3597
40,33,3948
40,34,3822
40,35,3823
40,36,3849
40,37,3745
40,38,3219
40,39,3172
40,40,3775
40,41,3789
40,42,3762
40,43,3771
40,44,3696
40,45,3189
40,46,3138
40,47,3898
40,48,3929
40,49,4136
40,50,3776
40,51,3685
40,52,3563
40,53,3194
40,54,3859
40,55,3828
40,56,4003
40,57,3830
40,58,3761
40,59,3583
40,60,3198
40,61,3135
40,62,3969
40,63,3977
40,64,3924
40,65,3874
40,66,3970
40,67,3708
40,68,3211
40,69,3779
40,70,3780
40,71,3773
40,72,3822
40,73,3467
40,74,3255
40,75,2821
40,76,3685
40,77,3754
40,78,3787
40,79,3910
40,80,3655
40,81,3487
40,82,3598
40,83,3848
40,84,3828
40,85,3730
40,86,3833
40,87,3707
40,88,3156
40,89,3116
40,90,3839
41,1,4050
41,2,3608
41,3,3590
41,4,4082
41,5,3904
41,6,3830
41,7,3803
41,8,3413
41,9,3196
41,10,2994
41,11,3884
41,12,4362
41,13,4025
41,14,3814
41,15,3657
41,16,3208
41,17,3106
41,18,3910
41,19,3831
41,20,3724
41,21,3941
41,22,3759
41,23,3158
41,24,3279
41,25,4086
41,26,3847
41,27,3759
41,28,3856
41,29,3860
41,30,3399
41,31,3857
41,32,3655
41,33,4003
41,34,3787
41,35,3792
41,36,3838
41,37,3693
41,38,3215
41,39,3190
41,40,3765
41,41,3781
41,42,3759
41,43,3745
41,44,3657
41,45,3166
41,46,3145
41,47,3854
41,48,3898
41,49,4081
41,50,3745
41,51,3648
41,52,3582
41,53,3214
41,54,3865
41,55,3795
41,56,4020
41,57,3811
41,58,3707
41,59,3605
41,60,3201
41,61,3150
41,62,4020
41,63,3954
41,64,3921
41,65,3862
41,66,4000
41,67,3689
41,68,3224
41,69,3758
41,70,3743
41,71,3739
41,72,3786
41,73,3498
41,74,3259
41,75,2792
41,76,3655
41,77,3726
41,78,3733
41,79,3858
41,80,3593
41,81,3521
41,82,3622
41,83,3824
41,84,3815
41,85,3712
41,86,3793
41,87,3657
41,88,3152
41,89,3138
41,90,3808
42,1,4147
42,2,3730
42,3,3704
42,4,4121
42,5,3923
42,6,3853
42,7,3870
42,8,3441
42,9,3239
42,10,3054
42,11,4004
42,12,4415
42,13,4117
42,14,3799
42,15,3613
42,16,3247
42,17,3191
42,18,3881
42,19,3791
42,20,3678
42,21,3899
42,22,3748
42,23,3188
42,24,3412
42,25,4155
42,26,3834
42,27,3748
42,28,3810
42,29,3771
42,30,3411
42,31,3958
42,32,3766
42,33,4097
42,34,3781
42,35,3772
42,36,3858
42,37,3659
42,38,3244
42,39,3258
42,40,3783
42,41,3799
42,42,3748
42,43,3734
42,44,3601
42,45,3213
42,46,3193
42,47,3821
42,48,3845
42,49,4014
42,50,3701
42,51,3643
42,52,3630
42,53,3303
42,54,3876
42,55,3765
42,56,4035
42,57,3798
42,58,3654
42,59,3656
42,60,3251
42,61,3222
42,62,4127
42,63,3950
42,64,3968
42,65,3868
42,66,3983
42,67,3705
42,68,3283
42,69,3748
42,70,3728
42,71,3765
42,72,3737
42,73,3583
42,74,3279
42,75,2809
42,76,3648
42,77,3681
42,78,3700
42,79,3766
42,80,3527
42,81,3588
42,82,3664
42,83,3811
42,84,3840
42,85,3683
42,86,3743
42,87,3591
42,88,3177
42,89,3200
42,90,3786
43,1,4302
43,2,3945
43,3,3827
43,4,4195
43,5,3948
43,6,3855
43,7,3925
43,8,3436
43,9,3298
43,10,3211
43,11,4098
43,12,4423
43,13,4113
43,14,3787
43,15,3618
43,16,3294
43,17,3237
43,18,3866
43,19,3737
43,20,3669
43,21,3841
43,22,3748
43,23,3200
43,24,3542
43,25,4160
43,26,3793
43,27,3712
43,28,3745
43,29,3680
43,30,3387
43,31,4067
43,32,3843
43,33,4155
43,34,3803
43,35,3768
43,36,3914
43,37,3624
43,38,3282
43,39,3324
43,40,3801
43,41,3807
43,42,3757
43,43,3710
43,44,3570
43,45,3221
43,46,3232
43,47,3721
43,48,3764
43,49,3917
43,50,3642
43,51,3683
43,52,3619
43,53,3360
43,54,3866
43,55,3722
43,56,4015
43,57,3771
43,58,3598
43,59,3659
43,60,3314
43,61,3320
43,62,4221
43,63,3972
43,64,4025
43,65,3872
43,66,3928
43,67,3739
43,68,3369
43,69,3762
43,70,3715
43,71,3807
43,72,3708
43,73,3583
43,74,3277
43,75,2870
43,76,3652
43,77,3660
43,78,3654
43,79,3685
43,80,3457
43,81,3619
43,82,3675
43,83,3825
43,84,3949
43,85,3667
43,86,3695
43,87,3526
43,88,3202
43,89,3237
43,90,3756
44,1,4224
44,2,3937
44,3,3987
44,4,4447
44,5,4181
44,6,4058
44,7,4032
44,8,3558
44,9,3449
44,10,3472
44,11,4216
44,12,4428
44,13,4196
44,14,3949
44,15,3689
44,16,3431
44,17,3334
44,18,3956
44,19,3809
44,20,3806
44,21,3897
44,22,3794
44,23,3287
44,24,3701
44,25,4170
44,26,3859
44,27,3778
44,28,3796
44,29,3651
44,30,3428
44,31,3979
44,32,4021
44,33,4302
44,34,4021
44,35,3966
44,36,4083
44,37,3737
44,38,3434
44,39,3531
44,40,3985
44,41,3996
44,42,3932
44,43,3871
44,44,3705
44,45,3367
44,46,3384
44,47,3824
44,48,3828
44,49,3994
44,50,3706
44,51,3772
44,52,3629
44,53,3477
44,54,3977
44,55,3806
44,56,4079
44,57,3875
44,58,3637
44,59,3673
44,60,3442
44,61,3604
44,62,4326
44,63,4193
44,64,4210
44,65,4094
44,66,3986
44,67,3835
44,68,3620
44,69,3945
44,70,3888
44,71,3947
44,72,3809
44,73,3634
44,74,3389
44,75,3096
44,76,3765
44,77,3743
44,78,3720
44,79,3733
44,80,3525
44,81,3672
44,82,3757
44,83,3963
44,84,4036
44,85,3764
44,86,3753
44,87,3542
44,88,3252
44,89,3341
44,90,3804
45,1,4112
45,2,3810
45,3,4029
45,4,4556
45,5,4283
45,6,4168
45,7,4035
45,8,3691
45,9,3620
45,10,3632
45,11,4197
45,12,4310
45,13,4159
45,14,4123
45,15,3852
45,16,3521
45,17,3541
45,18,4019
45,19,3922
45,20,3923
45,21,3992
45,22,3827
45,23,3474
45,24,3810
45,25,4131
45,26,4002
45,27,4006
45,28,3982
45,29,3831
45,30,3608
45,31,3822
45,32,4039
45,33,4355
45,34,4117
45,35,4069
45,36,4086
45,37,3846
45,38,3585
45,39,3747
45,40,4115
45,41,4104
45,42,4093
45,43,4029
45,44,3859
45,45,3533
45,46,3588
45,47,3960
45,48,3958
45,49,4101
45,50,3859
45,51,3773
45,52,3610
45,53,3691
45,54,4134
45,55,3988
45,56,4113
45,57,4034
45,58,3823
45,59,3655
45,60,3685
45,61,3716
45,62,4224
45,63,4247
45,64,4296
45,65,4198
45,66,3973
45,67,3885
45,68,3814
45,69,4071
45,70,4003
45,71,3990
45,72,3886
45,73,3616
45,74,3553
45,75,3340
45,76,3862
45,77,3829
45,78,3880
45,79,3842
45,80,3671
45,81,3660
45,82,3772
45,83,4061
45,84,3979
45,85,3980
45,86,3941
45,87,3725
45,88,3442
45,89,3573
45,90,3965
46,1,3901
46,2,3608
46,3,3839
46,4,4308
46,5,4051
46,6,3937
46,7,3811
46,8,3557
46,9,3492
46,10,3442
46,11,3885
46,12,3985
46,13,3901
46,14,3918
46,15,3674
46,16,3364
46,17,3342
46,18,3764
46,19,3689
46,20,3693
46,21,3761
46,22,3684
46,23,3395
46,24,3511
46,25,3836
46,26,3759
46,27,3801
46,28,3779
46,29,3668
46,30,3482
46,31,3615
46,32,3816
46,33,4073
46,34,3870
46,35,3809
46,36,3816
46,37,3658
46,38,3459
46,39,3496
46,40,3855
46,41,3858
46,42,3858
46,43,3799
46,44,3704
46,45,3410
46,46,3385
46,47,3715
46,48,3726
46,49,3856
46,50,3658
46,51,3585
46,52,3440
46,53,3516
46,54,3890
46,55,3751
46,56,3860
46,57,3805
46,58,3653
46,59,3477
46,60,3506
46,61,3492
46,62,3924
46,63,3995
46,64,4049
46,65,3960
46,66,3777
46,67,3721
46,68,3578
46,69,3816
46,70,3752
46,71,3727
46,72,3677
46,73,3428
46,74,3407
46,75,3184
46,76,3626
46,77,3592
46,78,3633
46,79,3606
46,80,3501
46,81,3489
46,82,3517
46,83,3786
46,84,3697
46,85,3775
46,86,3726
46,87,3577
46,88,3333
46,89,3377
46,90,3714
47,1,3558
47,2,3370
47,3,3569
47,4,3934
47,5,3660
47,6,3544
47,7,3472
47,8,3268
47,9,3259
47,10,3153
47,11,3537
47,12,3499
47,13,3460
47,14,3537
47,15,3393
47,16,3105
47,17,3067
47,18,3386
47,19,3299
47,20,3353
47,21,3384
47,22,3316
47,23,3105
47,24,3175
47,25,3389
47,26,3329
47,27,3402
47,28,3361
47,29,3330
47,30,3219
47,31,3332
47,32,3496
47,33,3679
47,34,3449
47,35,3392
47,36,3393
47,37,3361
47,38,3216
47,39,3150
47,40,3451
47,41,3440
47,42,3473
47,43,3406
47,44,3426
47,45,3180
47,46,3080
47,47,3325
47,48,3337
47,49,3464
47,50,3294
47,51,3280
47,52,3176
47,53,3175
47,54,3460
47,55,3342
47,56,3421
47,57,3412
47,58,3344
47,59,3205
47,60,3167
47,61,3177
47,62,3543
47,63,3601
47,64,3661
47,65,3575
47,66,3463
47,67,3475
47,68,3252
47,69,3397
47,70,3341
47,71,3332
47,72,3297
47,73,3151
47,74,3143
47,75,2932
47,76,3249
47,77,3232
47,78,3277
47,79,3226
47,80,3204
47,81,3239
47,82,3192
47,83,3374
47,84,3291
47,85,3371
47,86,3313
47,87,3264
47,88,3091
47,89,3046
47,90,3297
48,1,3248
48,2,3128
48,3,3276
48,4,3572
48,5,3293
48,6,3154
48,7,3124
48,8,3003
48,9,2993
48,10,2878
48,11,3091
48,12,3150
48,13,3074
48,14,3195
48,15,3079
48,16,2865
48,17,2780
48,18,3021
48,19,2946
48,20,2977
48,21,3024
48,22,3035
48,23,2874
48,24,2892
48,25,3055
48,26,2975
48,27,3048
48,28,2996
48,29,2990
48,30,2932
48,31,3041
48,32,3154
48,33,3285
48,34,3049
48,35,2987
48,36,2993
48,37,3022
48,38,2956
48,39,2822
48,40,3072
48,41,3058
48,42,3089
48,43,3022
48,44,3097
48,45,2915
48,46,2804
48,47,2967
48,48,2966
48,49,3107
48,50,2951
48,51,2972
48,52,2943
48,53,2878
48,54,3069
48,55,2955
48,56,3032
48,57,3044
48,58,3009
48,59,2932
48,60,2842
48,61,2866
48,62,3134
48,63,3226
48,64,3280
48,65,3236
48,66,3152
48,67,3229
48,68,2937
48,69,3018
48,70,2974
48,71,2946
48,72,2945
48,73,2834
48,74,2847
48,75,2647
48,76,2912
48,77,2860
48,78,2917
48,79,2880
48,80,2915
48,81,2976
48,82,2878
48,83,2987
48,84,2923
48,85,2987
48,86,2944
48,87,2948
48,88,2826
48,89,2729
48,90,2911
49,1,3005
49,2,2872
49,3,3015
49,4,3269
49,5,2983
49,6,2887
49,7,2823
49,8,2742
49,9,2741
49,10,2654
49,11,2883
49,12,2877
49,13,2846
49,14,2945
49,15,2825
49,16,2639
49,17,2564
49,18,2799
49,19,2659
49,20,2720
49,21,2760
49,22,2753
49,23,2614
49,24,2681
49,25,2764
49,26,2704
49,27,2772
49,28,2693
49,29,2708
49,30,2668
49,31,2787
49,32,2887
49,33,3009
49,34,2790
49,35,2712
49,36,2714
49,37,2766
49,38,2698
49,39,2589
49,40,2828
49,41,2808
49,42,2830
49,43,2767
49,44,2848
49,45,2696
49,46,2575
49,47,2696
49,48,2690
49,49,2831
49,50,2690
49,51,2720
49,52,2670
49,53,2632
49,54,2808
49,55,2696
49,56,2768
49,57,2784
49,58,2735
49,59,2666
49,60,2603
49,61,2627
49,62,2856
49,63,2962
49,64,3023
49,65,2973
49,66,2847
49,67,2990
49,68,2722
49,69,2762
49,70,2697
49,71,2687
49,72,2643
49,73,2581
49,74,2571
49,75,2442
49,76,2649
49,77,2598
49,78,2640
49,79,2612
49,80,2670
49,81,2735
49,82,2654
49,83,2722
49,84,2672
49,85,2717
49,86,2656
49,87,2671
49,88,2590
49,89,2496
49,90,2645
50,1,2846
50,2,2610
50,3,2885
50,4,3106
50,5,2838
50,6,2761
50,7,2685
50,8,2595
50,9,2569
50,10,2555
50,11,2756
50,12,2722
50,13,2702
50,14,2767
50,15,2680
50,16,2451
50,17,2448
50,18,2610
50,19,2514
50,20,2590
50,21,2575
50,22,2597
50,23,2461
50,24,2542
50,25,2634
50,26,2560
50,27,2635
50,28,2551
50,29,2524
50,30,2493
50,31,2547
50,32,2767
50,33,2862
50,34,2657
50,35,2571
50,36,2568
50,37,2621
50,38,2579
50,39,2469
50,40,2711
50,41,2686
50,42,2708
50,43,2646
50,44,2723
50,45,2565
50,46,2456
50,47,2565
50,48,2542
50,49,2673
50,50,2547
50,51,2569
50,52,2513
50,53,2516
50,54,2684
50,55,2556
50,56,2627
50,57,2656
50,58,2583
50,59,2482
50,60,2489
50,61,2505
50,62,2710
50,63,2838
50,64,2889
50,65,2855
50,66,2672
50,67,2838
50,68,2622
50,69,2642
50,70,2573
50,71,2540
50,72,2484
50,73,2428
50,74,2392
50,75,2339
50,76,2520
50,77,2460
50,78,2492
50,79,2464
50,80,2505
50,81,2585
50,82,2542
50,83,2586
50,84,2547
50,85,2590
50,86,2521
50,87,2526
50,88,2450
50,89,2384
50,90,2507
51,1,2764
51,2,2698
51,3,2843
51,4,3028
51,5,2772
51,6,2703
51,7,2611
51,8,2529
51,9,2486
51,10,2514
51,11,2701
51,12,2629
51,13,2637
51,14,2705
51,15,2592
51,16,2364
51,17,2395
51,18,2526
51,19,2443
51,20,2499
51,21,2504
51,22,2510
51,23,2378
51,24,2487
51,25,2528
51,26,2497
51,27,2562
51,28,2489
51,29,2432
51,30,2399
51,31,2628
51,32,2710
51,33,2793
51,34,2599
51,35,2506
51,36,2490
51,37,2544
51,38,2514
51,39,2417
51,40,2661
51,41,2629
51,42,2654
51,43,2594
51,44,2658
51,45,2518
51,46,2401
51,47,2491
51,48,2468
51,49,2586
51,50,2485
51,51,2490
51,52,2419
51,53,2462
51,54,2628
51,55,2505
51,56,2551
51,57,2599
51,58,2491
51,59,2414
51,60,2448
51,61,2456
51,62,2624
51,63,2781
51,64,2832
51,65,2796
51,66,2578
51,67,2751
51,68,2586
51,69,2586
51,70,2520
51,71,2460
51,72,2394
51,73,2345
51,74,2294
51,75,2284
51,76,2450
51,77,2388
51,78,2408
51,79,2393
51,80,2432
51,81,2503
51,82,2490
51,83,2527
51,84,2487
51,85,2532
51,86,2441
51,87,2472
51,88,2382
51,89,2338
51,90,2441
52,1,2725
52,2,2618
52,3,2845
52,4,3011
52,5,2759
52,6,2705
52,7,2594
52,8,2506
52,9,2453
52,10,2518
52,11,2692
52,12,2600
52,13,2623
52,14,2704
52,15,2558
52,16,2317
52,17,2385
52,18,2494
52,19,2417
52,20,2472
52,21,2453
52,22,2472
52,23,2349
52,24,2460
52,25,2506
52,26,2501
52,27,2540
52,28,2449
52,29,2382
52,30,2337
52,31,2554
52,32,2695
52,33,2780
52,34,2583
52,35,2488
52,36,2461
52,37,2511
52,38,2488
52,39,2412
52,40,2655
52,41,2616
52,42,2644
52,43,2585
52,44,2641
52,45,2495
52,46,2396
52,47,2478
52,48,2438
52,49,2527
52,50,2461
52,51,2446
52,52,2372
52,53,2441
52,54,2615
52,55,2479
52,56,2531
52,57,2585
52,58,2453
52,59,2360
52,60,2448
52,61,2458
52,62,2599
52,63,2766
52,64,2824
52,65,2793
52,66,2536
52,67,2716
52,68,2597
52,69,2577
52,70,2509
52,71,2440
52,72,2343
52,73,2302
52,74,2245
52,75,2280
52,76,2422
52,77,2373
52,78,2384
52,79,2366
52,80,2389
52,81,2456
52,82,2464
52,83,2515
52,84,2481
52,85,2523
52,86,2427
52,87,2435
52,88,2351
52,89,2337
52,90,2426
53,1,2752
53,2,2581
53,3,2931
53,4,3092
53,5,2818
53,6,2787
53,7,2612
53,8,2536
53,9,2463
53,10,2605
53,11,2756
53,12,2656
53,13,2683
53,14,2788
53,15,2574
53,16,2312
53,17,2451
53,18,2527
53,19,2474
53,20,2521
53,21,2466
53,22,2457
53,23,2348
53,24,2539
53,25,2572
53,26,2554
53,27,2606
53,28,2485
53,29,2397
53,30,2330
53,31,2532
53,32,2762
53,33,2850
53,34,2654
53,35,2553
53,36,2516
53,37,2529
53,38,2502
53,39,2487
53,40,2740
53,41,2692
53,42,2710
53,43,2667
53,44,2675
53,45,2510
53,46,2458
53,47,2527
53,48,2491
53,49,2558
53,50,2520
53,51,2452
53,52,2361
53,53,2521
53,54,2676
53,55,2537
53,56,2591
53,57,2656
53,58,2461
53,59,2353
53,60,2535
53,61,2544
53,62,2640
53,63,2829
53,64,2887
53,65,2867
53,66,2534
53,67,2721
53,68,2696
53,69,2667
53,70,2581
53,71,2490
53,72,2375
53,73,2308
53,74,2241
53,75,2369
53,76,2476
53,77,2427
53,78,2433
53,79,2422
53,80,2402
53,81,2453
53,82,2544
53,83,2581
53,84,2554
53,85,2595
53,86,2482
53,87,2462
53,88,2362
53,89,2418
53,90,2495
54,1,2845
54,2,2608
54,3,3227
54,4,3353
54,5,3076
54,6,3087
54,7,2788
54,8,2626
54,9,2530
54,10,2899
54,11,3023
54,12,2926
54,13,2965
54,14,3085
54,15,2672
54,16,2320
54,17,2706
54,18,2700
54,19,2713
54,20,2742
54,21,2708
54,22,2547
54,23,2417
54,24,2831
54,25,2827
54,26,2833
54,27,2877
54,28,2736
54,29,2446
54,30,2358
54,31,2560
54,32,3051
54,33,3138
54,34,2950
54,35,2837
54,36,2776
54,37,2639
54,38,2570
54,39,2787
54,40,3048
54,41,3001
54,42,3007
54,43,2968
54,44,2791
54,45,2580
54,46,2721
54,47,2774
54,48,2727
54,49,2746
54,50,2761
54,51,2535
54,52,2409
54,53,2821
54,54,2952
54,55,2825
54,56,2876
54,57,2932
54,58,2556
54,59,2398
54,60,2826
54,61,2833
54,62,2919
54,63,3116
54,64,3183
54,65,3165
54,66,2623
54,67,2785
54,68,3016
54,69,2983
54,70,2876
54,71,2761
54,72,2530
54,73,2375
54,74,2291
54,75,2628
54,76,2722
54,77,2670
54,78,2650
54,79,2637
54,80,2492
54,81,2508
54,82,2828
54,83,2857
54,84,2846
54,85,2885
54,86,2761
54,87,2551
54,88,2411
54,89,2680
54,90,2766
55,1,3008
55,2,2689
55,3,3803
55,4,3894
55,5,3659
55,6,3639
55,7,3050
55,8,2792
55,9,2628
55,10,3446
55,11,3601
55,12,3470
55,13,3529
55,14,3597
55,15,2849
55,16,2411
55,17,3121
55,18,3074
55,19,3089
55,20,3132
55,21,3067
55,22,2698
55,23,2463
55,24,3413
55,25,3346
55,26,3354
55,27,3357
55,28,3210
55,29,2602
55,30,2425
55,31,2655
55,32,3610
55,33,3673
55,34,3494
55,35,3388
55,36,3321
55,37,2801
55,38,2657
55,39,3318
55,40,3598
55,41,3555
55,42,3511
55,43,3485
55,44,2943
55,45,2664
55,46,3106
55,47,3164
55,48,3087
55,49,3085
55,50,3123
55,51,2681
55,52,2489
55,53,3324
55,54,3444
55,55,3355
55,56,3366
55,57,3423
55,58,2712
55,59,2468
55,60,3358
55,61,3403
55,62,3479
55,63,3689
55,64,3721
55,65,3683
55,66,2818
55,67,2889
55,68,3558
55,69,3516
55,70,3402
55,71,3299
55,72,2766
55,73,2514
55,74,2348
55,75,3025
55,76,3117
55,77,3059
55,78,3018
55,79,2989
55,80,2639
55,81,2611
55,82,3366
55,83,3345
55,84,3369
55,85,3386
55,86,3239
55,87,2705
55,88,2488
55,89,3188
55,90,3260
56,1,3332
56,2,2793
56,3,4204
56,4,4247
56,5,4051
56,6,4003
56,7,3325
56,8,3030
56,9,2852
56,10,3866
56,11,4038
56,12,3921
56,13,3988
56,14,3895
56,15,3089
56,16,2593
56,17,3540
56,18,3518
56,19,3537
56,20,3561
56,21,3530
56,22,2934
56,23,2671
56,24,3853
56,25,3765
56,26,3762
56,27,3757
56,28,3650
56,29,2923
56,30,2643
56,31,2774
56,32,4000
56,33,4026
56,34,3880
56,35,3774
56,36,3740
56,37,3063
56,38,2847
56,39,3727
56,40,3959
56,41,3910
56,42,3889
56,43,3861
56,44,3201
56,45,2849
56,46,3516
56,47,3558
56,48,3498
56,49,3470
56,50,3513
56,51,2945
56,52,2679
56,53,3726
56,54,3811
56,55,3786
56,56,3752
56,57,3799
56,58,3008
56,59,2696
56,60,3744
56,61,3789
56,62,3882
56,63,4082
56,64,4060
56,65,4024
56,66,3088
56,67,3078
56,68,3921
56,69,3878
56,70,3768
56,71,3691
56,72,3067
56,73,2764
56,74,2573
56,75,3408
56,76,3479
56,77,3427
56,78,3427
56,79,3382
56,80,2924
56,81,2796
56,82,3780
56,83,3716
56,84,3727
56,85,3735
56,86,3629
56,87,2989
56,88,2695
56,89,3593
56,90,3677
57,1,3658
57,2,3009
57,3,4314
57,4,4301
57,5,4161
57,6,4056
57,7,3535
57,8,3318
57,9,3181
57,10,3965
57,11,4175
57,12,4058
57,13,4145
57,14,4030
57,15,3351
57,16,2884
57,17,3779
57,18,3743
57,19,3760
57,20,3781
57,21,3810
57,22,3202
57,23,2887
57,24,4016
57,25,3881
57,26,3891
57,27,3873
57,28,3817
57,29,3263
57,30,2933
57,31,3008
57,32,4099
57,33,4065
57,34,3946
57,35,3888
57,36,3883
57,37,3351
57,38,3094
57,39,3834
57,40,4020
57,41,3962
57,42,3933
57,43,3945
57,44,3450
57,45,3066
57,46,3737
57,47,3744
57,48,3738
57,49,3670
57,50,3722
57,51,3276
57,52,2983
57,53,3877
57,54,3883
57,55,3957
57,56,3879
57,57,3897
57,58,3374
57,59,3012
57,60,3845
57,61,3879
57,62,4004
57,63,4181
57,64,4106
57,65,4071
57,66,3439
57,67,3307
57,68,3976
57,69,3921
57,70,3841
57,71,3823
57,72,3332
57,73,3094
57,74,2852
57,75,3642
57,76,3653
57,77,3657
57,78,3659
57,79,3612
57,80,3243
57,81,3095
57,82,3923
57,83,3817
57,84,3816
57,85,3826
57,86,3758
57,87,3258
57,88,2946
57,89,3746
57,90,3809
58,1,3883
58,2,3228
58,3,4355
58,4,4286
58,5,4188
58,6,4040
58,7,3663
58,8,3490
58,9,3395
58,10,4009
58,11,4214
58,12,4107
58,13,4210
58,14,4042
58,15,3502
58,16,3103
58,17,3873
58,18,3856
58,19,3885
58,20,3903
58,21,3955
58,22,3416
58,23,3092
58,24,4098
58,25,3915
58,26,3926
58,27,3924
58,28,3906
58,29,3463
58,30,3211
58,31,3288
58,32,4111
58,33,4061
58,34,3950
58,35,3931
58,36,3943
58,37,3532
58,38,3264
58,39,3873
58,40,4012
58,41,3966
58,42,3952
58,43,3956
58,44,3575
58,45,3266
58,46,3877
58,47,3852
58,48,3903
58,49,3798
58,50,3821
58,51,3550
58,52,3216
58,53,3963
58,54,3919
58,55,4036
58,56,3910
58,57,3935
58,58,3608
58,59,3285
58,60,3899
58,61,3905
58,62,4050
58,63,4185
58,64,4090
58,65,4059
58,66,3719
58,67,3472
58,68,3975
58,69,3913
58,70,3870
58,71,3876
58,72,3510
58,73,3336
58,74,3046
58,75,3781
58,76,3755
58,77,3749
58,78,3806
58,79,3738
58,80,3485
58,81,3382
58,82,3993
58,83,3845
58,84,3844
58,85,3868
58,86,3802
58,87,3406
58,88,3136
58,89,3827
58,90,3861
59,1,3941
59,2,3392
59,3,4391
59,4,4278
59,5,4187
59,6,4001
59,7,3693
59,8,3533
59,9,3473
59,10,4019
59,11,4262
59,12,4100
59,13,4253
59,14,4041
59,15,3540
59,16,3208
59,17,3955
59,18,3924
59,19,3952
59,20,3969
59,21,4035
59,22,3492
59,23,3218
59,24,4154
59,25,3963
59,26,3950
59,27,3962
59,28,4002
59,29,3552
59,30,3365
59,31,3469
59,32,4136
59,33,4054
59,34,3972
59,35,3964
59,36,3959
59,37,3567
59,38,3329
59,39,3933
59,40,4012
59,41,3986
59,42,3945
59,43,3967
59,44,3578
59,45,3315
59,46,3956
59,47,3931
59,48,4037
59,49,3874
59,50,3879
59,51,3701
59,52,3346
59,53,4019
59,54,3946
59,55,4103
59,56,3963
59,57,3955
59,58,3716
59,59,3429
59,60,3947
59,61,3952
59,62,4100
59,63,4175
59,64,4083
59,65,4056
59,66,3850
59,67,3510
59,68,3971
59,69,3934
59,70,3898
59,71,3962
59,72,3613
59,73,3425
59,74,3114
59,75,3847
59,76,3829
59,77,3822
59,78,3894
59,79,3798
59,80,3615
59,81,3573
59,82,4051
59,83,3891
59,84,3878
59,85,3909
59,86,3846
59,87,3449
59,88,3217
59,89,3889
59,90,3918
60,1,3909
60,2,3475
60,3,4371
60,4,4223
60,5,4142
60,6,3999
60,7,3664
60,8,3487
60,9,3488
60,10,4021
60,11,4265
60,12,4159
60,13,4200
60,14,3994
60,15,3497
60,16,3251
60,17,3978
60,18,3942
60,19,3952
60,20,3991
60,21,4034
60,22,3462
60,23,3237
60,24,4164
60,25,3973
60,26,3932
60,27,3963
60,28,4040
60,29,3551
60,30,3459
60,31,3593
60,32,4131
60,33,4018
60,34,3958
60,35,3966
60,36,3944
60,37,3536
60,38,3350
60,39,3905
60,40,3985
60,41,3961
60,42,3936
60,43,3942
60,44,3519
60,45,3338
60,46,3989
60,47,3961
60,48,4125
60,49,3859
60,50,3871
60,51,3742
60,52,3386
60,53,4027
60,54,3951
60,55,4109
60,56,3956
60,57,3929
60,58,3757
60,59,3495
60,60,3954
60,61,3978
60,62,4099
60,63,4155
60,64,4045
60,65,4019
60,66,3895
60,67,3509
60,68,3961
60,69,3915
60,70,3898
60,71,3968
60,72,3613
60,73,3420
60,74,3133
60,75,3863
60,76,3839
60,77,3848
60,78,3928
60,79,3810
60,80,3652
60,81,3680
60,82,4047
60,83,3908
60,84,3862
60,85,3921
60,86,3838
60,87,3411
60,88,3244
60,89,3899
60,90,3918
61,1,3784
61,2,3516
61,3,4308
61,4,4148
61,5,4033
61,6,3900
61,7,3605
61,8,3409
61,9,3443
61,10,3939
61,11,4230
61,12,4099
61,13,4082
61,14,3917
61,15,3417
61,16,3240
61,17,3983
61,18,3922
61,19,3890
61,20,3989
61,21,3989
61,22,3386
61,23,3221
61,24,4127
61,25,3947
61,26,3899
61,27,3948
61,28,4032
61,29,3517
61,30,3491
61,31,3661
61,32,4103
61,33,3963
61,34,3905
61,35,3938
61,36,3889
61,37,3457
61,38,3318
61,39,3869
61,40,3922
61,41,3907
61,42,3883
61,43,3873
61,44,3422
61,45,3306
61,46,3974
61,47,3935
61,48,4144
61,49,3873
61,50,3834
61,51,3739
61,52,3369
61,53,3988
61,54,3928
61,55,4083
61,56,3926
61,57,3886
61,58,3758
61,59,3459
61,60,3923
61,61,3986
61,62,4060
61,63,4107
61,64,4002
61,65,3984
61,66,3865
61,67,3461
61,68,3922
61,69,3892
61,70,3867
61,71,3919
61,72,3579
61,73,3384
61,74,3106
61,75,3828
61,76,3826
61,77,3847
61,78,3927
61,79,3779
61,80,3629
61,81,3707
61,82,4001
61,83,3890
61,84,3831
61,85,3900
61,86,3803
61,87,3346
61,88,3230
61,89,3889
61,90,3889
62,1,3652
62,2,3534
62,3,4250
62,4,4101
62,5,3983
62,6,3909
62,7,3550
62,8,3320
62,9,3291
62,10,3885
62,11,4221
62,12,4105
62,13,4027
62,14,3883
62,15,3338
62,16,3201
62,17,4009
62,18,3935
62,19,3876
62,20,4013
62,21,3958
62,22,3304
62,23,3194
62,24,4111
62,25,3951
62,26,3882
62,27,3956
62,28,4053
62,29,3472
62,30,3472
62,31,3657
62,32,4056
62,33,3962
62,34,3896
62,35,3939
62,36,3878
62,37,3373
62,38,3259
62,39,3853
62,40,3896
62,41,3882
62,42,3874
62,43,3836
62,44,3323
62,45,3248
62,46,3983
62,47,3977
62,48,4194
62,49,3875
62,50,3817
62,51,3688
62,52,3304
62,53,3932
62,54,3914
62,55,4074
62,56,3930
62,57,3874
62,58,3677
62,59,3362
62,60,3910
62,61,4000
62,62,4058
62,63,4070
62,64,3979
62,65,4009
62,66,3838
62,67,3374
62,68,3883
62,69,3866
62,70,3872
62,71,3917
62,72,3541
62,73,3337
62,74,3005
62,75,3804
62,76,3832
62,77,3861
62,78,3964
62,79,3774
62,80,3592
62,81,3681
62,82,3968
62,83,3894
62,84,3823
62,85,3907
62,86,3801
62,87,3270
62,88,3191
62,89,3893
62,90,3885
63,1,3603
63,2,3535
63,3,4164
63,4,4015
63,5,3917
63,6,3806
63,7,3502
63,8,3232
63,9,3157
63,10,3922
63,11,4203
63,12,4033
63,13,3936
63,14,3797
63,15,3262
63,16,3151
63,17,3998
63,18,3898
63,19,3829
63,20,4013
63,21,3894
63,22,3229
63,23,3183
63,24,4065
63,25,3909
63,26,3827
63,27,3931
63,28,4011
63,29,3419
63,30,3421
63,31,3613
63,32,3993
63,33,3883
63,34,3861
63,35,3894
63,36,3822
63,37,3274
63,38,3201
63,39,3808
63,40,3845
63,41,3816
63,42,3823
63,43,3771
63,44,3238
63,45,3184
63,46,3946
63,47,3965
63,48,4175
63,49,3831
63,50,3763
63,51,3618
63,52,3231
63,53,3886
63,54,3866
63,55,4030
63,56,3881
63,57,3826
63,58,3606
63,59,3263
63,60,3860
63,61,3985
63,62,4014
63,63,3992
63,64,3913
63,65,4002
63,66,3762
63,67,3269
63,68,3828
63,69,3823
63,70,3817
63,71,3887
63,72,3507
63,73,3286
63,74,2872
63,75,3752
63,76,3802
63,77,3840
63,78,3946
63,79,3731
63,80,3525
63,81,3628
63,82,3896
63,83,3876
63,84,3776
63,85,3880
63,86,3762
63,87,3198
63,88,3138
63,89,3850
63,90,3853
64,1,3526
64,2,3522
64,3,4083
64,4,3928
64,5,3833
64,6,3774
64,7,3433
64,8,3189
64,9,3038
64,10,3828
64,11,4239
64,12,4000
64,13,3856
64,14,3720
64,15,3216
64,16,3111
64,17,3959
64,18,3852
64,19,3758
64,20,3983
64,21,3813
64,22,3174
64,23,3209
64,24,4056
64,25,3876
64,26,3776
64,27,3885
64,28,3938
64,29,3401
64,30,3397
64,31,3597
64,32,3948
64,33,3822
64,34,3823
64,35,3849
64,36,3745
64,37,3219
64,38,3172
64,39,3775
64,40,3789
64,41,3762
64,42,3771
64,43,3696
64,44,3189
64,45,3138
64,46,3898
64,47,3929
64,48,4136
64,49,3776
64,50,3685
64,51,3563
64,52,3194
64,53,3859
64,54,3828
64,55,4003
64,56,3830
64,57,3761
64,58,3583
64,59,3198
64,60,3828
64,61,3969
64,62,3977
64,63,3924
64,64,3874
64,65,3970
64,66,3708
64,67,3211
64,68,3779
64,69,3780
64,70,3773
64,71,3822
64,72,3467
64,73,3255
64,74,2821
64,75,3685
64,76,3754
64,77,3787
64,78,3910
64,79,3655
64,80,3487
64,81,3598
64,82,3848
64,83,3828
64,84,3730
64,85,3833
64,86,3707
64,87,3156
64,88,3116
64,89,3839
64,90,3828
65,1,3608
65,2,3590
65,3,4082
65,4,3904
65,5,3830
65,6,3803
65,7,3413
65,8,3196
65,9,2994
65,10,3884
65,11,4362
65,12,4025
65,13,3814
65,14,3657
65,15,3208
65,16,3106
65,17,3910
65,18,3831
65,19,3724
65,20,3941
65,21,3759
65,22,3158
65,23,3279
65,24,4086
65,25,3847
65,26,3759
65,27,3856
65,28,3860
65,29,3399
65,30,3432
65,31,3655
65,32,4003
65,33,3787
65,34,3792
65,35,3838
65,36,3693
65,37,3215
65,38,3190
65,39,3765
65,40,3781
65,41,3759
65,42,3745
65,43,3657
65,44,3166
65,45,3145
65,46,3854
65,47,3898
65,48,4081
65,49,3745
65,50,3648
65,51,3582
65,52,3214
65,53,3865
65,54,3795
65,55,4020
65,56,3811
65,57,3707
65,58,3605
65,59,3201
65,60,3863
65,61,4020
65,62,3954
65,63,3921
65,64,3862
65,65,4000
65,66,3689
65,67,3224
65,68,3758
65,69,3743
65,70,3739
65,71,3786
65,72,3498
65,73,3259
65,74,2792
65,75,3655
65,76,3726
65,77,3733
65,78,3858
65,79,3593
65,80,3521
65,81,3622
65,82,3824
65,83,3815
65,84,3712
65,85,3793
65,86,3657
65,87,3152
65,88,3138
65,89,3808
65,90,3858
66,1,3730
66,2,3704
66,3,4121
66,4,3923
66,5,3853
66,6,3870
66,7,3441
66,8,3239
66,9,3054
66,10,4004
66,11,4415
66,12,4117
66,13,3799
66,14,3613
66,15,3247
66,16,3191
66,17,3881
66,18,3791
66,19,3678
66,20,3899
66,21,3748
66,22,3188
66,23,3412
66,24,4155
66,25,3834
66,26,3748
66,27,3810
66,28,3771
66,29,3411
66,30,3519
66,31,3766
66,32,4097
66,33,3781
66,34,3772
66,35,3858
66,36,3659
66,37,3244
66,38,3258
66,39,3783
66,40,3799
66,41,3748
66,42,3734
66,43,3601
66,44,3213
66,45,3193
66,46,3821
66,47,3845
66,48,4014
66,49,3701
66,50,3643
66,51,3630
66,52,3303
66,53,3876
66,54,3765
66,55,4035
66,56,3798
66,57,3654
66,58,3656
66,59,3251
66,60,3934
66,61,4127
66,62,3950
66,63,3968
66,64,3868
66,65,3983
66,66,3705
66,67,3283
66,68,3748
66,69,3728
66,70,3765
66,71,3737
66,72,3583
66,73,3279
66,74,2809
66,75,3648
66,76,3681
66,77,3700
66,78,3766
66,79,3527
66,80,3588
66,81,3664
66,82,3811
66,83,3840
66,84,3683
66,85,3743
66,86,3591
66,87,3177
66,88,3200
66,89,3786
66,90,3924
67,1,3945
67,2,3827
67,3,4195
67,4,3948
67,5,3855
67,6,3925
67,7,3436
67,8,3298
67,9,3211
67,10,4098
67,11,4423
67,12,4113
67,13,3787
67,14,3618
67,15,3294
67,16,3237
67,17,3866
67,18,3737
67,19,3669
67,20,3841
67,21,3748
67,22,3200
67,23,3542
67,24,4160
67,25,3793
67,26,3712
67,27,3745
67,28,3680
67,29,3387
67,30,3577
67,31,3843
67,32,4155
67,33,3803
67,34,3768
67,35,3914
67,36,3624
67,37,3282
67,38,3324
67,39,3801
67,40,3807
67,41,3757
67,42,3710
67,43,3570
67,44,3221
67,45,3232
67,46,3721
67,47,3764
67,48,3917
67,49,3642
67,50,3683
67,51,3619
67,52,3360
67,53,3866
67,54,3722
67,55,4015
67,56,3771
67,57,3598
67,58,3659
67,59,3314
67,60,3981
67,61,4221
67,62,3972
67,63,4025
67,64,3872
67,65,3928
67,66,3739
67,67,3369
67,68,3762
67,69,3715
67,70,3807
67,71,3708
67,72,3583
67,73,3277
67,74,2870
67,75,3652
67,76,3660
67,77,3654
67,78,3685
67,79,3457
67,80,3619
67,81,3675
67,82,3825
67,83,3949
67,84,3667
67,85,3695
67,86,3526
67,87,3202
67,88,3237
67,89,3756
67,90,3931
68,1,3937
68,2,3987
68,3,4447
68,4,4181
68,5,4058
68,6,4032
68,7,3558
68,8,3449
68,9,3472
68,10,4216
68,11,4428
68,12,4196
68,13,3949
68,14,3689
68,15,3431
68,16,3334
68,17,3956
68,18,3809
68,19,3806
68,20,3897
68,21,3794
68,22,3287
68,23,3701
68,24,4170
68,25,3859
68,26,3778
68,27,3796
68,28,3651
68,29,3428
68,30,3650
68,31,4021
68,32,4302
68,33,4021
68,34,3966
68,35,4083
68,36,3737
68,37,3434
68,38,3531
68,39,3985
68,40,3996
68,41,3932
68,42,3871
68,43,3705
68,44,3367
68,45,3384
68,46,3824
68,47,3828
68,48,3994
68,49,3706
68,50,3772
68,51,3629
68,52,3477
68,53,3977
68,54,3806
68,55,4079
68,56,3875
68,57,3637
68,58,3673
68,59,3442
68,60,4078
68,61,4326
68,62,4193
68,63,4210
68,64,4094
68,65,3986
68,66,3835
68,67,3620
68,68,3945
68,69,3888
68,70,3947
68,71,3809
68,72,3634
68,73,3389
68,74,3096
68,75,3765
68,76,3743
68,77,3720
68,78,3733
68,79,3525
68,80,3672
68,81,3757
68,82,3963
68,83,4036
68,84,3764
68,85,3753
68,86,3542
68,87,3252
68,88,3341
68,89,3804
68,90,3980
69,1,3810
69,2,4029
69,3,4556
69,4,4283
69,5,4168
69,6,4035
69,7,3691
69,8,3620
69,9,3632
69,10,4197
69,11,4310
69,12,4159
69,13,4123
69,14,3852
69,15,3521
69,16,3541
69,17,4019
69,18,3922
69,19,3923
69,20,3992
69,21,3827
69,22,3474
69,23,3810
69,24,4131
69,25,4002
69,26,4006
69,27,3982
69,28,3831
69,29,3608
69,30,3729
69,31,4039
69,32,4355
69,33,4117
69,34,4069
69,35,4086
69,36,3846
69,37,3585
69,38,3747
69,39,4115
69,40,4104
69,41,4093
69,42,4029
69,43,3859
69,44,3533
69,45,3588
69,46,3960
69,47,3958
69,48,4101
69,49,3859
69,50,3773
69,51,3610
69,52,3691
69,53,4134
69,54,3988
69,55,4113
69,56,4034
69,57,3823
69,58,3655
69,59,3685
69,60,4089
69,61,4224
69,62,4247
69,63,4296
69,64,4198
69,65,3973
69,66,3885
69,67,3814
69,68,4071
69,69,4003
69,70,3990
69,71,3886
69,72,3616
69,73,3553
69,74,3340
69,75,3862
69,76,3829
69,77,3880
69,78,3842
69,79,3671
69,80,3660
69,81,3772
69,82,4061
69,83,3979
69,84,3980
69,85,3941
69,86,3725
69,87,3442
69,88,3573
69,89,3965
69,90,4021
70,1,3608
70,2,3839
70,3,4308
70,4,4051
70,5,3937
70,6,3811
70,7,3557
70,8,3492
70,9,3442
70,10,3885
70,11,3985
70,12,3901
70,13,3918
70,14,3674
70,15,3364
70,16,3342
70,17,3764
70,18,3689
70,19,3693
70,20,3761
70,21,3684
70,22,3395
70,23,3511
70,24,3836
70,25,3759
70,26,3801
70,27,3779
70,28,3668
70,29,3482
70,30,3487
70,31,3816
70,32,4073
70,33,3870
70,34,3809
70,35,3816
70,36,3658
70,37,3459
70,38,3496
70,39,3855
70,40,3858
70,41,3858
70,42,3799
70,43,3704
70,44,3410
70,45,3385
70,46,3715
70,47,3726
70,48,3856
70,49,3658
70,50,3585
70,51,3440
70,52,3516
70,53,3890
70,54,3751
70,55,3860
70,56,3805
70,57,3653
70,58,3477
70,59,3506
70,60,3804
70,61,3924
70,62,3995
70,63,4049
70,64,3960
70,65,3777
70,66,3721
70,67,3578
70,68,3816
70,69,3752
70,70,3727
70,71,3677
70,72,3428
70,73,3407
70,74,3184
70,75,3626
70,76,3592
70,77,3633
70,78,3606
70,79,3501
70,80,3489
70,81,3517
70,82,3786
70,83,3697
70,84,3775
70,85,3726
70,86,3577
70,87,3333
70,88,3377
70,89,3714
70,90,3762
71,1,3370
71,2,3569
71,3,3934
71,4,3660
71,5,3544
71,6,3472
71,7,3268
71,8,3259
71,9,3153
71,10,3537
71,11,3499
71,12,3460
71,13,3537
71,14,3393
71,15,3105
71,16,3067
71,17,3386
71,18,3299
71,19,3353
71,20,3384
71,21,3316
71,22,3105
71,23,3175
71,24,3389
71,25,3329
71,26,3402
71,27,3361
71,28,3330
71,29,3219
71,30,3154
71,31,3496
71,32,3679
71,33,3449
71,34,3392
71,35,3393
71,36,3361
71,37,3216
71,38,3150
71,39,3451
71,40,3440
71,41,3473
71,42,3406
71,43,3426
71,44,3180
71,45,3080
71,46,3325
71,47,3337
71,48,3464
71,49,3294
71,50,3280
71,51,3176
71,52,3175
71,53,3460
71,54,3342
71,55,3421
71,56,3412
71,57,3344
71,58,3205
71,59,3167
71,60,3368
71,61,3543
71,62,3601
71,63,3661
71,64,3575
71,65,3463
71,66,3475
71,67,3252
71,68,3397
71,69,3341
71,70,3332
71,71,3297
71,72,3151
71,73,3143
71,74,2932
71,75,3249
71,76,3232
71,77,3277
71,78,3226
71,79,3204
71,80,3239
71,81,3192
71,82,3374
71,83,3291
71,84,3371
71,85,3313
71,86,3264
71,87,3091
71,88,3046
71,89,3297
71,90,3344
72,1,3128
72,2,3276
72,3,3572
72,4,3293
72,5,3154
72,6,3124
72,7,3003
72,8,2993
72,9,2878
72,10,3091
72,11,3150
72,12,3074
72,13,3195
72,14,3079
72,15,2865
72,16,2780
72,17,3021
72,18,2946
72,19,2977
72,20,3024
72,21,3035
72,22,2874
72,23,2892
72,24,3055
72,25,2975
72,26,3048
72,27,2996
72,28,2990
72,29,2932
72,30,2843
72,31,3154
72,32,3285
72,33,3049
72,34,2987
72,35,2993
72,36,3022
72,37,2956
72,38,2822
72,39,3072
72,40,3058
72,41,3089
72,42,3022
72,43,3097
72,44,2915
72,45,2804
72,46,2967
72,47,2966
72,48,3107
72,49,2951
72,50,2972
72,51,2943
72,52,2878
72,53,3069
72,54,2955
72,55,3032
72,56,3044
72,57,3009
72,58,2932
72,59,2842
72,60,2983
72,61,3134
72,62,3226
72,63,3280
72,64,3236
72,65,3152
72,66,3229
72,67,2937
72,68,3018
72,69,2974
72,70,2946
72,71,2945
72,72,2834
72,73,2847
72,74,2647
72,75,2912
72,76,2860
72,77,2917
72,78,2880
72,79,2915
72,80,2976
72,81,2878
72,82,2987
72,83,2923
72,84,2987
72,85,2944
72,86,2948
72,87,2826
72,88,2729
72,89,2911
72,90,2963
73,1,2872
73,2,3015
73,3,3269
73,4,2983
73,5,2887
73,6,2823
73,7,2742
73,8,2741
73,9,2654
73,10,2883
73,11,2877
73,12,2846
73,13,2945
73,14,2825
73,15,2639
73,16,2564
73,17,2799
73,18,2659
73,19,2720
73,20,2760
73,21,2753
73,22,2614
73,23,2681
73,24,2764
73,25,2704
73,26,2772
73,27,2693
73,28,2708
73,29,2668
73,30,2606
73,31,2887
73,32,3009
73,33,2790
73,34,2712
73,35,2714
73,36,2766
73,37,2698
73,38,2589
73,39,2828
73,40,2808
73,41,2830
73,42,2767
73,43,2848
73,44,2696
73,45,2575
73,46,2696
73,47,2690
73,48,2831
73,49,2690
73,50,2720
73,51,2670
73,52,2632
73,53,2808
73,54,2696
73,55,2768
73,56,2784
73,57,2735
73,58,2666
73,59,2603
73,60,2737
73,61,2856
73,62,2962
73,63,3023
73,64,2973
73,65,2847
73,66,2990
73,67,2722
73,68,2762
73,69,2697
73,70,2687
73,71,2643
73,72,2581
73,73,2571
73,74,2442
73,75,2649
73,76,2598
73,77,2640
73,78,2612
73,79,2670
73,80,2735
73,81,2654
73,82,2722
73,83,2672
73,84,2717
73,85,2656
73,86,2671
73,87,2590
73,88,2496
73,89,2645
73,90,2694
74,1,2722
74,2,2885
74,3,3106
74,4,2838
74,5,2761
74,6,2685
74,7,2595
74,8,2569
74,9,2555
74,10,2756
74,11,2722
74,12,2702
74,13,2767
74,14,2680
74,15,2451
74,16,2448
74,17,2610
74,18,2514
74,19,2590
74,20,2575
74,21,2597
74,22,2461
74,23,2542
74,24,2634
74,25,2560
74,26,2635
74,27,2551
74,28,2524
74,29,2493
74,30,2474
74,31,2767
74,32,2862
74,33,2657
74,34,2571
74,35,2568
74,36,2621
74,37,2579
74,38,2469
74,39,2711
74,40,2686
74,41,2708
74,42,2646
74,43,2723
74,44,2565
74,45,2456
74,46,2565
74,47,2542
74,48,2673
74,49,2547
74,50,2569
74,51,2513
74,52,2516
74,53,2684
74,54,2556
74,55,2627
74,56,2656
74,57,2583
74,58,2482
74,59,2489
74,60,2614
74,61,2710
74,62,2838
74,63,2889
74,64,2855
74,65,2672
74,66,2838
74,67,2622
74,68,2642
74,69,2573
74,70,2540
74,71,2484
74,72,2428
74,73,2392
74,74,2339
74,75,2520
74,76,2460
74,77,2492
74,78,2464
74,79,2505
74,80,2585
74,81,2542
74,82,2586
74,83,2547
74,84,2590
74,85,2521
74,86,2526
74,87,2450
74,88,2384
74,89,2507
74,90,2576
75,1,2698
75,2,2843
75,3,3028
75,4,2772
75,5,2703
75,6,2611
75,7,2529
75,8,2486
75,9,2514
75,10,2701
75,11,2629
75,12,2637
75,13,2705
75,14,2592
75,15,2364
75,16,2395
75,17,2526
75,18,2443
75,19,2499
75,20,2504
75,21,2510
75,22,2378
75,23,2487
75,24,2528
75,25,2497
75,26,2562
75,27,2489
75,28,2432
75,29,2399
75,30,2419
75,31,2710
75,32,2793
75,33,2599
75,34,2506
75,35,2490
75,36,2544
75,37,2514
75,38,2417
75,39,2661
75,40,2629
75,41,2654
75,42,2594
75,43,2658
75,44,2518
75,45,2401
75,46,2491
75,47,2468
75,48,2586
75,49,2485
75,50,2490
75,51,2419
75,52,2462
75,53,2628
75,54,2505
75,55,2551
75,56,2599
75,57,2491
75,58,2414
75,59,2448
75,60,2557
75,61,2624
75,62,2781
75,63,2832
75,64,2796
75,65,2578
75,66,2751
75,67,2586
75,68,2586
75,69,2520
75,70,2460
75,71,2394
75,72,2345
75,73,2294
75,74,2284
75,75,2450
75,76,2388
75,77,2408
75,78,2393
75,79,2432
75,80,2503
75,81,2490
75,82,2527
75,83,2487
75,84,2532
75,85,2441
75,86,2472
75,87,2382
75,88,2338
75,89,2441
75,90,2500
76,1,2618
76,2,2845
76,3,3011
76,4,2759
76,5,2705
76,6,2594
76,7,2506
76,8,2453
76,9,2518
76,10,2692
76,11,2600
76,12,2623
76,13,2704
76,14,2558
76,15,2317
76,16,2385
76,17,2494
76,18,2417
76,19,2472
76,20,2453
76,21,2472
76,22,2349
76,23,2460
76,24,2506
76,25,2501
76,26,2540
76,27,2449
76,28,2382
76,29,2337
76,30,2401
76,31,2695
76,32,2780
76,33,2583
76,34,2488
76,35,2461
76,36,2511
76,37,2488
76,38,2412
76,39,2655
76,40,2616
76,41,2644
76,42,2585
76,43,2641
76,44,2495
76,45,2396
76,46,2478
76,47,2438
76,48,2527
76,49,2461
76,50,2446
76,51,2372
76,52,2441
76,53,2615
76,54,2479
76,55,2531
76,56,2585
76,57,2453
76,58,2360
76,59,2448
76,60,2549
76,61,2599
76,62,2766
76,63,2824
76,64,2793
76,65,2536
76,66,2716
76,67,2597
76,68,2577
76,69,2509
76,70,2440
76,71,2343
76,72,2302
76,73,2245
76,74,2280
76,75,2422
76,76,2373
76,77,2384
76,78,2366
76,79,2389
76,80,2456
76,81,2464
76,82,2515
76,83,2481
76,84,2523
76,85,2427
76,86,2435
76,87,2351
76,88,2337
76,89,2426
76,90,2473
77,1,2581
77,2,2931
77,3,3092
77,4,2818
77,5,2787
77,6,2612
77,7,2536
77,8,2463
77,9,2605
77,10,2756
77,11,2656
77,12,2683
77,13,2788
77,14,2574
77,15,2312
77,16,2451
77,17,2527
77,18,2474
77,19,2521
77,20,2466
77,21,2457
77,22,2348
77,23,2539
77,24,2572
77,25,2554
77,26,2606
77,27,2485
77,28,2397
77,29,2330
77,30,2467
77,31,2762
77,32,2850
77,33,2654
77,34,2553
77,35,2516
77,36,2529
77,37,2502
77,38,2487
77,39,2740
77,40,2692
77,41,2710
77,42,2667
77,43,2675
77,44,2510
77,45,2458
77,46,2527
77,47,2491
77,48,2558
77,49,2520
77,50,2452
77,51,2361
77,52,2521
77,53,2676
77,54,2537
77,55,2591
77,56,2656
77,57,2461
77,58,2353
77,59,2535
77,60,2622
77,61,2640
77,62,2829
77,63,2887
77,64,2867
77,65,2534
77,66,2721
77,67,2696
77,68,2667
77,69,2581
77,70,2490
77,71,2375
77,72,2308
77,73,2241
77,74,2369
77,75,2476
77,76,2427
77,77,2433
77,78,2422
77,79,2402
77,80,2453
77,81,2544
77,82,2581
77,83,2554
77,84,2595
77,85,2482
77,86,2462
77,87,2362
77,88,2418
77,89,2495
77,90,2538
78,1,2608
78,2,3227
78,3,3353
78,4,3076
78,5,3087
78,6,2788
78,7,2626
78,8,2530
78,9,2899
78,10,3023
78,11,2926
78,12,2965
78,13,3085
78,14,2672
78,15,2320
78,16,2706
78,17,2700
78,18,2713
78,19,2742
78,20,2708
78,21,2547
78,22,2417
78,23,2831
78,24,2827
78,25,2833
78,26,2877
78,27,2736
78,28,2446
78,29,2358
78,30,2745
78,31,3051
78,32,3138
78,33,2950
78,34,2837
78,35,2776
78,36,2639
78,37,2570
78,38,2787
78,39,3048
78,40,3001
78,41,3007
78,42,2968
78,43,2791
78,44,2580
78,45,2721
78,46,2774
78,47,2727
78,48,2746
78,49,2761
78,50,2535
78,51,2409
78,52,2821
78,53,2952
78,54,2825
78,55,2876
78,56,2932
78,57,2556
78,58,2398
78,59,2826
78,60,2908
78,61,2919
78,62,3116
78,63,3183
78,64,3165
78,65,2623
78,66,2785
78,67,3016
78,68,2983
78,69,2876
78,70,2761
78,71,2530
78,72,2375
78,73,2291
78,74,2628
78,75,2722
78,76,2670
78,77,2650
78,78,2637
78,79,2492
78,80,2508
78,81,2828
78,82,2857
78,83,2846
78,84,2885
78,85,2761
78,86,2551
78,87,2411
78,88,2680
78,89,2766
78,90,2820
79,1,2689
79,2,3803
79,3,3894
79,4,3659
79,5,3639
79,6,3050
79,7,2792
79,8,2628
79,9,3446
79,10,3601
79,11,3470
79,12,3529
79,13,3597
79,14,2849
79,15,2411
79,16,3121
79,17,3074
79,18,3089
79,19,3132
79,20,3067
79,21,2698
79,22,2463
79,23,3413
79,24,3346
79,25,3354
79,26,3357
79,27,3210
79,28,2602
79,29,2425
79,30,3280
79,31,3610
79,32,3673
79,33,3494
79,34,3388
79,35,3321
79,36,2801
79,37,2657
79,38,3318
79,39,3598
79,40,3555
79,41,3511
79,42,3485
79,43,2943
79,44,2664
79,45,3106
79,46,3164
79,47,3087
79,48,3085
79,49,3123
79,50,2681
79,51,2489
79,52,3324
79,53,3444
79,54,3355
79,55,3366
79,56,3423
79,57,2712
79,58,2468
79,59,3358
79,60,3423
79,61,3479
79,62,3689
79,63,3721
79,64,3683
79,65,2818
79,66,2889
79,67,3558
79,68,3516
79,69,3402
79,70,3299
79,71,2766
79,72,2514
79,73,2348
79,74,3025
79,75,3117
79,76,3059
79,77,3018
79,78,2989
79,79,2639
79,80,2611
79,81,3366
79,82,3345
79,83,3369
79,84,3386
79,85,3239
79,86,2705
79,87,2488
79,88,3188
79,89,3260
79,90,3318
80,1,2793
80,2,4204
80,3,4247
80,4,4051
80,5,4003
80,6,3325
80,7,3030
80,8,2852
80,9,3866
80,10,4038
80,11,3921
80,12,3988
80,13,3895
80,14,3089
80,15,2593
80,16,3540
80,17,3518
80,18,3537
80,19,3561
80,20,3530
80,21,2934
80,22,2671
80,23,3853
80,24,3765
80,25,3762
80,26,3757
80,27,3650
80,28,2923
80,29,2643
80,30,3754
80,31,4000
80,32,4026
80,33,3880
80,34,3774
80,35,3740
80,36,3063
80,37,2847
80,38,3727
80,39,3959
80,40,3910
80,41,3889
80,42,3861
80,43,3201
80,44,2849
80,45,3516
80,46,3558
80,47,3498
80,48,3470
80,49,3513
80,50,2945
80,51,2679
80,52,3726
80,53,3811
80,54,3786
80,55,3752
80,56,3799
80,57,3008
80,58,2696
80,59,3744
80,60,3805
80,61,3882
80,62,4082
80,63,4060
80,64,4024
80,65,3088
80,66,3078
80,67,3921
80,68,3878
80,69,3768
80,70,3691
80,71,3067
80,72,2764
80,73,2573
80,74,3408
80,75,3479
80,76,3427
80,77,3427
80,78,3382
80,79,2924
80,80,2796
80,81,3780
80,82,3716
80,83,3727
80,84,3735
80,85,3629
80,86,2989
80,87,2695
80,88,3593
80,89,3677
80,90,3714
81,1,3009
81,2,4314
81,3,4301
81,4,4161
81,5,4056
81,6,3535
81,7,3318
81,8,3181
81,9,3965
81,10,4175
81,11,4058
81,12,4145
81,13,4030
81,14,3351
81,15,2884
81,16,3779
81,17,3743
81,18,3760
81,19,3781
81,20,3810
81,21,3202
81,22,2887
81,23,4016
81,24,3881
81,25,3891
81,26,3873
81,27,3817
81,28,3263
81,29,2933
81,30,3948
81,31,4099
81,32,4065
81,33,3946
81,34,3888
81,35,3883
81,36,3351
81,37,3094
81,38,3834
81,39,4020
81,40,3962
81,41,3933
81,42,3945
81,43,3450
81,44,3066
81,45,3737
81,46,3744
81,47,3738
81,48,3670
81,49,3722
81,50,3276
81,51,2983
81,52,3877
81,53,3883
81,54,3957
81,55,3879
81,56,3897
81,57,3374
81,58,3012
81,59,3845
81,60,3883
81,61,4004
81,62,4181
81,63,4106
81,64,4071
81,65,3439
81,66,3307
81,67,3976
81,68,3921
81,69,3841
81,70,3823
81,71,3332
81,72,3094
81,73,2852
81,74,3642
81,75,3653
81,76,3657
81,77,3659
81,78,3612
81,79,3243
81,80,3095
81,81,3923
81,82,3817
81,83,3816
81,84,3826
81,85,3758
81,86,3258
81,87,2946
81,88,3746
81,89,3809
81,90,3838
82,1,3228
82,2,4355
82,3,4286
82,4,4188
82,5,4040
82,6,3663
82,7,3490
82,8,3395
82,9,4009
82,10,4214
82,11,4107
82,12,4210
82,13,4042
82,14,3502
82,15,3103
82,16,3873
82,17,3856
82,18,3885
82,19,3903
82,20,3955
82,21,3416
82,22,3092
82,23,4098
82,24,3915
82,25,3926
82,26,3924
82,27,3906
82,28,3463
82,29,3211
82,30,4041
82,31,4111
82,32,4061
82,33,3950
82,34,3931
82,35,3943
82,36,3532
82,37,3264
82,38,3873
82,39,4012
82,40,3966
82,41,3952
82,42,3956
82,43,3575
82,44,3266
82,45,3877
82,46,3852
82,47,3903
82,48,3798
82,49,3821
82,50,3550
82,51,3216
82,52,3963
82,53,3919
82,54,4036
82,55,3910
82,56,3935
82,57,3608
82,58,3285
82,59,3899
82,60,3927
82,61,4050
82,62,4185
82,63,4090
82,64,4059
82,65,3719
82,66,3472
82,67,3975
82,68,3913
82,69,3870
82,70,3876
82,71,3510
82,72,3336
82,73,3046
82,74,3781
82,75,3755
82,76,3749
82,77,3806
82,78,3738
82,79,3485
82,80,3382
82,81,3993
82,82,3845
82,83,3844
82,84,3868
82,85,3802
82,86,3406
82,87,3136
82,88,3827
82,89,3861
82,90,3890
83,1,3392
83,2,4391
83,3,4278
83,4,4187
83,5,4001
83,6,3693
83,7,3533
83,8,3473
83,9,4019
83,10,4262
83,11,4100
83,12,4253
83,13,4041
83,14,3540
83,15,3208
83,16,3955
83,17,3924
83,18,3952
83,19,3969
83,20,4035
83,21,3492
83,22,3218
83,23,4154
83,24,3963
83,25,3950
83,26,3962
83,27,4002
83,28,3552
83,29,3365
83,30,4085
83,31,4136
83,32,4054
83,33,3972
83,34,3964
83,35,3959
83,36,3567
83,37,3329
83,38,3933
83,39,4012
83,40,3986
83,41,3945
83,42,3967
83,43,3578
83,44,3315
83,45,3956
83,46,3931
83,47,4037
83,48,3874
83,49,3879
83,50,3701
83,51,3346
83,52,4019
83,53,3946
83,54,4103
83,55,3963
83,56,3955
83,57,3716
83,58,3429
83,59,3947
83,60,3935
83,61,4100
83,62,4175
83,63,4083
83,64,4056
83,65,3850
83,66,3510
83,67,3971
83,68,3934
83,69,3898
83,70,3962
83,71,3613
83,72,3425
83,73,3114
83,74,3847
83,75,3829
83,76,3822
83,77,3894
83,78,3798
83,79,3615
83,80,3573
83,81,4051
83,82,3891
83,83,3878
83,84,3909
83,85,3846
83,86,3449
83,87,3217
83,88,3889
83,89,3918
83,90,3939
84,1,3475
84,2,4371
84,3,4223
84,4,4142
84,5,3999
84,6,3664
84,7,3487
84,8,3488
84,9,4021
84,10,4265
84,11,4159
84,12,4200
84,13,3994
84,14,3497
84,15,3251
84,16,3978
84,17,3942
84,18,3952
84,19,3991
84,20,4034
84,21,3462
84,22,3237
84,23,4164
84,24,3973
84,25,3932
84,26,3963
84,27,4040
84,28,3551
84,29,3459
84,30,4075
84,31,4131
84,32,4018
84,33,3958
84,34,3966
84,35,3944
84,36,3536
84,37,3350
84,38,3905
84,39,3985
84,40,3961
84,41,3936
84,42,3942
84,43,3519
84,44,3338
84,45,3989
84,46,3961
84,47,4125
84,48,3859
84,49,3871
84,50,3742
84,51,3386
84,52,4027
84,53,3951
84,54,4109
84,55,3956
84,56,3929
84,57,3757
84,58,3495
84,59,3954
84,60,3931
84,61,4099
84,62,4155
84,63,4045
84,64,4019
84,65,3895
84,66,3509
84,67,3961
84,68,3915
84,69,3898
84,70,3968
84,71,3613
84,72,3420
84,73,3133
84,74,3863
84,75,3839
84,76,3848
84,77,3928
84,78,3810
84,79,3652
84,80,3680
84,81,4047
84,82,3908
84,83,3862
84,84,3921
84,85,3838
84,86,3411
84,87,3244
84,88,3899
84,89,3918
84,90,3947
85,1,3516
85,2,4308
85,3,4148
85,4,4033
85,5,3900
85,6,3605
85,7,3409
85,8,3443
85,9,3939
85,10,4230
85,11,4099
85,12,4082
85,13,3917
85,14,3417
85,15,3240
85,16,3983
85,17,3922
85,18,3890
85,19,3989
85,20,3989
85,21,3386
85,22,3221
85,23,4127
85,24,3947
85,25,3899
85,26,3948
85,27,4032
85,28,3517
85,29,3491
85,30,4046
85,31,4103
85,32,3963
85,33,3905
85,34,3938
85,35,3889
85,36,3457
85,37,3318
85,38,3869
85,39,3922
85,40,3907
85,41,3883
85,42,3873
85,43,3422
85,44,3306
85,45,3974
85,46,3935
85,47,4144
85,48,3873
85,49,3834
85,50,3739
85,51,3369
85,52,3988
85,53,3928
85,54,4083
85,55,3926
85,56,3886
85,57,3758
85,58,3459
85,59,3923
85,60,3888
85,61,4060
85,62,4107
85,63,4002
85,64,3984
85,65,3865
85,66,3461
85,67,3922
85,68,3892
85,69,3867
85,70,3919
85,71,3579
85,72,3384
85,73,3106
85,74,3828
85,75,3826
85,76,3847
85,77,3927
85,78,3779
85,79,3629
85,80,3707
85,81,4001
85,82,3890
85,83,3831
85,84,3900
85,85,3803
85,86,3346
85,87,3230
85,88,3889
85,89,3889
85,90,3924
86,1,3534
86,2,4250
86,3,4101
86,4,3983
86,5,3909
86,6,3550
86,7,3320
86,8,3291
86,9,3885
86,10,4221
86,11,4105
86,12,4027
86,13,3883
86,14,3338
86,15,3201
86,16,4009
86,17,3935
86,18,3876
86,19,4013
86,20,3958
86,21,3304
86,22,3194
86,23,4111
86,24,3951
86,25,3882
86,26,3956
86,27,4053
86,28,3472
86,29,3472
86,30,4027
86,31,4056
86,32,3962
86,33,3896
86,34,3939
86,35,3878
86,36,3373
86,37,3259
86,38,3853
86,39,3896
86,40,3882
86,41,3874
86,42,3836
86,43,3323
86,44,3248
86,45,3983
86,46,3977
86,47,4194
86,48,3875
86,49,3817
86,50,3688
86,51,3304
86,52,3932
86,53,3914
86,54,4074
86,55,3930
86,56,3874
86,57,3677
86,58,3362
86,59,3910
86,60,3892
86,61,4058
86,62,4070
86,63,3979
86,64,4009
86,65,3838
86,66,3374
86,67,3883
86,68,3866
86,69,3872
86,70,3917
86,71,3541
86,72,3337
86,73,3005
86,74,3804
86,75,3832
86,76,3861
86,77,3964
86,78,3774
86,79,3592
86,80,3681
86,81,3968
86,82,3894
86,83,3823
86,84,3907
86,85,3801
86,86,3270
86,87,3191
86,88,3893
86,89,3885
86,90,3914
87,1,3535
87,2,4164
87,3,4015
87,4,3917
87,5,3806
87,6,3502
87,7,3232
87,8,3157
87,9,3922
87,10,4203
87,11,4033
87,12,3936
87,13,3797
87,14,3262
87,15,3151
87,16,3998
87,17,3898
87,18,3829
87,19,4013
87,20,3894
87,21,3229
87,22,3183
87,23,4065
87,24,3909
87,25,3827
87,26,3931
87,27,4011
87,28,3419
87,29,3421
87,30,3970
87,31,3993
87,32,3883
87,33,3861
87,34,3894
87,35,3822
87,36,3274
87,37,3201
87,38,3808
87,39,3845
87,40,3816
87,41,3823
87,42,3771
87,43,3238
87,44,3184
87,45,3946
87,46,3965
87,47,4175
87,48,3831
87,49,3763
87,50,3618
87,51,3231
87,52,3886
87,53,3866
87,54,4030
87,55,3881
87,56,3826
87,57,3606
87,58,3263
87,59,3860
87,60,3840
87,61,4014
87,62,3992
87,63,3913
87,64,4002
87,65,3762
87,66,3269
87,67,3828
87,68,3823
87,69,3817
87,70,3887
87,71,3507
87,72,3286
87,73,2872
87,74,3752
87,75,3802
87,76,3840
87,77,3946
87,78,3731
87,79,3525
87,80,3628
87,81,3896
87,82,3876
87,83,3776
87,84,3880
87,85,3762
87,86,3198
87,87,3138
87,88,3850
87,89,3853
87,90,3883
88,1,3522
88,2,4083
88,3,3928
88,4,3833
88,5,3774
88,6,3433
88,7,3189
88,8,3038
88,9,3828
88,10,4239
88,11,4000
88,12,3856
88,13,3720
88,14,3216
88,15,3111
88,16,3959
88,17,3852
88,18,3758
88,19,3983
88,20,3813
88,21,3174
88,22,3209
88,23,4056
88,24,3876
88,25,3776
88,26,3885
88,27,3938
88,28,3401
88,29,3397
88,30,3943
88,31,3948
88,32,3822
88,33,3823
88,34,3849
88,35,3745
88,36,3219
88,37,3172
88,38,3775
88,39,3789
88,40,3762
88,41,3771
88,42,3696
88,43,3189
88,44,3138
88,45,3898
88,46,3929
88,47,4136
88,48,3776
88,49,3685
88,50,3563
88,51,3194
88,52,3859
88,53,3828
88,54,4003
88,55,3830
88,56,3761
88,57,3583
88,58,3198
88,59,3828
88,60,3812
88,61,3977
88,62,3924
88,63,3874
88,64,3970
88,65,3708
88,66,3211
88,67,3779
88,68,3780
88,69,3773
88,70,3822
88,71,3467
88,72,3255
88,73,2821
88,74,3685
88,75,3754
88,76,3787
88,77,3910
88,78,3655
88,79,3487
88,80,3598
88,81,3848
88,82,3828
88,83,3730
88,84,3833
88,85,3707
88,86,3156
88,87,3116
88,88,3839
88,89,3828
88,90,3868
89,1,3590
89,2,4082
89,3,3904
89,4,3830
89,5,3803
89,6,3413
89,7,3196
89,8,2994
89,9,3884
89,10,4362
89,11,4025
89,12,3814
89,13,3657
89,14,3208
89,15,3106
89,16,3910
89,17,3831
89,18,3724
89,19,3941
89,20,3759
89,21,3158
89,22,3279
89,23,4086
89,24,3847
89,25,3759
89,26,3856
89,27,3860
89,28,3399
89,29,3432
89,30,3991
89,31,4003
89,32,3787
89,33,3792
89,34,3838
89,35,3693
89,36,3215
89,37,3190
89,38,3765
89,39,3781
89,40,3759
89,41,3745
89,42,3657
89,43,3166
89,44,3145
89,45,3854
89,46,3898
89,47,4081
89,48,3745
89,49,3648
89,50,3582
89,51,3214
89,52,3865
89,53,3795
89,54,4020
89,55,3811
89,56,3707
89,57,3605
89,58,3201
89,59,3863
89,60,3796
89,61,3954
89,62,3921
89,63,3862
89,64,4000
89,65,3689
89,66,3224
89,67,3758
89,68,3743
89,69,3739
89,70,3786
89,71,3498
89,72,3259
89,73,2792
89,74,3655
89,75,3726
89,76,3733
89,77,3858
89,78,3593
89,79,3521
89,80,3622
89,81,3824
89,82,3815
89,83,3712
89,84,3793
89,85,3657
89,86,3152
89,87,3138
89,88,3808
89,89,3858
89,90,3898
90,1,3704
90,2,4121
90,3,3923
90,4,3853
90,5,3870
90,6,3441
90,7,3239
90,8,3054
90,9,4004
90,10,4415
90,11,4117
90,12,3799
90,13,3613
90,14,3247
90,15,3191
90,16,3881
90,17,3791
90,18,3678
90,19,3899
90,20,3748
90,21,3188
90,22,3412
90,23,4155
90,24,3834
90,25,3748
90,26,3810
90,27,3771
90,28,3411
90,29,3519
90,30,4089
90,31,4097
90,32,3781
90,33,3772
90,34,3858
90,35,3659
90,36,3244
90,37,3258
90,38,3783
90,39,3799
90,40,3748
90,41,3734
90,42,3601
90,43,3213
90,44,3193
90,45,3821
90,46,3845
90,47,4014
90,48,3701
90,49,3643
90,50,3630
90,51,3303
90,52,3876
90,53,3765
90,54,4035
90,55,3798
90,56,3654
90,57,3656
90,58,3251
90,59,3934
90,60,3814
90,61,3950
90,62,3968
90,63,3868
90,64,3983
90,65,3705
90,66,3283
90,67,3748
90,68,3728
90,69,3765
90,70,3737
90,71,3583
90,72,3279
90,73,2809
90,74,3648
90,75,3681
90,76,3700
90,77,3766
90,78,3527
90,79,3588
90,80,3664
90,81,3811
90,82,3840
90,83,3683
90,84,3743
90,85,3591
90,86,3177
90,87,3200
90,88,3786
90,89,3924
90,90,3951
91,1,3827
91,2,4195
91,3,3948
91,4,3855
91,5,3925
91,6,3436
91,7,3298
91,8,3211
91,9,4098
91,10,4423
91,11,4113
91,12,3787
91,13,3618
91,14,3294
91,15,3237
91,16,3866
91,17,3737
91,18,3669
91,19,3841
91,20,3748
91,21,3200
91,22,3542
91,23,4160
91,24,3793
91,25,3712
91,26,3745
91,27,3680
91,28,3387
91,29,3577
91,30,4120
91,31,4155
91,32,3803
91,33,3768
91,34,3914
91,35,3624
91,36,3282
91,37,3324
91,38,3801
91,39,3807
91,40,3757
91,41,3710
91,42,3570
91,43,3221
91,44,3232
91,45,3721
91,46,3764
91,47,3917
91,48,3642
91,49,3683
91,50,3619
91,51,3360
91,52,3866
91,53,3722
91,54,4015
91,55,3771
91,56,3598
91,57,3659
91,58,3314
91,59,3981
91,60,3814
91,61,3972
91,62,4025
91,63,3872
91,64,3928
91,65,3739
91,66,3369
91,67,3762
91,68,3715
91,69,3807
91,70,3708
91,71,3583
91,72,3277
91,73,2870
91,74,3652
91,75,3660
91,76,3654
91,77,3685
91,78,3457
91,79,3619
91,80,3675
91,81,3825
91,82,3949
91,83,3667
91,84,3695
91,85,3526
91,86,3202
91,87,3237
91,88,3756
91,89,3931
91,90,3950
92,1,3987
92,2,4447
92,3,4181
92,4,4058
92,5,4032
92,6,3558
92,7,3449
92,8,3472
92,9,4216
92,10,4428
92,11,4196
92,12,3949
92,13,3689
92,14,3431
92,15,3334
92,16,3956
92,17,3809
92,18,3806
92,19,3897
92,20,3794
92,21,3287
92,22,3701
92,23,4170
92,24,3859
92,25,3778
92,26,3796
92,27,3651
92,28,3428
92,29,3650
92,30,4130
92,31,4302
92,32,4021
92,33,3966
92,34,4083
92,35,3737
92,36,3434
92,37,3531
92,38,3985
92,39,3996
92,40,3932
92,41,3871
92,42,3705
92,43,3367
92,44,3384
92,45,3824
92,46,3828
92,47,3994
92,48,3706
92,49,3772
92,50,3629
92,51,3477
92,52,3977
92,53,3806
92,54,4079
92,55,3875
92,56,3637
92,57,3673
92,58,3442
92,59,4078
92,60,3895
92,61,4193
92,62,4210
92,63,4094
92,64,3986
92,65,3835
92,66,3620
92,67,3945
92,68,3888
92,69,3947
92,70,3809
92,71,3634
92,72,3389
92,73,3096
92,74,3765
92,75,3743
92,76,3720
92,77,3733
92,78,3525
92,79,3672
92,80,3757
92,81,3963
92,82,4036
92,83,3764
92,84,3753
92,85,3542
92,86,3252
92,87,3341
92,88,3804
92,89,3980
92,90,3989
93,1,4029
93,2,4556
93,3,4283
93,4,4168
93,5,4035
93,6,3691
93,7,3620
93,8,3632
93,9,4197
93,10,4310
93,11,4159
93,12,4123
93,13,3852
93,14,3521
93,15,3541
93,16,4019
93,17,3922
93,18,3923
93,19,3992
93,20,3827
93,21,3474
93,22,3810
93,23,4131
93,24,4002
93,25,4006
93,26,3982
93,27,3831
93,28,3608
93,29,3729
93,30,4108
93,31,4355
93,32,4117
93,33,4069
93,34,4086
93,35,3846
93,36,3585
93,37,3747
93,38,4115
93,39,4104
93,40,4093
93,41,4029
93,42,3859
93,43,3533
93,44,3588
93,45,3960
93,46,3958
93,47,4101
93,48,3859
93,49,3773
93,50,3610
93,51,3691
93,52,4134
93,53,3988
93,54,4113
93,55,4034
93,56,3823
93,57,3655
93,58,3685
93,59,4089
93,60,4047
93,61,4247
93,62,4296
93,63,4198
93,64,3973
93,65,3885
93,66,3814
93,67,4071
93,68,4003
93,69,3990
93,70,3886
93,71,3616
93,72,3553
93,73,3340
93,74,3862
93,75,3829
93,76,3880
93,77,3842
93,78,3671
93,79,3660
93,80,3772
93,81,4061
93,82,3979
93,83,3980
93,84,3941
93,85,3725
93,86,3442
93,87,3573
93,88,3965
93,89,4021
93,90,4011
94,1,3839
94,2,4308
94,3,4051
94,4,3937
94,5,3811
94,6,3557
94,7,3492
94,8,3442
94,9,3885
94,10,3985
94,11,3901
94,12,3918
94,13,3674
94,14,3364
94,15,3342
94,16,3764
94,17,3689
94,18,3693
94,19,3761
94,20,3684
94,21,3395
94,22,3511
94,23,3836
94,24,3759
94,25,3801
94,26,3779
94,27,3668
94,28,3482
94,29,3487
94,30,3828
94,31,4073
94,32,3870
94,33,3809
94,34,3816
94,35,3658
94,36,3459
94,37,3496
94,38,3855
94,39,3858
94,40,3858
94,41,3799
94,42,3704
94,43,3410
94,44,3385
94,45,3715
94,46,3726
94,47,3856
94,48,3658
94,49,3585
94,50,3440
94,51,3516
94,52,3890
94,53,3751
94,54,3860
94,55,3805
94,56,3653
94,57,3477
94,58,3506
94,59,3804
94,60,3819
94,61,3995
94,62,4049
94,63,3960
94,64,3777
94,65,3721
94,66,3578
94,67,3816
94,68,3752
94,69,3727
94,70,3677
94,71,3428
94,72,3407
94,73,3184
94,74,3626
94,75,3592
94,76,3633
94,77,3606
94,78,3501
94,79,3489
94,80,3517
94,81,3786
94,82,3697
94,83,3775
94,84,3726
94,85,3577
94,86,3333
94,87,3377
94,88,3714
94,89,3762
94,90,3759
95,1,3569
95,2,3934
95,3,3660
95,4,3544
95,5,3472
95,6,3268
95,7,3259
95,8,3153
95,9,3537
95,10,3499
95,11,3460
95,12,3537
95,13,3393
95,14,3105
95,15,3067
95,16,3386
95,17,3299
95,18,3353
95,19,3384
95,20,3316
95,21,3105
95,22,3175
95,23,3389
95,24,3329
95,25,3402
95,26,3361
95,27,3330
95,28,3219
95,29,3154
95,30,3417
95,31,3679
95,32,3449
95,33,3392
95,34,3393
95,35,3361
95,36,3216
95,37,3150
95,38,3451
95,39,3440
95,40,3473
95,41,3406
95,42,3426
95,43,3180
95,44,3080
95,45,3325
95,46,3337
95,47,3464
95,48,3294
95,49,3280
95,50,3176
95,51,3175
95,52,3460
95,53,3342
95,54,3421
95,55,3412
95,56,3344
95,57,3205
95,58,3167
95,59,3368
95,60,3406
95,61,3601
95,62,3661
95,63,3575
95,64,3463
95,65,3475
95,66,3252
95,67,3397
95,68,3341
95,69,3332
95,70,3297
95,71,3151
95,72,3143
95,73,2932
95,74,3249
95,75,3232
95,76,3277
95,77,3226
95,78,3204
95,79,3239
95,80,3192
95,81,3374
95,82,3291
95,83,3371
95,84,3313
95,85,3264
95,86,3091
95,87,3046
95,88,3297
95,89,3344
95,90,3348
96,1,3276
96,2,3572
96,3,3293
96,4,3154
96,5,3124
96,6,3003
96,7,2993
96,8,2878
96,9,3091
96,10,3150
96,11,3074
96,12,3195
96,13,3079
96,14,2865
96,15,2780
96,16,3021
96,17,2946
96,18,2977
96,19,3024
96,20,3035
96,21,2874
96,22,2892
96,23,3055
96,24,2975
96,25,3048
96,26,2996
96,27,2990
96,28,2932
96,29,2843
96,30,3032
96,31,3285
96,32,3049
96,33,2987
96,34,2993
96,35,3022
96,36,2956
96,37,2822
96,38,3072
96,39,3058
96,40,3089
96,41,3022
96,42,3097
96,43,2915
96,44,2804
96,45,2967
96,46,2966
96,47,3107
96,48,2951
96,49,2972
96,50,2943
96,51,2878
96,52,3069
96,53,2955
96,54,3032
96,55,3044
96,56,3009
96,57,2932
96,58,2842
96,59,2983
96,60,3020
96,61,3226
96,62,3280
96,63,3236
96,64,3152
96,65,3229
96,66,2937
96,67,3018
96,68,2974
96,69,2946
96,70,2945
96,71,2834
96,72,2847
96,73,2647
96,74,2912
96,75,2860
96,76,2917
96,77,2880
96,78,2915
96,79,2976
96,80,2878
96,81,2987
96,82,2923
96,83,2987
96,84,2944
96,85,2948
96,86,2826
96,87,2729
96,88,2911
96,89,2963
96,90,2961
