Hours,Scenarios,VT
1,1,529
1,2,535
1,3,533
1,4,520
1,5,525
1,6,575
1,7,552
1,8,538
1,9,521
1,10,512
1,11,505
1,12,502
1,13,519
1,14,530
1,15,540
1,16,540
1,17,518
1,18,475
1,19,479
1,20,506
1,21,514
1,22,511
1,23,502
1,24,499
1,25,490
1,26,489
1,27,520
1,28,521
1,29,518
1,30,493
1,31,535
1,32,527
1,33,518
1,34,521
1,35,555
1,36,539
1,37,524
1,38,537
1,39,520
1,40,501
1,41,498
1,42,544
1,43,537
1,44,531
1,45,532
1,46,510
1,47,483
1,48,480
1,49,513
1,50,514
1,51,517
1,52,529
1,53,495
1,54,486
1,55,489
1,56,533
1,57,516
1,58,519
1,59,529
1,60,497
1,61,498
1,62,496
1,63,512
1,64,542
1,65,558
1,66,554
1,67,552
1,68,527
1,69,530
1,70,509
1,71,525
1,72,515
1,73,518
1,74,513
1,75,487
1,76,481
1,77,479
1,78,519
1,79,506
1,80,507
1,81,505
1,82,491
1,83,494
1,84,497
1,85,507
1,86,534
1,87,517
1,88,521
1,89,507
1,90,479
2,1,513
2,2,518
2,3,510
2,4,462
2,5,510
2,6,549
2,7,532
2,8,519
2,9,501
2,10,483
2,11,484
2,12,489
2,13,502
2,14,508
2,15,520
2,16,524
2,17,499
2,18,452
2,19,462
2,20,482
2,21,498
2,22,493
2,23,485
2,24,482
2,25,475
2,26,475
2,27,502
2,28,502
2,29,496
2,30,471
2,31,519
2,32,508
2,33,466
2,34,504
2,35,532
2,36,513
2,37,505
2,38,516
2,39,501
2,40,480
2,41,480
2,42,525
2,43,523
2,44,513
2,45,517
2,46,491
2,47,461
2,48,466
2,49,493
2,50,493
2,51,500
2,52,510
2,53,477
2,54,464
2,55,473
2,56,512
2,57,498
2,58,502
2,59,505
2,60,476
2,61,477
2,62,466
2,63,500
2,64,522
2,65,540
2,66,535
2,67,534
2,68,508
2,69,512
2,70,494
2,71,511
2,72,499
2,73,499
2,74,492
2,75,469
2,76,460
2,77,466
2,78,501
2,79,485
2,80,489
2,81,488
2,82,470
2,83,473
2,84,482
2,85,488
2,86,517
2,87,498
2,88,502
2,89,492
2,90,460
3,1,500
3,2,513
3,3,500
3,4,489
3,5,506
3,6,543
3,7,524
3,8,513
3,9,492
3,10,478
3,11,471
3,12,486
3,13,497
3,14,498
3,15,509
3,16,515
3,17,489
3,18,444
3,19,455
3,20,471
3,21,488
3,22,483
3,23,477
3,24,468
3,25,466
3,26,471
3,27,490
3,28,496
3,29,486
3,30,458
3,31,509
3,32,496
3,33,495
3,34,498
3,35,524
3,36,507
3,37,494
3,38,505
3,39,494
3,40,471
3,41,476
3,42,517
3,43,512
3,44,503
3,45,510
3,46,485
3,47,455
3,48,457
3,49,487
3,50,481
3,51,490
3,52,503
3,53,467
3,54,462
3,55,467
3,56,501
3,57,488
3,58,490
3,59,493
3,60,464
3,61,468
3,62,477
3,63,496
3,64,511
3,65,531
3,66,526
3,67,518
3,68,496
3,69,504
3,70,494
3,71,502
3,72,490
3,73,485
3,74,483
3,75,459
3,76,450
3,77,462
3,78,491
3,79,477
3,80,479
3,81,478
3,82,462
3,83,462
3,84,472
3,85,477
3,86,505
3,87,486
3,88,495
3,89,485
3,90,454
4,1,502
4,2,508
4,3,498
4,4,465
4,5,508
4,6,539
4,7,520
4,8,510
4,9,491
4,10,474
4,11,467
4,12,489
4,13,498
4,14,497
4,15,508
4,16,515
4,17,481
4,18,440
4,19,456
4,20,468
4,21,488
4,22,477
4,23,477
4,24,463
4,25,463
4,26,471
4,27,488
4,28,494
4,29,486
4,30,455
4,31,510
4,32,493
4,33,485
4,34,496
4,35,522
4,36,504
4,37,491
4,38,506
4,39,491
4,40,468
4,41,475
4,42,515
4,43,511
4,44,505
4,45,513
4,46,481
4,47,451
4,48,460
4,49,484
4,50,479
4,51,484
4,52,504
4,53,466
4,54,459
4,55,468
4,56,498
4,57,488
4,58,489
4,59,493
4,60,461
4,61,466
4,62,494
4,63,493
4,64,506
4,65,528
4,66,524
4,67,520
4,68,496
4,69,500
4,70,492
4,71,497
4,72,485
4,73,489
4,74,481
4,75,451
4,76,446
4,77,462
4,78,490
4,79,476
4,80,480
4,81,477
4,82,457
4,83,457
4,84,472
4,85,475
4,86,506
4,87,484
4,88,497
4,89,483
4,90,450
5,1,520
5,2,528
5,3,501
5,4,458
5,5,525
5,6,554
5,7,535
5,8,525
5,9,505
5,10,482
5,11,477
5,12,506
5,13,511
5,14,508
5,15,525
5,16,530
5,17,492
5,18,445
5,19,471
5,20,476
5,21,505
5,22,495
5,23,490
5,24,475
5,25,469
5,26,487
5,27,503
5,28,510
5,29,501
5,30,472
5,31,522
5,32,500
5,33,486
5,34,510
5,35,534
5,36,521
5,37,506
5,38,516
5,39,498
5,40,472
5,41,494
5,42,534
5,43,527
5,44,519
5,45,525
5,46,487
5,47,458
5,48,477
5,49,501
5,50,494
5,51,498
5,52,516
5,53,470
5,54,461
5,55,488
5,56,512
5,57,502
5,58,499
5,59,504
5,60,466
5,61,471
5,62,448
5,63,508
5,64,522
5,65,546
5,66,537
5,67,528
5,68,501
5,69,503
5,70,509
5,71,519
5,72,503
5,73,505
5,74,496
5,75,459
5,76,450
5,77,481
5,78,506
5,79,491
5,80,494
5,81,489
5,82,463
5,83,460
5,84,492
5,85,492
5,86,524
5,87,504
5,88,513
5,89,491
5,90,459
6,1,575
6,2,582
6,3,522
6,4,482
6,5,583
6,6,607
6,7,589
6,8,581
6,9,554
6,10,507
6,11,494
6,12,561
6,13,566
6,14,563
6,15,579
6,16,586
6,17,508
6,18,459
6,19,527
6,20,524
6,21,554
6,22,541
6,23,536
6,24,496
6,25,480
6,26,547
6,27,554
6,28,566
6,29,561
6,30,520
6,31,577
6,32,525
6,33,492
6,34,564
6,35,589
6,36,573
6,37,561
6,38,572
6,39,518
6,40,494
6,41,557
6,42,589
6,43,583
6,44,576
6,45,582
6,46,512
6,47,475
6,48,528
6,49,538
6,50,538
6,51,546
6,52,561
6,53,493
6,54,484
6,55,543
6,56,567
6,57,552
6,58,555
6,59,557
6,60,490
6,61,498
6,62,482
6,63,563
6,64,574
6,65,597
6,66,589
6,67,584
6,68,522
6,69,518
6,70,579
6,71,582
6,72,563
6,73,558
6,74,546
6,75,481
6,76,466
6,77,533
6,78,556
6,79,542
6,80,545
6,81,539
6,82,482
6,83,474
6,84,542
6,85,541
6,86,577
6,87,560
6,88,567
6,89,510
6,90,470
7,1,683
7,2,689
7,3,566
7,4,506
7,5,687
7,6,725
7,7,700
7,8,687
7,9,656
7,10,545
7,11,526
7,12,675
7,13,680
7,14,674
7,15,684
7,16,683
7,17,546
7,18,486
7,19,617
7,20,616
7,21,636
7,22,621
7,23,615
7,24,527
7,25,505
7,26,662
7,27,663
7,28,666
7,29,663
7,30,622
7,31,685
7,32,571
7,33,517
7,34,683
7,35,696
7,36,692
7,37,677
7,38,680
7,39,558
7,40,519
7,41,673
7,42,702
7,43,696
7,44,681
7,45,688
7,46,553
7,47,506
7,48,608
7,49,628
7,50,620
7,51,616
7,52,634
7,53,538
7,54,507
7,55,658
7,56,674
7,57,659
7,58,658
7,59,659
7,60,522
7,61,514
7,62,499
7,63,667
7,64,683
7,65,698
7,66,700
7,67,681
7,68,557
7,69,540
7,70,678
7,71,674
7,72,665
7,73,659
7,74,638
7,75,515
7,76,496
7,77,623
7,78,642
7,79,630
7,80,621
7,81,617
7,82,514
7,83,500
7,84,635
7,85,636
7,86,660
7,87,646
7,88,645
7,89,539
7,90,495
8,1,749
8,2,755
8,3,624
8,4,536
8,5,752
8,6,771
8,7,770
8,8,757
8,9,725
8,10,597
8,11,572
8,12,741
8,13,752
8,14,745
8,15,747
8,16,742
8,17,590
8,18,532
8,19,684
8,20,683
8,21,703
8,22,691
8,23,685
8,24,571
8,25,544
8,26,738
8,27,728
8,28,739
8,29,723
8,30,695
8,31,756
8,32,629
8,33,553
8,34,766
8,35,754
8,36,749
8,37,739
8,38,740
8,39,608
8,40,563
8,41,735
8,42,755
8,43,753
8,44,745
8,45,741
8,46,594
8,47,547
8,48,677
8,49,691
8,50,682
8,51,686
8,52,693
8,53,588
8,54,552
8,55,718
8,56,728
8,57,727
8,58,729
8,59,729
8,60,570
8,61,590
8,62,527
8,63,730
8,64,756
8,65,758
8,66,761
8,67,744
8,68,620
8,69,579
8,70,737
8,71,739
8,72,725
8,73,725
8,74,697
8,75,576
8,76,553
8,77,695
8,78,700
8,79,691
8,80,687
8,81,685
8,82,571
8,83,545
8,84,705
8,85,705
8,86,721
8,87,707
8,88,724
8,89,595
8,90,539
9,1,754
9,2,763
9,3,680
9,4,586
9,5,765
9,6,767
9,7,769
9,8,753
9,9,725
9,10,662
9,11,629
9,12,751
9,13,765
9,14,757
9,15,749
9,16,747
9,17,635
9,18,581
9,19,712
9,20,711
9,21,726
9,22,714
9,23,713
9,24,622
9,25,587
9,26,753
9,27,734
9,28,742
9,29,713
9,30,707
9,31,763
9,32,685
9,33,597
9,34,775
9,35,757
9,36,757
9,37,741
9,38,748
9,39,646
9,40,614
9,41,740
9,42,755
9,43,756
9,44,744
9,45,744
9,46,640
9,47,594
9,48,703
9,49,711
9,50,707
9,51,709
9,52,718
9,53,642
9,54,603
9,55,735
9,56,727
9,57,737
9,58,734
9,59,729
9,60,626
9,61,639
9,62,595
9,63,744
9,64,761
9,65,764
9,66,765
9,67,762
9,68,671
9,69,633
9,70,744
9,71,740
9,72,729
9,73,730
9,74,705
9,75,626
9,76,605
9,77,716
9,78,715
9,79,709
9,80,704
9,81,704
9,82,616
9,83,601
9,84,719
9,85,717
9,86,724
9,87,714
9,88,725
9,89,631
9,90,586
10,1,757
10,2,775
10,3,694
10,4,642
10,5,776
10,6,769
10,7,763
10,8,748
10,9,725
10,10,679
10,11,652
10,12,746
10,13,767
10,14,762
10,15,749
10,16,749
10,17,656
10,18,616
10,19,728
10,20,725
10,21,742
10,22,730
10,23,729
10,24,651
10,25,622
10,26,767
10,27,733
10,28,738
10,29,717
10,30,704
10,31,769
10,32,721
10,33,647
10,34,782
10,35,759
10,36,755
10,37,749
10,38,749
10,39,670
10,40,639
10,41,745
10,42,755
10,43,755
10,44,748
10,45,741
10,46,658
10,47,623
10,48,718
10,49,723
10,50,723
10,51,719
10,52,724
10,53,671
10,54,642
10,55,744
10,56,724
10,57,743
10,58,736
10,59,732
10,60,650
10,61,662
10,62,635
10,63,743
10,64,775
10,65,757
10,66,763
10,67,757
10,68,690
10,69,654
10,70,740
10,71,740
10,72,725
10,73,737
10,74,709
10,75,660
10,76,637
10,77,733
10,78,728
10,79,715
10,80,712
10,81,718
10,82,650
10,83,640
10,84,724
10,85,725
10,86,724
10,87,714
10,88,725
10,89,640
10,90,612
11,1,762
11,2,772
11,3,697
11,4,658
11,5,780
11,6,765
11,7,757
11,8,740
11,9,719
11,10,679
11,11,655
11,12,741
11,13,771
11,14,754
11,15,736
11,16,737
11,17,649
11,18,616
11,19,727
11,20,726
11,21,742
11,22,732
11,23,730
11,24,656
11,25,630
11,26,771
11,27,734
11,28,738
11,29,720
11,30,711
11,31,768
11,32,729
11,33,666
11,34,788
11,35,754
11,36,741
11,37,754
11,38,743
11,39,670
11,40,643
11,41,742
11,42,753
11,43,749
11,44,741
11,45,739
11,46,655
11,47,617
11,48,720
11,49,726
11,50,729
11,51,723
11,52,726
11,53,690
11,54,653
11,55,748
11,56,724
11,57,749
11,58,732
11,59,728
11,60,651
11,61,670
11,62,650
11,63,748
11,64,782
11,65,756
11,66,765
11,67,757
11,68,696
11,69,658
11,70,733
11,71,736
11,72,727
11,73,735
11,74,707
11,75,662
11,76,640
11,77,736
11,78,726
11,79,712
11,80,716
11,81,716
11,82,651
11,83,653
11,84,727
11,85,726
11,86,722
11,87,719
11,88,723
11,89,635
11,90,610
12,1,779
12,2,777
12,3,699
12,4,674
12,5,786
12,6,762
12,7,753
12,8,743
12,9,716
12,10,677
12,11,645
12,12,740
12,13,775
12,14,767
12,15,737
12,16,722
12,17,641
12,18,613
12,19,722
12,20,722
12,21,741
12,22,732
12,23,732
12,24,654
12,25,624
12,26,768
12,27,728
12,28,740
12,29,710
12,30,717
12,31,771
12,32,737
12,33,679
12,34,790
12,35,752
12,36,739
12,37,755
12,38,737
12,39,662
12,40,644
12,41,744
12,42,753
12,43,741
12,44,736
12,45,735
12,46,645
12,47,618
12,48,719
12,49,724
12,50,734
12,51,722
12,52,723
12,53,697
12,54,659
12,55,748
12,56,725
12,57,757
12,58,738
12,59,722
12,60,654
12,61,680
12,62,657
12,63,750
12,64,785
12,65,755
12,66,766
12,67,757
12,68,697
12,69,654
12,70,731
12,71,735
12,72,733
12,73,734
12,74,704
12,75,657
12,76,639
12,77,742
12,78,723
12,79,713
12,80,713
12,81,715
12,82,648
12,83,668
12,84,728
12,85,732
12,86,726
12,87,716
12,88,718
12,89,628
12,90,609
13,1,755
13,2,770
13,3,689
13,4,679
13,5,774
13,6,750
13,7,733
13,8,727
13,9,709
13,10,663
13,11,645
13,12,724
13,13,766
13,14,757
13,15,727
13,16,712
13,17,628
13,18,607
13,19,713
13,20,714
13,21,724
13,22,725
13,23,721
13,24,644
13,25,617
13,26,763
13,27,724
13,28,736
13,29,705
13,30,719
13,31,758
13,32,730
13,33,688
13,34,783
13,35,742
13,36,727
13,37,744
13,38,722
13,39,648
13,40,634
13,41,735
13,42,740
13,43,728
13,44,723
13,45,715
13,46,623
13,47,608
13,48,709
13,49,713
13,50,722
13,51,706
13,52,706
13,53,687
13,54,656
13,55,744
13,56,719
13,57,748
13,58,732
13,59,715
13,60,660
13,61,675
13,62,653
13,63,741
13,64,769
13,65,742
13,66,752
13,67,740
13,68,686
13,69,646
13,70,722
13,71,722
13,72,720
13,73,721
13,74,694
13,75,642
13,76,626
13,77,732
13,78,713
13,79,705
13,80,702
13,81,702
13,82,642
13,83,664
13,84,713
13,85,722
13,86,721
13,87,707
13,88,706
13,89,619
13,90,607
14,1,752
14,2,762
14,3,670
14,4,676
14,5,771
14,6,748
14,7,721
14,8,716
14,9,702
14,10,649
14,11,617
14,12,719
14,13,756
14,14,755
14,15,722
14,16,704
14,17,615
14,18,596
14,19,711
14,20,713
14,21,721
14,22,717
14,23,712
14,24,628
14,25,604
14,26,759
14,27,719
14,28,728
14,29,703
14,30,718
14,31,745
14,32,720
14,33,675
14,34,775
14,35,740
14,36,722
14,37,746
14,38,719
14,39,632
14,40,618
14,41,729
14,42,734
14,43,723
14,44,720
14,45,710
14,46,611
14,47,596
14,48,704
14,49,716
14,50,718
14,51,711
14,52,701
14,53,676
14,54,641
14,55,739
14,56,719
14,57,743
14,58,730
14,59,708
14,60,653
14,61,671
14,62,639
14,63,743
14,64,767
14,65,735
14,66,747
14,67,737
14,68,669
14,69,633
14,70,718
14,71,721
14,72,716
14,73,720
14,74,688
14,75,628
14,76,606
14,77,727
14,78,712
14,79,706
14,80,706
14,81,696
14,82,627
14,83,660
14,84,716
14,85,724
14,86,715
14,87,707
14,88,698
14,89,603
14,90,596
15,1,741
15,2,747
15,3,637
15,4,665
15,5,760
15,6,723
15,7,708
15,8,698
15,9,682
15,10,636
15,11,592
15,12,703
15,13,742
15,14,748
15,15,711
15,16,691
15,17,613
15,18,565
15,19,707
15,20,698
15,21,709
15,22,703
15,23,699
15,24,605
15,25,591
15,26,744
15,27,709
15,28,703
15,29,696
15,30,706
15,31,725
15,32,708
15,33,664
15,34,758
15,35,721
15,36,706
15,37,734
15,38,704
15,39,619
15,40,605
15,41,713
15,42,716
15,43,709
15,44,706
15,45,692
15,46,597
15,47,581
15,48,693
15,49,708
15,50,711
15,51,696
15,52,685
15,53,665
15,54,626
15,55,726
15,56,709
15,57,730
15,58,721
15,59,696
15,60,645
15,61,656
15,62,624
15,63,738
15,64,757
15,65,724
15,66,735
15,67,733
15,68,655
15,69,619
15,70,708
15,71,711
15,72,710
15,73,718
15,74,671
15,75,621
15,76,587
15,77,715
15,78,704
15,79,697
15,80,699
15,81,691
15,82,620
15,83,647
15,84,711
15,85,715
15,86,702
15,87,700
15,88,684
15,89,592
15,90,586
16,1,737
16,2,736
16,3,642
16,4,659
16,5,749
16,6,712
16,7,698
16,8,686
16,9,669
16,10,627
16,11,584
16,12,689
16,13,738
16,14,739
16,15,697
16,16,673
16,17,617
16,18,576
16,19,691
16,20,680
16,21,698
16,22,690
16,23,681
16,24,592
16,25,591
16,26,736
16,27,690
16,28,689
16,29,683
16,30,698
16,31,710
16,32,707
16,33,660
16,34,749
16,35,707
16,36,691
16,37,726
16,38,691
16,39,612
16,40,602
16,41,699
16,42,705
16,43,697
16,44,695
16,45,677
16,46,591
16,47,582
16,48,682
16,49,697
16,50,696
16,51,685
16,52,660
16,53,661
16,54,624
16,55,717
16,56,699
16,57,722
16,58,712
16,59,681
16,60,652
16,61,657
16,62,607
16,63,730
16,64,749
16,65,715
16,66,722
16,67,729
16,68,647
16,69,611
16,70,692
16,71,694
16,72,702
16,73,698
16,74,664
16,75,615
16,76,583
16,77,704
16,78,687
16,79,684
16,80,684
16,81,676
16,82,624
16,83,648
16,84,708
16,85,705
16,86,692
16,87,685
16,88,670
16,89,588
16,90,582
17,1,752
17,2,732
17,3,650
17,4,665
17,5,751
17,6,705
17,7,698
17,8,686
17,9,661
17,10,628
17,11,581
17,12,690
17,13,744
17,14,743
17,15,692
17,16,666
17,17,633
17,18,597
17,19,694
17,20,674
17,21,696
17,22,682
17,23,672
17,24,603
17,25,608
17,26,742
17,27,689
17,28,681
17,29,676
17,30,690
17,31,701
17,32,717
17,33,677
17,34,751
17,35,700
17,36,687
17,37,730
17,38,685
17,39,613
17,40,605
17,41,703
17,42,711
17,43,693
17,44,691
17,45,668
17,46,595
17,47,591
17,48,678
17,49,694
17,50,703
17,51,680
17,52,649
17,53,664
17,54,628
17,55,721
17,56,696
17,57,729
17,58,710
17,59,671
17,60,662
17,61,666
17,62,621
17,63,729
17,64,759
17,65,718
17,66,720
17,67,736
17,68,652
17,69,617
17,70,689
17,71,689
17,72,700
17,73,698
17,74,662
17,75,623
17,76,586
17,77,706
17,78,685
17,79,684
17,80,680
17,81,668
17,82,633
17,83,657
17,84,711
17,85,702
17,86,692
17,87,682
17,88,663
17,89,591
17,90,597
18,1,768
18,2,732
18,3,674
18,4,683
18,5,758
18,6,705
18,7,698
18,8,689
18,9,660
18,10,633
18,11,584
18,12,691
18,13,753
18,14,747
18,15,688
18,16,653
18,17,643
18,18,630
18,19,690
18,20,669
18,21,687
18,22,674
18,23,655
18,24,600
18,25,636
18,26,743
18,27,689
18,28,677
18,29,671
18,30,679
18,31,705
18,32,725
18,33,684
18,34,754
18,35,702
18,36,690
18,37,734
18,38,677
18,39,616
18,40,623
18,41,704
18,42,722
18,43,695
18,44,691
18,45,659
18,46,606
18,47,606
18,48,674
18,49,687
18,50,709
18,51,673
18,52,649
18,53,676
18,54,650
18,55,729
18,56,693
18,57,737
18,58,710
18,59,664
18,60,677
18,61,680
18,62,631
18,63,734
18,64,766
18,65,723
18,66,726
18,67,735
18,68,652
18,69,632
18,70,688
18,71,686
18,72,708
18,73,701
18,74,662
18,75,632
18,76,604
18,77,714
18,78,687
18,79,682
18,80,677
18,81,658
18,82,645
18,83,675
18,84,724
18,85,704
18,86,693
18,87,676
18,88,654
18,89,600
18,90,605
19,1,786
19,2,762
19,3,693
19,4,689
19,5,763
19,6,709
19,7,701
19,8,689
19,9,659
19,10,637
19,11,598
19,12,702
19,13,748
19,14,742
19,15,685
19,16,648
19,17,644
19,18,635
19,19,687
19,20,664
19,21,684
19,22,664
19,23,652
19,24,600
19,25,654
19,26,738
19,27,692
19,28,670
19,29,662
19,30,662
19,31,742
19,32,738
19,33,698
19,34,757
19,35,709
19,36,693
19,37,741
19,38,672
19,39,619
19,40,624
19,41,708
19,42,731
19,43,701
19,44,686
19,45,653
19,46,604
19,47,608
19,48,670
19,49,678
19,50,712
19,51,670
19,52,652
19,53,671
19,54,634
19,55,722
19,56,683
19,57,733
19,58,709
19,59,651
19,60,670
19,61,698
19,62,645
19,63,741
19,64,770
19,65,732
19,66,730
19,67,727
19,68,651
19,69,645
19,70,692
19,71,689
19,72,711
19,73,693
19,74,662
19,75,637
19,76,611
19,77,718
19,78,692
19,79,677
19,80,671
19,81,645
19,82,650
19,83,674
19,84,723
19,85,698
19,86,692
19,87,675
19,88,649
19,89,601
19,90,609
20,1,777
20,2,756
20,3,696
20,4,708
20,5,783
20,6,737
20,7,723
20,8,717
20,9,672
20,10,655
20,11,633
20,12,720
20,13,747
20,14,747
20,15,702
20,16,662
20,17,647
20,18,646
20,19,695
20,20,680
20,21,694
20,22,675
20,23,656
20,24,609
20,25,664
20,26,734
20,27,701
20,28,681
20,29,665
20,30,653
20,31,737
20,32,723
20,33,713
20,34,768
20,35,737
20,36,720
20,37,752
20,38,684
20,39,632
20,40,651
20,41,729
20,42,745
20,43,724
20,44,703
20,45,667
20,46,616
20,47,620
20,48,680
20,49,685
20,50,716
20,51,678
20,52,660
20,53,670
20,54,642
20,55,733
20,56,695
20,57,731
20,58,712
20,59,653
20,60,664
20,61,688
20,62,685
20,63,761
20,64,782
20,65,750
20,66,748
20,67,726
20,68,666
20,69,669
20,70,717
20,71,713
20,72,732
20,73,702
20,74,675
20,75,647
20,76,633
20,77,728
20,78,706
20,79,687
20,80,683
20,81,651
20,82,651
20,83,676
20,84,727
20,85,701
20,86,707
20,87,681
20,88,650
20,89,603
20,90,623
21,1,755
21,2,736
21,3,680
21,4,706
21,5,792
21,6,755
21,7,747
21,8,732
21,9,694
21,10,677
21,11,671
21,12,732
21,13,743
21,14,750
21,15,730
21,16,687
21,17,643
21,18,643
21,19,710
21,20,702
21,21,714
21,22,698
21,23,677
21,24,640
21,25,664
21,26,739
21,27,718
21,28,714
21,29,700
21,30,684
21,31,720
21,32,701
21,33,709
21,34,765
21,35,749
21,36,731
21,37,740
21,38,702
21,39,651
21,40,677
21,41,743
21,42,754
21,43,738
21,44,725
21,45,687
21,46,637
21,47,644
21,48,706
21,49,712
21,50,709
21,51,706
21,52,678
21,53,665
21,54,663
21,55,748
21,56,725
21,57,730
21,58,732
21,59,680
21,60,659
21,61,665
21,62,702
21,63,762
21,64,771
21,65,764
21,66,758
21,67,716
21,68,691
21,69,700
21,70,739
21,71,736
21,72,737
21,73,721
21,74,677
21,75,649
21,76,647
21,77,730
21,78,714
21,79,714
21,80,709
21,81,671
21,82,652
21,83,671
21,84,721
21,85,717
21,86,721
21,87,712
21,88,676
21,89,632
21,90,656
22,1,704
22,2,693
22,3,626
22,4,663
22,5,743
22,6,717
22,7,705
22,8,698
22,9,668
22,10,655
22,11,631
22,12,691
22,13,703
22,14,709
22,15,707
22,16,666
22,17,596
22,18,602
22,19,669
22,20,670
22,21,680
22,22,676
22,23,661
22,24,623
22,25,634
22,26,697
22,27,687
22,28,683
22,29,682
22,30,664
22,31,672
22,32,667
22,33,669
22,34,724
22,35,705
22,36,683
22,37,691
22,38,663
22,39,641
22,40,638
22,41,703
22,42,707
22,43,693
22,44,693
22,45,656
22,46,617
22,47,615
22,48,664
22,49,672
22,50,663
22,51,673
22,52,641
22,53,630
22,54,633
22,55,704
22,56,688
22,57,676
22,58,692
22,59,660
22,60,632
22,61,626
22,62,658
22,63,710
22,64,722
22,65,715
22,66,708
22,67,677
22,68,665
22,69,656
22,70,690
22,71,685
22,72,686
22,73,676
22,74,640
22,75,622
22,76,610
22,77,679
22,78,674
22,79,673
22,80,671
22,81,637
22,82,625
22,83,631
22,84,671
22,85,684
22,86,678
22,87,683
22,88,659
22,89,616
22,90,625
23,1,627
23,2,627
23,3,584
23,4,611
23,5,672
23,6,661
23,7,645
23,8,621
23,9,610
23,10,593
23,11,575
23,12,608
23,13,616
23,14,624
23,15,630
23,16,603
23,17,550
23,18,546
23,19,591
23,20,597
23,21,603
23,22,605
23,23,599
23,24,570
23,25,561
23,26,618
23,27,617
23,28,616
23,29,605
23,30,602
23,31,622
23,32,602
23,33,612
23,34,653
23,35,635
23,36,619
23,37,624
23,38,614
23,39,579
23,40,573
23,41,629
23,42,633
23,43,620
23,44,626
23,45,605
23,46,504
23,47,548
23,48,599
23,49,604
23,50,601
23,51,615
23,52,583
23,53,562
23,54,570
23,55,629
23,56,611
23,57,604
23,58,622
23,59,599
23,60,574
23,61,577
23,62,599
23,63,636
23,64,646
23,65,646
23,66,636
23,67,622
23,68,610
23,69,587
23,70,617
23,71,610
23,72,608
23,73,607
23,74,581
23,75,567
23,76,556
23,77,608
23,78,604
23,79,601
23,80,599
23,81,581
23,82,567
23,83,568
23,84,599
23,85,613
23,86,609
23,87,612
23,88,619
23,89,562
23,90,556
24,1,561
24,2,560
24,3,542
24,4,559
24,5,608
24,6,591
24,7,577
24,8,559
24,9,540
24,10,547
24,11,531
24,12,555
24,13,567
24,14,573
24,15,572
24,16,551
24,17,509
24,18,507
24,19,539
24,20,545
24,21,549
24,22,545
24,23,535
24,24,528
24,25,522
24,26,553
24,27,553
24,28,550
24,29,534
24,30,534
24,31,563
24,32,554
24,33,560
24,34,590
24,35,575
24,36,561
24,37,566
24,38,563
24,39,537
24,40,531
24,41,578
24,42,575
24,43,566
24,44,566
24,45,544
24,46,514
24,47,486
24,48,542
24,49,549
24,50,550
24,51,563
24,52,533
24,53,521
24,54,524
24,55,564
24,56,555
24,57,552
24,58,557
24,59,539
24,60,527
24,61,524
24,62,544
24,63,579
24,64,592
24,65,588
24,66,580
24,67,568
24,68,563
24,69,536
24,70,558
24,71,545
24,72,543
24,73,538
24,74,519
24,75,521
24,76,506
24,77,550
24,78,546
24,79,538
24,80,540
24,81,528
24,82,524
24,83,523
24,84,543
24,85,560
24,86,555
24,87,561
24,88,551
24,89,515
24,90,506
25,1,535
25,2,533
25,3,520
25,4,525
25,5,575
25,6,552
25,7,538
25,8,521
25,9,512
25,10,505
25,11,502
25,12,519
25,13,530
25,14,540
25,15,540
25,16,518
25,17,475
25,18,479
25,19,506
25,20,514
25,21,511
25,22,502
25,23,499
25,24,490
25,25,489
25,26,520
25,27,521
25,28,518
25,29,493
25,30,498
25,31,527
25,32,518
25,33,521
25,34,555
25,35,539
25,36,524
25,37,537
25,38,520
25,39,501
25,40,498
25,41,544
25,42,537
25,43,531
25,44,532
25,45,510
25,46,483
25,47,480
25,48,513
25,49,514
25,50,517
25,51,529
25,52,495
25,53,486
25,54,489
25,55,533
25,56,516
25,57,519
25,58,529
25,59,497
25,60,489
25,61,496
25,62,512
25,63,542
25,64,558
25,65,554
25,66,552
25,67,527
25,68,530
25,69,509
25,70,525
25,71,515
25,72,518
25,73,513
25,74,487
25,75,481
25,76,479
25,77,519
25,78,506
25,79,507
25,80,505
25,81,491
25,82,494
25,83,497
25,84,507
25,85,534
25,86,517
25,87,521
25,88,507
25,89,479
25,90,476
26,1,518
26,2,510
26,3,462
26,4,510
26,5,549
26,6,532
26,7,519
26,8,501
26,9,483
26,10,484
26,11,489
26,12,502
26,13,508
26,14,520
26,15,524
26,16,499
26,17,452
26,18,462
26,19,482
26,20,498
26,21,493
26,22,485
26,23,482
26,24,475
26,25,475
26,26,502
26,27,502
26,28,496
26,29,471
26,30,475
26,31,508
26,32,466
26,33,504
26,34,532
26,35,513
26,36,505
26,37,516
26,38,501
26,39,480
26,40,480
26,41,525
26,42,523
26,43,513
26,44,517
26,45,491
26,46,461
26,47,466
26,48,493
26,49,493
26,50,500
26,51,510
26,52,477
26,53,464
26,54,473
26,55,512
26,56,498
26,57,502
26,58,505
26,59,476
26,60,462
26,61,466
26,62,500
26,63,522
26,64,540
26,65,535
26,66,534
26,67,508
26,68,512
26,69,494
26,70,511
26,71,499
26,72,499
26,73,492
26,74,469
26,75,460
26,76,466
26,77,501
26,78,485
26,79,489
26,80,488
26,81,470
26,82,473
26,83,482
26,84,488
26,85,517
26,86,498
26,87,502
26,88,492
26,89,460
26,90,462
27,1,513
27,2,500
27,3,489
27,4,506
27,5,543
27,6,524
27,7,513
27,8,492
27,9,478
27,10,471
27,11,486
27,12,497
27,13,498
27,14,509
27,15,515
27,16,489
27,17,444
27,18,455
27,19,471
27,20,488
27,21,483
27,22,477
27,23,468
27,24,466
27,25,471
27,26,490
27,27,496
27,28,486
27,29,458
27,30,462
27,31,496
27,32,495
27,33,498
27,34,524
27,35,507
27,36,494
27,37,505
27,38,494
27,39,471
27,40,476
27,41,517
27,42,512
27,43,503
27,44,510
27,45,485
27,46,455
27,47,457
27,48,487
27,49,481
27,50,490
27,51,503
27,52,467
27,53,462
27,54,467
27,55,501
27,56,488
27,57,490
27,58,493
27,59,464
27,60,456
27,61,477
27,62,496
27,63,511
27,64,531
27,65,526
27,66,518
27,67,496
27,68,504
27,69,494
27,70,502
27,71,490
27,72,485
27,73,483
27,74,459
27,75,450
27,76,462
27,77,491
27,78,477
27,79,479
27,80,478
27,81,462
27,82,462
27,83,472
27,84,477
27,85,505
27,86,486
27,87,495
27,88,485
27,89,454
27,90,458
28,1,508
28,2,498
28,3,465
28,4,508
28,5,539
28,6,520
28,7,510
28,8,491
28,9,474
28,10,467
28,11,489
28,12,498
28,13,497
28,14,508
28,15,515
28,16,481
28,17,440
28,18,456
28,19,468
28,20,488
28,21,477
28,22,477
28,23,463
28,24,463
28,25,471
28,26,488
28,27,494
28,28,486
28,29,455
28,30,461
28,31,493
28,32,485
28,33,496
28,34,522
28,35,504
28,36,491
28,37,506
28,38,491
28,39,468
28,40,475
28,41,515
28,42,511
28,43,505
28,44,513
28,45,481
28,46,451
28,47,460
28,48,484
28,49,479
28,50,484
28,51,504
28,52,466
28,53,459
28,54,468
28,55,498
28,56,488
28,57,489
28,58,493
28,59,461
28,60,451
28,61,494
28,62,493
28,63,506
28,64,528
28,65,524
28,66,520
28,67,496
28,68,500
28,69,492
28,70,497
28,71,485
28,72,489
28,73,481
28,74,451
28,75,446
28,76,462
28,77,490
28,78,476
28,79,480
28,80,477
28,81,457
28,82,457
28,83,472
28,84,475
28,85,506
28,86,484
28,87,497
28,88,483
28,89,450
28,90,462
29,1,528
29,2,501
29,3,458
29,4,525
29,5,554
29,6,535
29,7,525
29,8,505
29,9,482
29,10,477
29,11,506
29,12,511
29,13,508
29,14,525
29,15,530
29,16,492
29,17,445
29,18,471
29,19,476
29,20,505
29,21,495
29,22,490
29,23,475
29,24,469
29,25,487
29,26,503
29,27,510
29,28,501
29,29,472
29,30,466
29,31,500
29,32,486
29,33,510
29,34,534
29,35,521
29,36,506
29,37,516
29,38,498
29,39,472
29,40,494
29,41,534
29,42,527
29,43,519
29,44,525
29,45,487
29,46,458
29,47,477
29,48,501
29,49,494
29,50,498
29,51,516
29,52,470
29,53,461
29,54,488
29,55,512
29,56,502
29,57,499
29,58,504
29,59,466
29,60,454
29,61,448
29,62,508
29,63,522
29,64,546
29,65,537
29,66,528
29,67,501
29,68,503
29,69,509
29,70,519
29,71,503
29,72,505
29,73,496
29,74,459
29,75,450
29,76,481
29,77,506
29,78,491
29,79,494
29,80,489
29,81,463
29,82,460
29,83,492
29,84,492
29,85,524
29,86,504
29,87,513
29,88,491
29,89,459
29,90,481
30,1,582
30,2,522
30,3,482
30,4,583
30,5,607
30,6,589
30,7,581
30,8,554
30,9,507
30,10,494
30,11,561
30,12,566
30,13,563
30,14,579
30,15,586
30,16,508
30,17,459
30,18,527
30,19,524
30,20,554
30,21,541
30,22,536
30,23,496
30,24,480
30,25,547
30,26,554
30,27,566
30,28,561
30,29,520
30,30,486
30,31,525
30,32,492
30,33,564
30,34,589
30,35,573
30,36,561
30,37,572
30,38,518
30,39,494
30,40,557
30,41,589
30,42,583
30,43,576
30,44,582
30,45,512
30,46,475
30,47,528
30,48,538
30,49,538
30,50,546
30,51,561
30,52,493
30,53,484
30,54,543
30,55,567
30,56,552
30,57,555
30,58,557
30,59,490
30,60,466
30,61,482
30,62,563
30,63,574
30,64,597
30,65,589
30,66,584
30,67,522
30,68,518
30,69,579
30,70,582
30,71,563
30,72,558
30,73,546
30,74,481
30,75,466
30,76,533
30,77,556
30,78,542
30,79,545
30,80,539
30,81,482
30,82,474
30,83,542
30,84,541
30,85,577
30,86,560
30,87,567
30,88,510
30,89,470
30,90,537
31,1,689
31,2,566
31,3,506
31,4,687
31,5,725
31,6,700
31,7,687
31,8,656
31,9,545
31,10,526
31,11,675
31,12,680
31,13,674
31,14,684
31,15,683
31,16,546
31,17,486
31,18,617
31,19,616
31,20,636
31,21,621
31,22,615
31,23,527
31,24,505
31,25,662
31,26,663
31,27,666
31,28,663
31,29,622
31,30,520
31,31,571
31,32,517
31,33,683
31,34,696
31,35,692
31,36,677
31,37,680
31,38,558
31,39,519
31,40,673
31,41,702
31,42,696
31,43,681
31,44,688
31,45,553
31,46,506
31,47,608
31,48,628
31,49,620
31,50,616
31,51,634
31,52,538
31,53,507
31,54,658
31,55,674
31,56,659
31,57,658
31,58,659
31,59,522
31,60,501
31,61,499
31,62,667
31,63,683
31,64,698
31,65,700
31,66,681
31,67,557
31,68,540
31,69,678
31,70,674
31,71,665
31,72,659
31,73,638
31,74,515
31,75,496
31,76,623
31,77,642
31,78,630
31,79,621
31,80,617
31,81,514
31,82,500
31,83,635
31,84,636
31,85,660
31,86,646
31,87,645
31,88,539
31,89,495
31,90,629
32,1,755
32,2,624
32,3,536
32,4,752
32,5,771
32,6,770
32,7,757
32,8,725
32,9,597
32,10,572
32,11,741
32,12,752
32,13,745
32,14,747
32,15,742
32,16,590
32,17,532
32,18,684
32,19,683
32,20,703
32,21,691
32,22,685
32,23,571
32,24,544
32,25,738
32,26,728
32,27,739
32,28,723
32,29,695
32,30,584
32,31,629
32,32,553
32,33,766
32,34,754
32,35,749
32,36,739
32,37,740
32,38,608
32,39,563
32,40,735
32,41,755
32,42,753
32,43,745
32,44,741
32,45,594
32,46,547
32,47,677
32,48,691
32,49,682
32,50,686
32,51,693
32,52,588
32,53,552
32,54,718
32,55,728
32,56,727
32,57,729
32,58,729
32,59,570
32,60,545
32,61,527
32,62,730
32,63,756
32,64,758
32,65,761
32,66,744
32,67,620
32,68,579
32,69,737
32,70,739
32,71,725
32,72,725
32,73,697
32,74,576
32,75,553
32,76,695
32,77,700
32,78,691
32,79,687
32,80,685
32,81,571
32,82,545
32,83,705
32,84,705
32,85,721
32,86,707
32,87,724
32,88,595
32,89,539
32,90,694
33,1,763
33,2,680
33,3,586
33,4,765
33,5,767
33,6,769
33,7,753
33,8,725
33,9,662
33,10,629
33,11,751
33,12,765
33,13,757
33,14,749
33,15,747
33,16,635
33,17,581
33,18,712
33,19,711
33,20,726
33,21,714
33,22,713
33,23,622
33,24,587
33,25,753
33,26,734
33,27,742
33,28,713
33,29,707
33,30,627
33,31,685
33,32,597
33,33,775
33,34,757
33,35,757
33,36,741
33,37,748
33,38,646
33,39,614
33,40,740
33,41,755
33,42,756
33,43,744
33,44,744
33,45,640
33,46,594
33,47,703
33,48,711
33,49,707
33,50,709
33,51,718
33,52,642
33,53,603
33,54,735
33,55,727
33,56,737
33,57,734
33,58,729
33,59,626
33,60,598
33,61,595
33,62,744
33,63,761
33,64,764
33,65,765
33,66,762
33,67,671
33,68,633
33,69,744
33,70,740
33,71,729
33,72,730
33,73,705
33,74,626
33,75,605
33,76,716
33,77,715
33,78,709
33,79,704
33,80,704
33,81,616
33,82,601
33,83,719
33,84,717
33,85,724
33,86,714
33,87,725
33,88,631
33,89,586
33,90,707
34,1,775
34,2,694
34,3,642
34,4,776
34,5,769
34,6,763
34,7,748
34,8,725
34,9,679
34,10,652
34,11,746
34,12,767
34,13,762
34,14,749
34,15,749
34,16,656
34,17,616
34,18,728
34,19,725
34,20,742
34,21,730
34,22,729
34,23,651
34,24,622
34,25,767
34,26,733
34,27,738
34,28,717
34,29,704
34,30,652
34,31,721
34,32,647
34,33,782
34,34,759
34,35,755
34,36,749
34,37,749
34,38,670
34,39,639
34,40,745
34,41,755
34,42,755
34,43,748
34,44,741
34,45,658
34,46,623
34,47,718
34,48,723
34,49,723
34,50,719
34,51,724
34,52,671
34,53,642
34,54,744
34,55,724
34,56,743
34,57,736
34,58,732
34,59,650
34,60,638
34,61,635
34,62,743
34,63,775
34,64,757
34,65,763
34,66,757
34,67,690
34,68,654
34,69,740
34,70,740
34,71,725
34,72,737
34,73,709
34,74,660
34,75,637
34,76,733
34,77,728
34,78,715
34,79,712
34,80,718
34,81,650
34,82,640
34,83,724
34,84,725
34,85,724
34,86,714
34,87,725
34,88,640
34,89,612
34,90,707
35,1,772
35,2,697
35,3,658
35,4,780
35,5,765
35,6,757
35,7,740
35,8,719
35,9,679
35,10,655
35,11,741
35,12,771
35,13,754
35,14,736
35,15,737
35,16,649
35,17,616
35,18,727
35,19,726
35,20,742
35,21,732
35,22,730
35,23,656
35,24,630
35,25,771
35,26,734
35,27,738
35,28,720
35,29,711
35,30,655
35,31,729
35,32,666
35,33,788
35,34,754
35,35,741
35,36,754
35,37,743
35,38,670
35,39,643
35,40,742
35,41,753
35,42,749
35,43,741
35,44,739
35,45,655
35,46,617
35,47,720
35,48,726
35,49,729
35,50,723
35,51,726
35,52,690
35,53,653
35,54,748
35,55,724
35,56,749
35,57,732
35,58,728
35,59,651
35,60,648
35,61,650
35,62,748
35,63,782
35,64,756
35,65,765
35,66,757
35,67,696
35,68,658
35,69,733
35,70,736
35,71,727
35,72,735
35,73,707
35,74,662
35,75,640
35,76,736
35,77,726
35,78,712
35,79,716
35,80,716
35,81,651
35,82,653
35,83,727
35,84,726
35,85,722
35,86,719
35,87,723
35,88,635
35,89,610
35,90,708
36,1,777
36,2,699
36,3,674
36,4,786
36,5,762
36,6,753
36,7,743
36,8,716
36,9,677
36,10,645
36,11,740
36,12,775
36,13,767
36,14,737
36,15,722
36,16,641
36,17,613
36,18,722
36,19,722
36,20,741
36,21,732
36,22,732
36,23,654
36,24,624
36,25,768
36,26,728
36,27,740
36,28,710
36,29,717
36,30,660
36,31,737
36,32,679
36,33,790
36,34,752
36,35,739
36,36,755
36,37,737
36,38,662
36,39,644
36,40,744
36,41,753
36,42,741
36,43,736
36,44,735
36,45,645
36,46,618
36,47,719
36,48,724
36,49,734
36,50,722
36,51,723
36,52,697
36,53,659
36,54,748
36,55,725
36,56,757
36,57,738
36,58,722
36,59,654
36,60,657
36,61,657
36,62,750
36,63,785
36,64,755
36,65,766
36,66,757
36,67,697
36,68,654
36,69,731
36,70,735
36,71,733
36,72,734
36,73,704
36,74,657
36,75,639
36,76,742
36,77,723
36,78,713
36,79,713
36,80,715
36,81,648
36,82,668
36,83,728
36,84,732
36,85,726
36,86,716
36,87,718
36,88,628
36,89,609
36,90,717
37,1,770
37,2,689
37,3,679
37,4,774
37,5,750
37,6,733
37,7,727
37,8,709
37,9,663
37,10,645
37,11,724
37,12,766
37,13,757
37,14,727
37,15,712
37,16,628
37,17,607
37,18,713
37,19,714
37,20,724
37,21,725
37,22,721
37,23,644
37,24,617
37,25,763
37,26,724
37,27,736
37,28,705
37,29,719
37,30,658
37,31,730
37,32,688
37,33,783
37,34,742
37,35,727
37,36,744
37,37,722
37,38,648
37,39,634
37,40,735
37,41,740
37,42,728
37,43,723
37,44,715
37,45,623
37,46,608
37,47,709
37,48,713
37,49,722
37,50,706
37,51,706
37,52,687
37,53,656
37,54,744
37,55,719
37,56,748
37,57,732
37,58,715
37,59,660
37,60,659
37,61,653
37,62,741
37,63,769
37,64,742
37,65,752
37,66,740
37,67,686
37,68,646
37,69,722
37,70,722
37,71,720
37,72,721
37,73,694
37,74,642
37,75,626
37,76,732
37,77,713
37,78,705
37,79,702
37,80,702
37,81,642
37,82,664
37,83,713
37,84,722
37,85,721
37,86,707
37,87,706
37,88,619
37,89,607
37,90,710
38,1,762
38,2,670
38,3,676
38,4,771
38,5,748
38,6,721
38,7,716
38,8,702
38,9,649
38,10,617
38,11,719
38,12,756
38,13,755
38,14,722
38,15,704
38,16,615
38,17,596
38,18,711
38,19,713
38,20,721
38,21,717
38,22,712
38,23,628
38,24,604
38,25,759
38,26,719
38,27,728
38,28,703
38,29,718
38,30,645
38,31,720
38,32,675
38,33,775
38,34,740
38,35,722
38,36,746
38,37,719
38,38,632
38,39,618
38,40,729
38,41,734
38,42,723
38,43,720
38,44,710
38,45,611
38,46,596
38,47,704
38,48,716
38,49,718
38,50,711
38,51,701
38,52,676
38,53,641
38,54,739
38,55,719
38,56,743
38,57,730
38,58,708
38,59,653
38,60,641
38,61,639
38,62,743
38,63,767
38,64,735
38,65,747
38,66,737
38,67,669
38,68,633
38,69,718
38,70,721
38,71,716
38,72,720
38,73,688
38,74,628
38,75,606
38,76,727
38,77,712
38,78,706
38,79,706
38,80,696
38,81,627
38,82,660
38,83,716
38,84,724
38,85,715
38,86,707
38,87,698
38,88,603
38,89,596
38,90,714
39,1,747
39,2,637
39,3,665
39,4,760
39,5,723
39,6,708
39,7,698
39,8,682
39,9,636
39,10,592
39,11,703
39,12,742
39,13,748
39,14,711
39,15,691
39,16,613
39,17,565
39,18,707
39,19,698
39,20,709
39,21,703
39,22,699
39,23,605
39,24,591
39,25,744
39,26,709
39,27,703
39,28,696
39,29,706
39,30,633
39,31,708
39,32,664
39,33,758
39,34,721
39,35,706
39,36,734
39,37,704
39,38,619
39,39,605
39,40,713
39,41,716
39,42,709
39,43,706
39,44,692
39,45,597
39,46,581
39,47,693
39,48,708
39,49,711
39,50,696
39,51,685
39,52,665
39,53,626
39,54,726
39,55,709
39,56,730
39,57,721
39,58,696
39,59,645
39,60,618
39,61,624
39,62,738
39,63,757
39,64,724
39,65,735
39,66,733
39,67,655
39,68,619
39,69,708
39,70,711
39,71,710
39,72,718
39,73,671
39,74,621
39,75,587
39,76,715
39,77,704
39,78,697
39,79,699
39,80,691
39,81,620
39,82,647
39,83,711
39,84,715
39,85,702
39,86,700
39,87,684
39,88,592
39,89,586
39,90,699
40,1,736
40,2,642
40,3,659
40,4,749
40,5,712
40,6,698
40,7,686
40,8,669
40,9,627
40,10,584
40,11,689
40,12,738
40,13,739
40,14,697
40,15,673
40,16,617
40,17,576
40,18,691
40,19,680
40,20,698
40,21,690
40,22,681
40,23,592
40,24,591
40,25,736
40,26,690
40,27,689
40,28,683
40,29,698
40,30,634
40,31,707
40,32,660
40,33,749
40,34,707
40,35,691
40,36,726
40,37,691
40,38,612
40,39,602
40,40,699
40,41,705
40,42,697
40,43,695
40,44,677
40,45,591
40,46,582
40,47,682
40,48,697
40,49,696
40,50,685
40,51,660
40,52,661
40,53,624
40,54,717
40,55,699
40,56,722
40,57,712
40,58,681
40,59,652
40,60,613
40,61,607
40,62,730
40,63,749
40,64,715
40,65,722
40,66,729
40,67,647
40,68,611
40,69,692
40,70,694
40,71,702
40,72,698
40,73,664
40,74,615
40,75,583
40,76,704
40,77,687
40,78,684
40,79,684
40,80,676
40,81,624
40,82,648
40,83,708
40,84,705
40,85,692
40,86,685
40,87,670
40,88,588
40,89,582
40,90,688
41,1,732
41,2,650
41,3,665
41,4,751
41,5,705
41,6,698
41,7,686
41,8,661
41,9,628
41,10,581
41,11,690
41,12,744
41,13,743
41,14,692
41,15,666
41,16,633
41,17,597
41,18,694
41,19,674
41,20,696
41,21,682
41,22,672
41,23,603
41,24,608
41,25,742
41,26,689
41,27,681
41,28,676
41,29,690
41,30,638
41,31,717
41,32,677
41,33,751
41,34,700
41,35,687
41,36,730
41,37,685
41,38,613
41,39,605
41,40,703
41,41,711
41,42,693
41,43,691
41,44,668
41,45,595
41,46,591
41,47,678
41,48,694
41,49,703
41,50,680
41,51,649
41,52,664
41,53,628
41,54,721
41,55,696
41,56,729
41,57,710
41,58,671
41,59,662
41,60,620
41,61,621
41,62,729
41,63,759
41,64,718
41,65,720
41,66,736
41,67,652
41,68,617
41,69,689
41,70,689
41,71,700
41,72,698
41,73,662
41,74,623
41,75,586
41,76,706
41,77,685
41,78,684
41,79,680
41,80,668
41,81,633
41,82,657
41,83,711
41,84,702
41,85,692
41,86,682
41,87,663
41,88,591
41,89,597
41,90,686
42,1,732
42,2,674
42,3,683
42,4,758
42,5,705
42,6,698
42,7,689
42,8,660
42,9,633
42,10,584
42,11,691
42,12,753
42,13,747
42,14,688
42,15,653
42,16,643
42,17,630
42,18,690
42,19,669
42,20,687
42,21,674
42,22,655
42,23,600
42,24,636
42,25,743
42,26,689
42,27,677
42,28,671
42,29,679
42,30,649
42,31,725
42,32,684
42,33,754
42,34,702
42,35,690
42,36,734
42,37,677
42,38,616
42,39,623
42,40,704
42,41,722
42,42,695
42,43,691
42,44,659
42,45,606
42,46,606
42,47,674
42,48,687
42,49,709
42,50,673
42,51,649
42,52,676
42,53,650
42,54,729
42,55,693
42,56,737
42,57,710
42,58,664
42,59,677
42,60,637
42,61,631
42,62,734
42,63,766
42,64,723
42,65,726
42,66,735
42,67,652
42,68,632
42,69,688
42,70,686
42,71,708
42,72,701
42,73,662
42,74,632
42,75,604
42,76,714
42,77,687
42,78,682
42,79,677
42,80,658
42,81,645
42,82,675
42,83,724
42,84,704
42,85,693
42,86,676
42,87,654
42,88,600
42,89,605
42,90,686
43,1,762
43,2,693
43,3,689
43,4,763
43,5,709
43,6,701
43,7,689
43,8,659
43,9,637
43,10,598
43,11,702
43,12,748
43,13,742
43,14,685
43,15,648
43,16,644
43,17,635
43,18,687
43,19,664
43,20,684
43,21,664
43,22,652
43,23,600
43,24,654
43,25,738
43,26,692
43,27,670
43,28,662
43,29,662
43,30,635
43,31,738
43,32,698
43,33,757
43,34,709
43,35,693
43,36,741
43,37,672
43,38,619
43,39,624
43,40,708
43,41,731
43,42,701
43,43,686
43,44,653
43,45,604
43,46,608
43,47,670
43,48,678
43,49,712
43,50,670
43,51,652
43,52,671
43,53,634
43,54,722
43,55,683
43,56,733
43,57,709
43,58,651
43,59,670
43,60,644
43,61,645
43,62,741
43,63,770
43,64,732
43,65,730
43,66,727
43,67,651
43,68,645
43,69,692
43,70,689
43,71,711
43,72,693
43,73,662
43,74,637
43,75,611
43,76,718
43,77,692
43,78,677
43,79,671
43,80,645
43,81,650
43,82,674
43,83,723
43,84,698
43,85,692
43,86,675
43,87,649
43,88,601
43,89,609
43,90,680
44,1,756
44,2,696
44,3,708
44,4,783
44,5,737
44,6,723
44,7,717
44,8,672
44,9,655
44,10,633
44,11,720
44,12,747
44,13,747
44,14,702
44,15,662
44,16,647
44,17,646
44,18,695
44,19,680
44,20,694
44,21,675
44,22,656
44,23,609
44,24,664
44,25,734
44,26,701
44,27,681
44,28,665
44,29,653
44,30,644
44,31,723
44,32,713
44,33,768
44,34,737
44,35,720
44,36,752
44,37,684
44,38,632
44,39,651
44,40,729
44,41,745
44,42,724
44,43,703
44,44,667
44,45,616
44,46,620
44,47,680
44,48,685
44,49,716
44,50,678
44,51,660
44,52,670
44,53,642
44,54,733
44,55,695
44,56,731
44,57,712
44,58,653
44,59,664
44,60,650
44,61,685
44,62,761
44,63,782
44,64,750
44,65,748
44,66,726
44,67,666
44,68,669
44,69,717
44,70,713
44,71,732
44,72,702
44,73,675
44,74,647
44,75,633
44,76,728
44,77,706
44,78,687
44,79,683
44,80,651
44,81,651
44,82,676
44,83,727
44,84,701
44,85,707
44,86,681
44,87,650
44,88,603
44,89,623
44,90,682
45,1,736
45,2,680
45,3,706
45,4,792
45,5,755
45,6,747
45,7,732
45,8,694
45,9,677
45,10,671
45,11,732
45,12,743
45,13,750
45,14,730
45,15,687
45,16,643
45,17,643
45,18,710
45,19,702
45,20,714
45,21,698
45,22,677
45,23,640
45,24,664
45,25,739
45,26,718
45,27,714
45,28,700
45,29,684
45,30,663
45,31,701
45,32,709
45,33,765
45,34,749
45,35,731
45,36,740
45,37,702
45,38,651
45,39,677
45,40,743
45,41,754
45,42,738
45,43,725
45,44,687
45,45,637
45,46,644
45,47,706
45,48,712
45,49,709
45,50,706
45,51,678
45,52,665
45,53,663
45,54,748
45,55,725
45,56,730
45,57,732
45,58,680
45,59,659
45,60,669
45,61,702
45,62,762
45,63,771
45,64,764
45,65,758
45,66,716
45,67,691
45,68,700
45,69,739
45,70,736
45,71,737
45,72,721
45,73,677
45,74,649
45,75,647
45,76,730
45,77,714
45,78,714
45,79,709
45,80,671
45,81,652
45,82,671
45,83,721
45,84,717
45,85,721
45,86,712
45,87,676
45,88,632
45,89,656
45,90,714
46,1,693
46,2,626
46,3,663
46,4,743
46,5,717
46,6,705
46,7,698
46,8,668
46,9,655
46,10,631
46,11,691
46,12,703
46,13,709
46,14,707
46,15,666
46,16,596
46,17,602
46,18,669
46,19,670
46,20,680
46,21,676
46,22,661
46,23,623
46,24,634
46,25,697
46,26,687
46,27,683
46,28,682
46,29,664
46,30,633
46,31,667
46,32,669
46,33,724
46,34,705
46,35,683
46,36,691
46,37,663
46,38,641
46,39,638
46,40,703
46,41,707
46,42,693
46,43,693
46,44,656
46,45,617
46,46,615
46,47,664
46,48,672
46,49,663
46,50,673
46,51,641
46,52,630
46,53,633
46,54,704
46,55,688
46,56,676
46,57,692
46,58,660
46,59,632
46,60,641
46,61,658
46,62,710
46,63,722
46,64,715
46,65,708
46,66,677
46,67,665
46,68,656
46,69,690
46,70,685
46,71,686
46,72,676
46,73,640
46,74,622
46,75,610
46,76,679
46,77,674
46,78,673
46,79,671
46,80,637
46,81,625
46,82,631
46,83,671
46,84,684
46,85,678
46,86,683
46,87,659
46,88,616
46,89,625
46,90,673
47,1,627
47,2,584
47,3,611
47,4,672
47,5,661
47,6,645
47,7,621
47,8,610
47,9,593
47,10,575
47,11,608
47,12,616
47,13,624
47,14,630
47,15,603
47,16,550
47,17,546
47,18,591
47,19,597
47,20,603
47,21,605
47,22,599
47,23,570
47,24,561
47,25,618
47,26,617
47,27,616
47,28,605
47,29,602
47,30,576
47,31,602
47,32,612
47,33,653
47,34,635
47,35,619
47,36,624
47,37,614
47,38,579
47,39,573
47,40,629
47,41,633
47,42,620
47,43,626
47,44,605
47,45,504
47,46,548
47,47,599
47,48,604
47,49,601
47,50,615
47,51,583
47,52,562
47,53,570
47,54,629
47,55,611
47,56,604
47,57,622
47,58,599
47,59,574
47,60,579
47,61,599
47,62,636
47,63,646
47,64,646
47,65,636
47,66,622
47,67,610
47,68,587
47,69,617
47,70,610
47,71,608
47,72,607
47,73,581
47,74,567
47,75,556
47,76,608
47,77,604
47,78,601
47,79,599
47,80,581
47,81,567
47,82,568
47,83,599
47,84,613
47,85,609
47,86,612
47,87,619
47,88,562
47,89,556
47,90,596
48,1,560
48,2,542
48,3,559
48,4,608
48,5,591
48,6,577
48,7,559
48,8,540
48,9,547
48,10,531
48,11,555
48,12,567
48,13,573
48,14,572
48,15,551
48,16,509
48,17,507
48,18,539
48,19,545
48,20,549
48,21,545
48,22,535
48,23,528
48,24,522
48,25,553
48,26,553
48,27,550
48,28,534
48,29,534
48,30,525
48,31,554
48,32,560
48,33,590
48,34,575
48,35,561
48,36,566
48,37,563
48,38,537
48,39,531
48,40,578
48,41,575
48,42,566
48,43,566
48,44,544
48,45,514
48,46,486
48,47,542
48,48,549
48,49,550
48,50,563
48,51,533
48,52,521
48,53,524
48,54,564
48,55,555
48,56,552
48,57,557
48,58,539
48,59,527
48,60,533
48,61,544
48,62,579
48,63,592
48,64,588
48,65,580
48,66,568
48,67,563
48,68,536
48,69,558
48,70,545
48,71,543
48,72,538
48,73,519
48,74,521
48,75,506
48,76,550
48,77,546
48,78,538
48,79,540
48,80,528
48,81,524
48,82,523
48,83,543
48,84,560
48,85,555
48,86,561
48,87,551
48,88,515
48,89,506
48,90,538
49,1,533
49,2,520
49,3,525
49,4,575
49,5,552
49,6,538
49,7,521
49,8,512
49,9,505
49,10,502
49,11,519
49,12,530
49,13,540
49,14,540
49,15,518
49,16,475
49,17,479
49,18,506
49,19,514
49,20,511
49,21,502
49,22,499
49,23,490
49,24,489
49,25,520
49,26,521
49,27,518
49,28,493
49,29,498
49,30,479
49,31,518
49,32,521
49,33,555
49,34,539
49,35,524
49,36,537
49,37,520
49,38,501
49,39,498
49,40,544
49,41,537
49,42,531
49,43,532
49,44,510
49,45,483
49,46,480
49,47,513
49,48,514
49,49,517
49,50,529
49,51,495
49,52,486
49,53,489
49,54,533
49,55,516
49,56,519
49,57,529
49,58,497
49,59,489
49,60,497
49,61,512
49,62,542
49,63,558
49,64,554
49,65,552
49,66,527
49,67,530
49,68,509
49,69,525
49,70,515
49,71,518
49,72,513
49,73,487
49,74,481
49,75,479
49,76,519
49,77,506
49,78,507
49,79,505
49,80,491
49,81,494
49,82,497
49,83,507
49,84,534
49,85,517
49,86,521
49,87,507
49,88,479
49,89,476
49,90,504
50,1,510
50,2,462
50,3,510
50,4,549
50,5,532
50,6,519
50,7,501
50,8,483
50,9,484
50,10,489
50,11,502
50,12,508
50,13,520
50,14,524
50,15,499
50,16,452
50,17,462
50,18,482
50,19,498
50,20,493
50,21,485
50,22,482
50,23,475
50,24,475
50,25,502
50,26,502
50,27,496
50,28,471
50,29,475
50,30,467
50,31,466
50,32,504
50,33,532
50,34,513
50,35,505
50,36,516
50,37,501
50,38,480
50,39,480
50,40,525
50,41,523
50,42,513
50,43,517
50,44,491
50,45,461
50,46,466
50,47,493
50,48,493
50,49,500
50,50,510
50,51,477
50,52,464
50,53,473
50,54,512
50,55,498
50,56,502
50,57,505
50,58,476
50,59,462
50,60,485
50,61,500
50,62,522
50,63,540
50,64,535
50,65,534
50,66,508
50,67,512
50,68,494
50,69,511
50,70,499
50,71,499
50,72,492
50,73,469
50,74,460
50,75,466
50,76,501
50,77,485
50,78,489
50,79,488
50,80,470
50,81,473
50,82,482
50,83,488
50,84,517
50,85,498
50,86,502
50,87,492
50,88,460
50,89,462
50,90,486
51,1,500
51,2,489
51,3,506
51,4,543
51,5,524
51,6,513
51,7,492
51,8,478
51,9,471
51,10,486
51,11,497
51,12,498
51,13,509
51,14,515
51,15,489
51,16,444
51,17,455
51,18,471
51,19,488
51,20,483
51,21,477
51,22,468
51,23,466
51,24,471
51,25,490
51,26,496
51,27,486
51,28,458
51,29,462
51,30,455
51,31,495
51,32,498
51,33,524
51,34,507
51,35,494
51,36,505
51,37,494
51,38,471
51,39,476
51,40,517
51,41,512
51,42,503
51,43,510
51,44,485
51,45,455
51,46,457
51,47,487
51,48,481
51,49,490
51,50,503
51,51,467
51,52,462
51,53,467
51,54,501
51,55,488
51,56,490
51,57,493
51,58,464
51,59,456
51,60,480
51,61,496
51,62,511
51,63,531
51,64,526
51,65,518
51,66,496
51,67,504
51,68,494
51,69,502
51,70,490
51,71,485
51,72,483
51,73,459
51,74,450
51,75,462
51,76,491
51,77,477
51,78,479
51,79,478
51,80,462
51,81,462
51,82,472
51,83,477
51,84,505
51,85,486
51,86,495
51,87,485
51,88,454
51,89,458
51,90,479
52,1,498
52,2,465
52,3,508
52,4,539
52,5,520
52,6,510
52,7,491
52,8,474
52,9,467
52,10,489
52,11,498
52,12,497
52,13,508
52,14,515
52,15,481
52,16,440
52,17,456
52,18,468
52,19,488
52,20,477
52,21,477
52,22,463
52,23,463
52,24,471
52,25,488
52,26,494
52,27,486
52,28,455
52,29,461
52,30,453
52,31,485
52,32,496
52,33,522
52,34,504
52,35,491
52,36,506
52,37,491
52,38,468
52,39,475
52,40,515
52,41,511
52,42,505
52,43,513
52,44,481
52,45,451
52,46,460
52,47,484
52,48,479
52,49,484
52,50,504
52,51,466
52,52,459
52,53,468
52,54,498
52,55,488
52,56,489
52,57,493
52,58,461
52,59,451
52,60,480
52,61,493
52,62,506
52,63,528
52,64,524
52,65,520
52,66,496
52,67,500
52,68,492
52,69,497
52,70,485
52,71,489
52,72,481
52,73,451
52,74,446
52,75,462
52,76,490
52,77,476
52,78,480
52,79,477
52,80,457
52,81,457
52,82,472
52,83,475
52,84,506
52,85,484
52,86,497
52,87,483
52,88,450
52,89,462
52,90,481
53,1,501
53,2,458
53,3,525
53,4,554
53,5,535
53,6,525
53,7,505
53,8,482
53,9,477
53,10,506
53,11,511
53,12,508
53,13,525
53,14,530
53,15,492
53,16,445
53,17,471
53,18,476
53,19,505
53,20,495
53,21,490
53,22,475
53,23,469
53,24,487
53,25,503
53,26,510
53,27,501
53,28,472
53,29,466
53,30,458
53,31,486
53,32,510
53,33,534
53,34,521
53,35,506
53,36,516
53,37,498
53,38,472
53,39,494
53,40,534
53,41,527
53,42,519
53,43,525
53,44,487
53,45,458
53,46,477
53,47,501
53,48,494
53,49,498
53,50,516
53,51,470
53,52,461
53,53,488
53,54,512
53,55,502
53,56,499
53,57,504
53,58,466
53,59,454
53,60,498
53,61,508
53,62,522
53,63,546
53,64,537
53,65,528
53,66,501
53,67,503
53,68,509
53,69,519
53,70,503
53,71,505
53,72,496
53,73,459
53,74,450
53,75,481
53,76,506
53,77,491
53,78,494
53,79,489
53,80,463
53,81,460
53,82,492
53,83,492
53,84,524
53,85,504
53,86,513
53,87,491
53,88,459
53,89,481
53,90,495
54,1,522
54,2,482
54,3,583
54,4,607
54,5,589
54,6,581
54,7,554
54,8,507
54,9,494
54,10,561
54,11,566
54,12,563
54,13,579
54,14,586
54,15,508
54,16,459
54,17,527
54,18,524
54,19,554
54,20,541
54,21,536
54,22,496
54,23,480
54,24,547
54,25,554
54,26,566
54,27,561
54,28,520
54,29,486
54,30,471
54,31,492
54,32,564
54,33,589
54,34,573
54,35,561
54,36,572
54,37,518
54,38,494
54,39,557
54,40,589
54,41,583
54,42,576
54,43,582
54,44,512
54,45,475
54,46,528
54,47,538
54,48,538
54,49,546
54,50,561
54,51,493
54,52,484
54,53,543
54,54,567
54,55,552
54,56,555
54,57,557
54,58,490
54,59,466
54,60,552
54,61,563
54,62,574
54,63,597
54,64,589
54,65,584
54,66,522
54,67,518
54,68,579
54,69,582
54,70,563
54,71,558
54,72,546
54,73,481
54,74,466
54,75,533
54,76,556
54,77,542
54,78,545
54,79,539
54,80,482
54,81,474
54,82,542
54,83,541
54,84,577
54,85,560
54,86,567
54,87,510
54,88,470
54,89,537
54,90,543
55,1,566
55,2,506
55,3,687
55,4,725
55,5,700
55,6,687
55,7,656
55,8,545
55,9,526
55,10,675
55,11,680
55,12,674
55,13,684
55,14,683
55,15,546
55,16,486
55,17,617
55,18,616
55,19,636
55,20,621
55,21,615
55,22,527
55,23,505
55,24,662
55,25,663
55,26,666
55,27,663
55,28,622
55,29,520
55,30,496
55,31,517
55,32,683
55,33,696
55,34,692
55,35,677
55,36,680
55,37,558
55,38,519
55,39,673
55,40,702
55,41,696
55,42,681
55,43,688
55,44,553
55,45,506
55,46,608
55,47,628
55,48,620
55,49,616
55,50,634
55,51,538
55,52,507
55,53,658
55,54,674
55,55,659
55,56,658
55,57,659
55,58,522
55,59,501
55,60,654
55,61,667
55,62,683
55,63,698
55,64,700
55,65,681
55,66,557
55,67,540
55,68,678
55,69,674
55,70,665
55,71,659
55,72,638
55,73,515
55,74,496
55,75,623
55,76,642
55,77,630
55,78,621
55,79,617
55,80,514
55,81,500
55,82,635
55,83,636
55,84,660
55,85,646
55,86,645
55,87,539
55,88,495
55,89,629
55,90,633
56,1,624
56,2,536
56,3,752
56,4,771
56,5,770
56,6,757
56,7,725
56,8,597
56,9,572
56,10,741
56,11,752
56,12,745
56,13,747
56,14,742
56,15,590
56,16,532
56,17,684
56,18,683
56,19,703
56,20,691
56,21,685
56,22,571
56,23,544
56,24,738
56,25,728
56,26,739
56,27,723
56,28,695
56,29,584
56,30,551
56,31,553
56,32,766
56,33,754
56,34,749
56,35,739
56,36,740
56,37,608
56,38,563
56,39,735
56,40,755
56,41,753
56,42,745
56,43,741
56,44,594
56,45,547
56,46,677
56,47,691
56,48,682
56,49,686
56,50,693
56,51,588
56,52,552
56,53,718
56,54,728
56,55,727
56,56,729
56,57,729
56,58,570
56,59,545
56,60,715
56,61,730
56,62,756
56,63,758
56,64,761
56,65,744
56,66,620
56,67,579
56,68,737
56,69,739
56,70,725
56,71,725
56,72,697
56,73,576
56,74,553
56,75,695
56,76,700
56,77,691
56,78,687
56,79,685
56,80,571
56,81,545
56,82,705
56,83,705
56,84,721
56,85,707
56,86,724
56,87,595
56,88,539
56,89,694
56,90,701
57,1,680
57,2,586
57,3,765
57,4,767
57,5,769
57,6,753
57,7,725
57,8,662
57,9,629
57,10,751
57,11,765
57,12,757
57,13,749
57,14,747
57,15,635
57,16,581
57,17,712
57,18,711
57,19,726
57,20,714
57,21,713
57,22,622
57,23,587
57,24,753
57,25,734
57,26,742
57,27,713
57,28,707
57,29,627
57,30,599
57,31,597
57,32,775
57,33,757
57,34,757
57,35,741
57,36,748
57,37,646
57,38,614
57,39,740
57,40,755
57,41,756
57,42,744
57,43,744
57,44,640
57,45,594
57,46,703
57,47,711
57,48,707
57,49,709
57,50,718
57,51,642
57,52,603
57,53,735
57,54,727
57,55,737
57,56,734
57,57,729
57,58,626
57,59,598
57,60,723
57,61,744
57,62,761
57,63,764
57,64,765
57,65,762
57,66,671
57,67,633
57,68,744
57,69,740
57,70,729
57,71,730
57,72,705
57,73,626
57,74,605
57,75,716
57,76,715
57,77,709
57,78,704
57,79,704
57,80,616
57,81,601
57,82,719
57,83,717
57,84,724
57,85,714
57,86,725
57,87,631
57,88,586
57,89,707
57,90,710
58,1,694
58,2,642
58,3,776
58,4,769
58,5,763
58,6,748
58,7,725
58,8,679
58,9,652
58,10,746
58,11,767
58,12,762
58,13,749
58,14,749
58,15,656
58,16,616
58,17,728
58,18,725
58,19,742
58,20,730
58,21,729
58,22,651
58,23,622
58,24,767
58,25,733
58,26,738
58,27,717
58,28,704
58,29,652
58,30,635
58,31,647
58,32,782
58,33,759
58,34,755
58,35,749
58,36,749
58,37,670
58,38,639
58,39,745
58,40,755
58,41,755
58,42,748
58,43,741
58,44,658
58,45,623
58,46,718
58,47,723
58,48,723
58,49,719
58,50,724
58,51,671
58,52,642
58,53,744
58,54,724
58,55,743
58,56,736
58,57,732
58,58,650
58,59,638
58,60,726
58,61,743
58,62,775
58,63,757
58,64,763
58,65,757
58,66,690
58,67,654
58,68,740
58,69,740
58,70,725
58,71,737
58,72,709
58,73,660
58,74,637
58,75,733
58,76,728
58,77,715
58,78,712
58,79,718
58,80,650
58,81,640
58,82,724
58,83,725
58,84,724
58,85,714
58,86,725
58,87,640
58,88,612
58,89,707
58,90,721
59,1,697
59,2,658
59,3,780
59,4,765
59,5,757
59,6,740
59,7,719
59,8,679
59,9,655
59,10,741
59,11,771
59,12,754
59,13,736
59,14,737
59,15,649
59,16,616
59,17,727
59,18,726
59,19,742
59,20,732
59,21,730
59,22,656
59,23,630
59,24,771
59,25,734
59,26,738
59,27,720
59,28,711
59,29,655
59,30,650
59,31,666
59,32,788
59,33,754
59,34,741
59,35,754
59,36,743
59,37,670
59,38,643
59,39,742
59,40,753
59,41,749
59,42,741
59,43,739
59,44,655
59,45,617
59,46,720
59,47,726
59,48,729
59,49,723
59,50,726
59,51,690
59,52,653
59,53,748
59,54,724
59,55,749
59,56,732
59,57,728
59,58,651
59,59,648
59,60,725
59,61,748
59,62,782
59,63,756
59,64,765
59,65,757
59,66,696
59,67,658
59,68,733
59,69,736
59,70,727
59,71,735
59,72,707
59,73,662
59,74,640
59,75,736
59,76,726
59,77,712
59,78,716
59,79,716
59,80,651
59,81,653
59,82,727
59,83,726
59,84,722
59,85,719
59,86,723
59,87,635
59,88,610
59,89,708
59,90,719
60,1,699
60,2,674
60,3,786
60,4,762
60,5,753
60,6,743
60,7,716
60,8,677
60,9,645
60,10,740
60,11,775
60,12,767
60,13,737
60,14,722
60,15,641
60,16,613
60,17,722
60,18,722
60,19,741
60,20,732
60,21,732
60,22,654
60,23,624
60,24,768
60,25,728
60,26,740
60,27,710
60,28,717
60,29,660
60,30,655
60,31,679
60,32,790
60,33,752
60,34,739
60,35,755
60,36,737
60,37,662
60,38,644
60,39,744
60,40,753
60,41,741
60,42,736
60,43,735
60,44,645
60,45,618
60,46,719
60,47,724
60,48,734
60,49,722
60,50,723
60,51,697
60,52,659
60,53,748
60,54,725
60,55,757
60,56,738
60,57,722
60,58,654
60,59,657
60,60,729
60,61,750
60,62,785
60,63,755
60,64,766
60,65,757
60,66,697
60,67,654
60,68,731
60,69,735
60,70,733
60,71,734
60,72,704
60,73,657
60,74,639
60,75,742
60,76,723
60,77,713
60,78,713
60,79,715
60,80,648
60,81,668
60,82,728
60,83,732
60,84,726
60,85,716
60,86,718
60,87,628
60,88,609
60,89,717
60,90,726
61,1,689
61,2,679
61,3,774
61,4,750
61,5,733
61,6,727
61,7,709
61,8,663
61,9,645
61,10,724
61,11,766
61,12,757
61,13,727
61,14,712
61,15,628
61,16,607
61,17,713
61,18,714
61,19,724
61,20,725
61,21,721
61,22,644
61,23,617
61,24,763
61,25,724
61,26,736
61,27,705
61,28,719
61,29,658
61,30,660
61,31,688
61,32,783
61,33,742
61,34,727
61,35,744
61,36,722
61,37,648
61,38,634
61,39,735
61,40,740
61,41,728
61,42,723
61,43,715
61,44,623
61,45,608
61,46,709
61,47,713
61,48,722
61,49,706
61,50,706
61,51,687
61,52,656
61,53,744
61,54,719
61,55,748
61,56,732
61,57,715
61,58,660
61,59,659
61,60,725
61,61,741
61,62,769
61,63,742
61,64,752
61,65,740
61,66,686
61,67,646
61,68,722
61,69,722
61,70,720
61,71,721
61,72,694
61,73,642
61,74,626
61,75,732
61,76,713
61,77,705
61,78,702
61,79,702
61,80,642
61,81,664
61,82,713
61,83,722
61,84,721
61,85,707
61,86,706
61,87,619
61,88,607
61,89,710
61,90,722
62,1,670
62,2,676
62,3,771
62,4,748
62,5,721
62,6,716
62,7,702
62,8,649
62,9,617
62,10,719
62,11,756
62,12,755
62,13,722
62,14,704
62,15,615
62,16,596
62,17,711
62,18,713
62,19,721
62,20,717
62,21,712
62,22,628
62,23,604
62,24,759
62,25,719
62,26,728
62,27,703
62,28,718
62,29,645
62,30,645
62,31,675
62,32,775
62,33,740
62,34,722
62,35,746
62,36,719
62,37,632
62,38,618
62,39,729
62,40,734
62,41,723
62,42,720
62,43,710
62,44,611
62,45,596
62,46,704
62,47,716
62,48,718
62,49,711
62,50,701
62,51,676
62,52,641
62,53,739
62,54,719
62,55,743
62,56,730
62,57,708
62,58,653
62,59,641
62,60,721
62,61,743
62,62,767
62,63,735
62,64,747
62,65,737
62,66,669
62,67,633
62,68,718
62,69,721
62,70,716
62,71,720
62,72,688
62,73,628
62,74,606
62,75,727
62,76,712
62,77,706
62,78,706
62,79,696
62,80,627
62,81,660
62,82,716
62,83,724
62,84,715
62,85,707
62,86,698
62,87,603
62,88,596
62,89,714
62,90,716
63,1,637
63,2,665
63,3,760
63,4,723
63,5,708
63,6,698
63,7,682
63,8,636
63,9,592
63,10,703
63,11,742
63,12,748
63,13,711
63,14,691
63,15,613
63,16,565
63,17,707
63,18,698
63,19,709
63,20,703
63,21,699
63,22,605
63,23,591
63,24,744
63,25,709
63,26,703
63,27,696
63,28,706
63,29,633
63,30,635
63,31,664
63,32,758
63,33,721
63,34,706
63,35,734
63,36,704
63,37,619
63,38,605
63,39,713
63,40,716
63,41,709
63,42,706
63,43,692
63,44,597
63,45,581
63,46,693
63,47,708
63,48,711
63,49,696
63,50,685
63,51,665
63,52,626
63,53,726
63,54,709
63,55,730
63,56,721
63,57,696
63,58,645
63,59,618
63,60,716
63,61,738
63,62,757
63,63,724
63,64,735
63,65,733
63,66,655
63,67,619
63,68,708
63,69,711
63,70,710
63,71,718
63,72,671
63,73,621
63,74,587
63,75,715
63,76,704
63,77,697
63,78,699
63,79,691
63,80,620
63,81,647
63,82,711
63,83,715
63,84,702
63,85,700
63,86,684
63,87,592
63,88,586
63,89,699
63,90,700
64,1,642
64,2,659
64,3,749
64,4,712
64,5,698
64,6,686
64,7,669
64,8,627
64,9,584
64,10,689
64,11,738
64,12,739
64,13,697
64,14,673
64,15,617
64,16,576
64,17,691
64,18,680
64,19,698
64,20,690
64,21,681
64,22,592
64,23,591
64,24,736
64,25,690
64,26,689
64,27,683
64,28,698
64,29,634
64,30,637
64,31,660
64,32,749
64,33,707
64,34,691
64,35,726
64,36,691
64,37,612
64,38,602
64,39,699
64,40,705
64,41,697
64,42,695
64,43,677
64,44,591
64,45,582
64,46,682
64,47,697
64,48,696
64,49,685
64,50,660
64,51,661
64,52,624
64,53,717
64,54,699
64,55,722
64,56,712
64,57,681
64,58,652
64,59,613
64,60,703
64,61,730
64,62,749
64,63,715
64,64,722
64,65,729
64,66,647
64,67,611
64,68,692
64,69,694
64,70,702
64,71,698
64,72,664
64,73,615
64,74,583
64,75,704
64,76,687
64,77,684
64,78,684
64,79,676
64,80,624
64,81,648
64,82,708
64,83,705
64,84,692
64,85,685
64,86,670
64,87,588
64,88,582
64,89,688
64,90,692
65,1,650
65,2,665
65,3,751
65,4,705
65,5,698
65,6,686
65,7,661
65,8,628
65,9,581
65,10,690
65,11,744
65,12,743
65,13,692
65,14,666
65,15,633
65,16,597
65,17,694
65,18,674
65,19,696
65,20,682
65,21,672
65,22,603
65,23,608
65,24,742
65,25,689
65,26,681
65,27,676
65,28,690
65,29,638
65,30,647
65,31,677
65,32,751
65,33,700
65,34,687
65,35,730
65,36,685
65,37,613
65,38,605
65,39,703
65,40,711
65,41,693
65,42,691
65,43,668
65,44,595
65,45,591
65,46,678
65,47,694
65,48,703
65,49,680
65,50,649
65,51,664
65,52,628
65,53,721
65,54,696
65,55,729
65,56,710
65,57,671
65,58,662
65,59,620
65,60,705
65,61,729
65,62,759
65,63,718
65,64,720
65,65,736
65,66,652
65,67,617
65,68,689
65,69,689
65,70,700
65,71,698
65,72,662
65,73,623
65,74,586
65,75,706
65,76,685
65,77,684
65,78,680
65,79,668
65,80,633
65,81,657
65,82,711
65,83,702
65,84,692
65,85,682
65,86,663
65,87,591
65,88,597
65,89,686
65,90,707
66,1,674
66,2,683
66,3,758
66,4,705
66,5,698
66,6,689
66,7,660
66,8,633
66,9,584
66,10,691
66,11,753
66,12,747
66,13,688
66,14,653
66,15,643
66,16,630
66,17,690
66,18,669
66,19,687
66,20,674
66,21,655
66,22,600
66,23,636
66,24,743
66,25,689
66,26,677
66,27,671
66,28,679
66,29,649
66,30,666
66,31,684
66,32,754
66,33,702
66,34,690
66,35,734
66,36,677
66,37,616
66,38,623
66,39,704
66,40,722
66,41,695
66,42,691
66,43,659
66,44,606
66,45,606
66,46,674
66,47,687
66,48,709
66,49,673
66,50,649
66,51,676
66,52,650
66,53,729
66,54,693
66,55,737
66,56,710
66,57,664
66,58,677
66,59,637
66,60,713
66,61,734
66,62,766
66,63,723
66,64,726
66,65,735
66,66,652
66,67,632
66,68,688
66,69,686
66,70,708
66,71,701
66,72,662
66,73,632
66,74,604
66,75,714
66,76,687
66,77,682
66,78,677
66,79,658
66,80,645
66,81,675
66,82,724
66,83,704
66,84,693
66,85,676
66,86,654
66,87,600
66,88,605
66,89,686
66,90,715
67,1,693
67,2,689
67,3,763
67,4,709
67,5,701
67,6,689
67,7,659
67,8,637
67,9,598
67,10,702
67,11,748
67,12,742
67,13,685
67,14,648
67,15,644
67,16,635
67,17,687
67,18,664
67,19,684
67,20,664
67,21,652
67,22,600
67,23,654
67,24,738
67,25,692
67,26,670
67,27,662
67,28,662
67,29,635
67,30,662
67,31,698
67,32,757
67,33,709
67,34,693
67,35,741
67,36,672
67,37,619
67,38,624
67,39,708
67,40,731
67,41,701
67,42,686
67,43,653
67,44,604
67,45,608
67,46,670
67,47,678
67,48,712
67,49,670
67,50,652
67,51,671
67,52,634
67,53,722
67,54,683
67,55,733
67,56,709
67,57,651
67,58,670
67,59,644
67,60,709
67,61,741
67,62,770
67,63,732
67,64,730
67,65,727
67,66,651
67,67,645
67,68,692
67,69,689
67,70,711
67,71,693
67,72,662
67,73,637
67,74,611
67,75,718
67,76,692
67,77,677
67,78,671
67,79,645
67,80,650
67,81,674
67,82,723
67,83,698
67,84,692
67,85,675
67,86,649
67,87,601
67,88,609
67,89,680
67,90,718
68,1,696
68,2,708
68,3,783
68,4,737
68,5,723
68,6,717
68,7,672
68,8,655
68,9,633
68,10,720
68,11,747
68,12,747
68,13,702
68,14,662
68,15,647
68,16,646
68,17,695
68,18,680
68,19,694
68,20,675
68,21,656
68,22,609
68,23,664
68,24,734
68,25,701
68,26,681
68,27,665
68,28,653
68,29,644
68,30,667
68,31,713
68,32,768
68,33,737
68,34,720
68,35,752
68,36,684
68,37,632
68,38,651
68,39,729
68,40,745
68,41,724
68,42,703
68,43,667
68,44,616
68,45,620
68,46,680
68,47,685
68,48,716
68,49,678
68,50,660
68,51,670
68,52,642
68,53,733
68,54,695
68,55,731
68,56,712
68,57,653
68,58,664
68,59,650
68,60,715
68,61,761
68,62,782
68,63,750
68,64,748
68,65,726
68,66,666
68,67,669
68,68,717
68,69,713
68,70,732
68,71,702
68,72,675
68,73,647
68,74,633
68,75,728
68,76,706
68,77,687
68,78,683
68,79,651
68,80,651
68,81,676
68,82,727
68,83,701
68,84,707
68,85,681
68,86,650
68,87,603
68,88,623
68,89,682
68,90,719
69,1,680
69,2,706
69,3,792
69,4,755
69,5,747
69,6,732
69,7,694
69,8,677
69,9,671
69,10,732
69,11,743
69,12,750
69,13,730
69,14,687
69,15,643
69,16,643
69,17,710
69,18,702
69,19,714
69,20,698
69,21,677
69,22,640
69,23,664
69,24,739
69,25,718
69,26,714
69,27,700
69,28,684
69,29,663
69,30,688
69,31,709
69,32,765
69,33,749
69,34,731
69,35,740
69,36,702
69,37,651
69,38,677
69,39,743
69,40,754
69,41,738
69,42,725
69,43,687
69,44,637
69,45,644
69,46,706
69,47,712
69,48,709
69,49,706
69,50,678
69,51,665
69,52,663
69,53,748
69,54,725
69,55,730
69,56,732
69,57,680
69,58,659
69,59,669
69,60,728
69,61,762
69,62,771
69,63,764
69,64,758
69,65,716
69,66,691
69,67,700
69,68,739
69,69,736
69,70,737
69,71,721
69,72,677
69,73,649
69,74,647
69,75,730
69,76,714
69,77,714
69,78,709
69,79,671
69,80,652
69,81,671
69,82,721
69,83,717
69,84,721
69,85,712
69,86,676
69,87,632
69,88,656
69,89,714
69,90,715
70,1,626
70,2,663
70,3,743
70,4,717
70,5,705
70,6,698
70,7,668
70,8,655
70,9,631
70,10,691
70,11,703
70,12,709
70,13,707
70,14,666
70,15,596
70,16,602
70,17,669
70,18,670
70,19,680
70,20,676
70,21,661
70,22,623
70,23,634
70,24,697
70,25,687
70,26,683
70,27,682
70,28,664
70,29,633
70,30,651
70,31,669
70,32,724
70,33,705
70,34,683
70,35,691
70,36,663
70,37,641
70,38,638
70,39,703
70,40,707
70,41,693
70,42,693
70,43,656
70,44,617
70,45,615
70,46,664
70,47,672
70,48,663
70,49,673
70,50,641
70,51,630
70,52,633
70,53,704
70,54,688
70,55,676
70,56,692
70,57,660
70,58,632
70,59,641
70,60,688
70,61,710
70,62,722
70,63,715
70,64,708
70,65,677
70,66,665
70,67,656
70,68,690
70,69,685
70,70,686
70,71,676
70,72,640
70,73,622
70,74,610
70,75,679
70,76,674
70,77,673
70,78,671
70,79,637
70,80,625
70,81,631
70,82,671
70,83,684
70,84,678
70,85,683
70,86,659
70,87,616
70,88,625
70,89,673
70,90,673
71,1,584
71,2,611
71,3,672
71,4,661
71,5,645
71,6,621
71,7,610
71,8,593
71,9,575
71,10,608
71,11,616
71,12,624
71,13,630
71,14,603
71,15,550
71,16,546
71,17,591
71,18,597
71,19,603
71,20,605
71,21,599
71,22,570
71,23,561
71,24,618
71,25,617
71,26,616
71,27,605
71,28,602
71,29,576
71,30,586
71,31,612
71,32,653
71,33,635
71,34,619
71,35,624
71,36,614
71,37,579
71,38,573
71,39,629
71,40,633
71,41,620
71,42,626
71,43,605
71,44,504
71,45,548
71,46,599
71,47,604
71,48,601
71,49,615
71,50,583
71,51,562
71,52,570
71,53,629
71,54,611
71,55,604
71,56,622
71,57,599
71,58,574
71,59,579
71,60,608
71,61,636
71,62,646
71,63,646
71,64,636
71,65,622
71,66,610
71,67,587
71,68,617
71,69,610
71,70,608
71,71,607
71,72,581
71,73,567
71,74,556
71,75,608
71,76,604
71,77,601
71,78,599
71,79,581
71,80,567
71,81,568
71,82,599
71,83,613
71,84,609
71,85,612
71,86,619
71,87,562
71,88,556
71,89,596
71,90,596
72,1,542
72,2,559
72,3,608
72,4,591
72,5,577
72,6,559
72,7,540
72,8,547
72,9,531
72,10,555
72,11,567
72,12,573
72,13,572
72,14,551
72,15,509
72,16,507
72,17,539
72,18,545
72,19,549
72,20,545
72,21,535
72,22,528
72,23,522
72,24,553
72,25,553
72,26,550
72,27,534
72,28,534
72,29,525
72,30,538
72,31,560
72,32,590
72,33,575
72,34,561
72,35,566
72,36,563
72,37,537
72,38,531
72,39,578
72,40,575
72,41,566
72,42,566
72,43,544
72,44,514
72,45,486
72,46,542
72,47,549
72,48,550
72,49,563
72,50,533
72,51,521
72,52,524
72,53,564
72,54,555
72,55,552
72,56,557
72,57,539
72,58,527
72,59,533
72,60,557
72,61,579
72,62,592
72,63,588
72,64,580
72,65,568
72,66,563
72,67,536
72,68,558
72,69,545
72,70,543
72,71,538
72,72,519
72,73,521
72,74,506
72,75,550
72,76,546
72,77,538
72,78,540
72,79,528
72,80,524
72,81,523
72,82,543
72,83,560
72,84,555
72,85,561
72,86,551
72,87,515
72,88,506
72,89,538
72,90,543
73,1,520
73,2,525
73,3,575
73,4,552
73,5,538
73,6,521
73,7,512
73,8,505
73,9,502
73,10,519
73,11,530
73,12,540
73,13,540
73,14,518
73,15,475
73,16,479
73,17,506
73,18,514
73,19,511
73,20,502
73,21,499
73,22,490
73,23,489
73,24,520
73,25,521
73,26,518
73,27,493
73,28,498
73,29,479
73,30,500
73,31,521
73,32,555
73,33,539
73,34,524
73,35,537
73,36,520
73,37,501
73,38,498
73,39,544
73,40,537
73,41,531
73,42,532
73,43,510
73,44,483
73,45,480
73,46,513
73,47,514
73,48,517
73,49,529
73,50,495
73,51,486
73,52,489
73,53,533
73,54,516
73,55,519
73,56,529
73,57,497
73,58,489
73,59,497
73,60,524
73,61,542
73,62,558
73,63,554
73,64,552
73,65,527
73,66,530
73,67,509
73,68,525
73,69,515
73,70,518
73,71,513
73,72,487
73,73,481
73,74,479
73,75,519
73,76,506
73,77,507
73,78,505
73,79,491
73,80,494
73,81,497
73,82,507
73,83,534
73,84,517
73,85,521
73,86,507
73,87,479
73,88,476
73,89,504
73,90,509
74,1,462
74,2,510
74,3,549
74,4,532
74,5,519
74,6,501
74,7,483
74,8,484
74,9,489
74,10,502
74,11,508
74,12,520
74,13,524
74,14,499
74,15,452
74,16,462
74,17,482
74,18,498
74,19,493
74,20,485
74,21,482
74,22,475
74,23,475
74,24,502
74,25,502
74,26,496
74,27,471
74,28,475
74,29,467
74,30,481
74,31,504
74,32,532
74,33,513
74,34,505
74,35,516
74,36,501
74,37,480
74,38,480
74,39,525
74,40,523
74,41,513
74,42,517
74,43,491
74,44,461
74,45,466
74,46,493
74,47,493
74,48,500
74,49,510
74,50,477
74,51,464
74,52,473
74,53,512
74,54,498
74,55,502
74,56,505
74,57,476
74,58,462
74,59,485
74,60,507
74,61,522
74,62,540
74,63,535
74,64,534
74,65,508
74,66,512
74,67,494
74,68,511
74,69,499
74,70,499
74,71,492
74,72,469
74,73,460
74,74,466
74,75,501
74,76,485
74,77,489
74,78,488
74,79,470
74,80,473
74,81,482
74,82,488
74,83,517
74,84,498
74,85,502
74,86,492
74,87,460
74,88,462
74,89,486
74,90,497
75,1,489
75,2,506
75,3,543
75,4,524
75,5,513
75,6,492
75,7,478
75,8,471
75,9,486
75,10,497
75,11,498
75,12,509
75,13,515
75,14,489
75,15,444
75,16,455
75,17,471
75,18,488
75,19,483
75,20,477
75,21,468
75,22,466
75,23,471
75,24,490
75,25,496
75,26,486
75,27,458
75,28,462
75,29,455
75,30,475
75,31,498
75,32,524
75,33,507
75,34,494
75,35,505
75,36,494
75,37,471
75,38,476
75,39,517
75,40,512
75,41,503
75,42,510
75,43,485
75,44,455
75,45,457
75,46,487
75,47,481
75,48,490
75,49,503
75,50,467
75,51,462
75,52,467
75,53,501
75,54,488
75,55,490
75,56,493
75,57,464
75,58,456
75,59,480
75,60,498
75,61,511
75,62,531
75,63,526
75,64,518
75,65,496
75,66,504
75,67,494
75,68,502
75,69,490
75,70,485
75,71,483
75,72,459
75,73,450
75,74,462
75,75,491
75,76,477
75,77,479
75,78,478
75,79,462
75,80,462
75,81,472
75,82,477
75,83,505
75,84,486
75,85,495
75,86,485
75,87,454
75,88,458
75,89,479
75,90,490
76,1,465
76,2,508
76,3,539
76,4,520
76,5,510
76,6,491
76,7,474
76,8,467
76,9,489
76,10,498
76,11,497
76,12,508
76,13,515
76,14,481
76,15,440
76,16,456
76,17,468
76,18,488
76,19,477
76,20,477
76,21,463
76,22,463
76,23,471
76,24,488
76,25,494
76,26,486
76,27,455
76,28,461
76,29,453
76,30,472
76,31,496
76,32,522
76,33,504
76,34,491
76,35,506
76,36,491
76,37,468
76,38,475
76,39,515
76,40,511
76,41,505
76,42,513
76,43,481
76,44,451
76,45,460
76,46,484
76,47,479
76,48,484
76,49,504
76,50,466
76,51,459
76,52,468
76,53,498
76,54,488
76,55,489
76,56,493
76,57,461
76,58,451
76,59,480
76,60,497
76,61,506
76,62,528
76,63,524
76,64,520
76,65,496
76,66,500
76,67,492
76,68,497
76,69,485
76,70,489
76,71,481
76,72,451
76,73,446
76,74,462
76,75,490
76,76,476
76,77,480
76,78,477
76,79,457
76,80,457
76,81,472
76,82,475
76,83,506
76,84,484
76,85,497
76,86,483
76,87,450
76,88,462
76,89,481
76,90,487
77,1,458
77,2,525
77,3,554
77,4,535
77,5,525
77,6,505
77,7,482
77,8,477
77,9,506
77,10,511
77,11,508
77,12,525
77,13,530
77,14,492
77,15,445
77,16,471
77,17,476
77,18,505
77,19,495
77,20,490
77,21,475
77,22,469
77,23,487
77,24,503
77,25,510
77,26,501
77,27,472
77,28,466
77,29,458
77,30,482
77,31,510
77,32,534
77,33,521
77,34,506
77,35,516
77,36,498
77,37,472
77,38,494
77,39,534
77,40,527
77,41,519
77,42,525
77,43,487
77,44,458
77,45,477
77,46,501
77,47,494
77,48,498
77,49,516
77,50,470
77,51,461
77,52,488
77,53,512
77,54,502
77,55,499
77,56,504
77,57,466
77,58,454
77,59,498
77,60,511
77,61,522
77,62,546
77,63,537
77,64,528
77,65,501
77,66,503
77,67,509
77,68,519
77,69,503
77,70,505
77,71,496
77,72,459
77,73,450
77,74,481
77,75,506
77,76,491
77,77,494
77,78,489
77,79,463
77,80,460
77,81,492
77,82,492
77,83,524
77,84,504
77,85,513
77,86,491
77,87,459
77,88,481
77,89,495
77,90,506
78,1,482
78,2,583
78,3,607
78,4,589
78,5,581
78,6,554
78,7,507
78,8,494
78,9,561
78,10,566
78,11,563
78,12,579
78,13,586
78,14,508
78,15,459
78,16,527
78,17,524
78,18,554
78,19,541
78,20,536
78,21,496
78,22,480
78,23,547
78,24,554
78,25,566
78,26,561
78,27,520
78,28,486
78,29,471
78,30,540
78,31,564
78,32,589
78,33,573
78,34,561
78,35,572
78,36,518
78,37,494
78,38,557
78,39,589
78,40,583
78,41,576
78,42,582
78,43,512
78,44,475
78,45,528
78,46,538
78,47,538
78,48,546
78,49,561
78,50,493
78,51,484
78,52,543
78,53,567
78,54,552
78,55,555
78,56,557
78,57,490
78,58,466
78,59,552
78,60,565
78,61,574
78,62,597
78,63,589
78,64,584
78,65,522
78,66,518
78,67,579
78,68,582
78,69,563
78,70,558
78,71,546
78,72,481
78,73,466
78,74,533
78,75,556
78,76,542
78,77,545
78,78,539
78,79,482
78,80,474
78,81,542
78,82,541
78,83,577
78,84,560
78,85,567
78,86,510
78,87,470
78,88,537
78,89,543
78,90,560
79,1,506
79,2,687
79,3,725
79,4,700
79,5,687
79,6,656
79,7,545
79,8,526
79,9,675
79,10,680
79,11,674
79,12,684
79,13,683
79,14,546
79,15,486
79,16,617
79,17,616
79,18,636
79,19,621
79,20,615
79,21,527
79,22,505
79,23,662
79,24,663
79,25,666
79,26,663
79,27,622
79,28,520
79,29,496
79,30,641
79,31,683
79,32,696
79,33,692
79,34,677
79,35,680
79,36,558
79,37,519
79,38,673
79,39,702
79,40,696
79,41,681
79,42,688
79,43,553
79,44,506
79,45,608
79,46,628
79,47,620
79,48,616
79,49,634
79,50,538
79,51,507
79,52,658
79,53,674
79,54,659
79,55,658
79,56,659
79,57,522
79,58,501
79,59,654
79,60,670
79,61,683
79,62,698
79,63,700
79,64,681
79,65,557
79,66,540
79,67,678
79,68,674
79,69,665
79,70,659
79,71,638
79,72,515
79,73,496
79,74,623
79,75,642
79,76,630
79,77,621
79,78,617
79,79,514
79,80,500
79,81,635
79,82,636
79,83,660
79,84,646
79,85,645
79,86,539
79,87,495
79,88,629
79,89,633
79,90,651
80,1,536
80,2,752
80,3,771
80,4,770
80,5,757
80,6,725
80,7,597
80,8,572
80,9,741
80,10,752
80,11,745
80,12,747
80,13,742
80,14,590
80,15,532
80,16,684
80,17,683
80,18,703
80,19,691
80,20,685
80,21,571
80,22,544
80,23,738
80,24,728
80,25,739
80,26,723
80,27,695
80,28,584
80,29,551
80,30,725
80,31,766
80,32,754
80,33,749
80,34,739
80,35,740
80,36,608
80,37,563
80,38,735
80,39,755
80,40,753
80,41,745
80,42,741
80,43,594
80,44,547
80,45,677
80,46,691
80,47,682
80,48,686
80,49,693
80,50,588
80,51,552
80,52,718
80,53,728
80,54,727
80,55,729
80,56,729
80,57,570
80,58,545
80,59,715
80,60,724
80,61,756
80,62,758
80,63,761
80,64,744
80,65,620
80,66,579
80,67,737
80,68,739
80,69,725
80,70,725
80,71,697
80,72,576
80,73,553
80,74,695
80,75,700
80,76,691
80,77,687
80,78,685
80,79,571
80,80,545
80,81,705
80,82,705
80,83,721
80,84,707
80,85,724
80,86,595
80,87,539
80,88,694
80,89,701
80,90,723
81,1,586
81,2,765
81,3,767
81,4,769
81,5,753
81,6,725
81,7,662
81,8,629
81,9,751
81,10,765
81,11,757
81,12,749
81,13,747
81,14,635
81,15,581
81,16,712
81,17,711
81,18,726
81,19,714
81,20,713
81,21,622
81,22,587
81,23,753
81,24,734
81,25,742
81,26,713
81,27,707
81,28,627
81,29,599
81,30,735
81,31,775
81,32,757
81,33,757
81,34,741
81,35,748
81,36,646
81,37,614
81,38,740
81,39,755
81,40,756
81,41,744
81,42,744
81,43,640
81,44,594
81,45,703
81,46,711
81,47,707
81,48,709
81,49,718
81,50,642
81,51,603
81,52,735
81,53,727
81,54,737
81,55,734
81,56,729
81,57,626
81,58,598
81,59,723
81,60,728
81,61,761
81,62,764
81,63,765
81,64,762
81,65,671
81,66,633
81,67,744
81,68,740
81,69,729
81,70,730
81,71,705
81,72,626
81,73,605
81,74,716
81,75,715
81,76,709
81,77,704
81,78,704
81,79,616
81,80,601
81,81,719
81,82,717
81,83,724
81,84,714
81,85,725
81,86,631
81,87,586
81,88,707
81,89,710
81,90,731
82,1,642
82,2,776
82,3,769
82,4,763
82,5,748
82,6,725
82,7,679
82,8,652
82,9,746
82,10,767
82,11,762
82,12,749
82,13,749
82,14,656
82,15,616
82,16,728
82,17,725
82,18,742
82,19,730
82,20,729
82,21,651
82,22,622
82,23,767
82,24,733
82,25,738
82,26,717
82,27,704
82,28,652
82,29,635
82,30,741
82,31,782
82,32,759
82,33,755
82,34,749
82,35,749
82,36,670
82,37,639
82,38,745
82,39,755
82,40,755
82,41,748
82,42,741
82,43,658
82,44,623
82,45,718
82,46,723
82,47,723
82,48,719
82,49,724
82,50,671
82,51,642
82,52,744
82,53,724
82,54,743
82,55,736
82,56,732
82,57,650
82,58,638
82,59,726
82,60,725
82,61,775
82,62,757
82,63,763
82,64,757
82,65,690
82,66,654
82,67,740
82,68,740
82,69,725
82,70,737
82,71,709
82,72,660
82,73,637
82,74,733
82,75,728
82,76,715
82,77,712
82,78,718
82,79,650
82,80,640
82,81,724
82,82,725
82,83,724
82,84,714
82,85,725
82,86,640
82,87,612
82,88,707
82,89,721
82,90,732
83,1,658
83,2,780
83,3,765
83,4,757
83,5,740
83,6,719
83,7,679
83,8,655
83,9,741
83,10,771
83,11,754
83,12,736
83,13,737
83,14,649
83,15,616
83,16,727
83,17,726
83,18,742
83,19,732
83,20,730
83,21,656
83,22,630
83,23,771
83,24,734
83,25,738
83,26,720
83,27,711
83,28,655
83,29,650
83,30,739
83,31,788
83,32,754
83,33,741
83,34,754
83,35,743
83,36,670
83,37,643
83,38,742
83,39,753
83,40,749
83,41,741
83,42,739
83,43,655
83,44,617
83,45,720
83,46,726
83,47,729
83,48,723
83,49,726
83,50,690
83,51,653
83,52,748
83,53,724
83,54,749
83,55,732
83,56,728
83,57,651
83,58,648
83,59,725
83,60,729
83,61,782
83,62,756
83,63,765
83,64,757
83,65,696
83,66,658
83,67,733
83,68,736
83,69,727
83,70,735
83,71,707
83,72,662
83,73,640
83,74,736
83,75,726
83,76,712
83,77,716
83,78,716
83,79,651
83,80,653
83,81,727
83,82,726
83,83,722
83,84,719
83,85,723
83,86,635
83,87,610
83,88,708
83,89,719
83,90,740
84,1,674
84,2,786
84,3,762
84,4,753
84,5,743
84,6,716
84,7,677
84,8,645
84,9,740
84,10,775
84,11,767
84,12,737
84,13,722
84,14,641
84,15,613
84,16,722
84,17,722
84,18,741
84,19,732
84,20,732
84,21,654
84,22,624
84,23,768
84,24,728
84,25,740
84,26,710
84,27,717
84,28,660
84,29,655
84,30,739
84,31,790
84,32,752
84,33,739
84,34,755
84,35,737
84,36,662
84,37,644
84,38,744
84,39,753
84,40,741
84,41,736
84,42,735
84,43,645
84,44,618
84,45,719
84,46,724
84,47,734
84,48,722
84,49,723
84,50,697
84,51,659
84,52,748
84,53,725
84,54,757
84,55,738
84,56,722
84,57,654
84,58,657
84,59,729
84,60,730
84,61,785
84,62,755
84,63,766
84,64,757
84,65,697
84,66,654
84,67,731
84,68,735
84,69,733
84,70,734
84,71,704
84,72,657
84,73,639
84,74,742
84,75,723
84,76,713
84,77,713
84,78,715
84,79,648
84,80,668
84,81,728
84,82,732
84,83,726
84,84,716
84,85,718
84,86,628
84,87,609
84,88,717
84,89,726
84,90,740
85,1,679
85,2,774
85,3,750
85,4,733
85,5,727
85,6,709
85,7,663
85,8,645
85,9,724
85,10,766
85,11,757
85,12,727
85,13,712
85,14,628
85,15,607
85,16,713
85,17,714
85,18,724
85,19,725
85,20,721
85,21,644
85,22,617
85,23,763
85,24,724
85,25,736
85,26,705
85,27,719
85,28,658
85,29,660
85,30,735
85,31,783
85,32,742
85,33,727
85,34,744
85,35,722
85,36,648
85,37,634
85,38,735
85,39,740
85,40,728
85,41,723
85,42,715
85,43,623
85,44,608
85,45,709
85,46,713
85,47,722
85,48,706
85,49,706
85,50,687
85,51,656
85,52,744
85,53,719
85,54,748
85,55,732
85,56,715
85,57,660
85,58,659
85,59,725
85,60,721
85,61,769
85,62,742
85,63,752
85,64,740
85,65,686
85,66,646
85,67,722
85,68,722
85,69,720
85,70,721
85,71,694
85,72,642
85,73,626
85,74,732
85,75,713
85,76,705
85,77,702
85,78,702
85,79,642
85,80,664
85,81,713
85,82,722
85,83,721
85,84,707
85,85,706
85,86,619
85,87,607
85,88,710
85,89,722
85,90,735
86,1,676
86,2,771
86,3,748
86,4,721
86,5,716
86,6,702
86,7,649
86,8,617
86,9,719
86,10,756
86,11,755
86,12,722
86,13,704
86,14,615
86,15,596
86,16,711
86,17,713
86,18,721
86,19,717
86,20,712
86,21,628
86,22,604
86,23,759
86,24,719
86,25,728
86,26,703
86,27,718
86,28,645
86,29,645
86,30,729
86,31,775
86,32,740
86,33,722
86,34,746
86,35,719
86,36,632
86,37,618
86,38,729
86,39,734
86,40,723
86,41,720
86,42,710
86,43,611
86,44,596
86,45,704
86,46,716
86,47,718
86,48,711
86,49,701
86,50,676
86,51,641
86,52,739
86,53,719
86,54,743
86,55,730
86,56,708
86,57,653
86,58,641
86,59,721
86,60,715
86,61,767
86,62,735
86,63,747
86,64,737
86,65,669
86,66,633
86,67,718
86,68,721
86,69,716
86,70,720
86,71,688
86,72,628
86,73,606
86,74,727
86,75,712
86,76,706
86,77,706
86,78,696
86,79,627
86,80,660
86,81,716
86,82,724
86,83,715
86,84,707
86,85,698
86,86,603
86,87,596
86,88,714
86,89,716
86,90,733
87,1,665
87,2,760
87,3,723
87,4,708
87,5,698
87,6,682
87,7,636
87,8,592
87,9,703
87,10,742
87,11,748
87,12,711
87,13,691
87,14,613
87,15,565
87,16,707
87,17,698
87,18,709
87,19,703
87,20,699
87,21,605
87,22,591
87,23,744
87,24,709
87,25,703
87,26,696
87,27,706
87,28,633
87,29,635
87,30,717
87,31,758
87,32,721
87,33,706
87,34,734
87,35,704
87,36,619
87,37,605
87,38,713
87,39,716
87,40,709
87,41,706
87,42,692
87,43,597
87,44,581
87,45,693
87,46,708
87,47,711
87,48,696
87,49,685
87,50,665
87,51,626
87,52,726
87,53,709
87,54,730
87,55,721
87,56,696
87,57,645
87,58,618
87,59,716
87,60,707
87,61,757
87,62,724
87,63,735
87,64,733
87,65,655
87,66,619
87,67,708
87,68,711
87,69,710
87,70,718
87,71,671
87,72,621
87,73,587
87,74,715
87,75,704
87,76,697
87,77,699
87,78,691
87,79,620
87,80,647
87,81,711
87,82,715
87,83,702
87,84,700
87,85,684
87,86,592
87,87,586
87,88,699
87,89,700
87,90,721
88,1,659
88,2,749
88,3,712
88,4,698
88,5,686
88,6,669
88,7,627
88,8,584
88,9,689
88,10,738
88,11,739
88,12,697
88,13,673
88,14,617
88,15,576
88,16,691
88,17,680
88,18,698
88,19,690
88,20,681
88,21,592
88,22,591
88,23,736
88,24,690
88,25,689
88,26,683
88,27,698
88,28,634
88,29,637
88,30,710
88,31,749
88,32,707
88,33,691
88,34,726
88,35,691
88,36,612
88,37,602
88,38,699
88,39,705
88,40,697
88,41,695
88,42,677
88,43,591
88,44,582
88,45,682
88,46,697
88,47,696
88,48,685
88,49,660
88,50,661
88,51,624
88,52,717
88,53,699
88,54,722
88,55,712
88,56,681
88,57,652
88,58,613
88,59,703
88,60,697
88,61,749
88,62,715
88,63,722
88,64,729
88,65,647
88,66,611
88,67,692
88,68,694
88,69,702
88,70,698
88,71,664
88,72,615
88,73,583
88,74,704
88,75,687
88,76,684
88,77,684
88,78,676
88,79,624
88,80,648
88,81,708
88,82,705
88,83,692
88,84,685
88,85,670
88,86,588
88,87,582
88,88,688
88,89,692
88,90,711
89,1,665
89,2,751
89,3,705
89,4,698
89,5,686
89,6,661
89,7,628
89,8,581
89,9,690
89,10,744
89,11,743
89,12,692
89,13,666
89,14,633
89,15,597
89,16,694
89,17,674
89,18,696
89,19,682
89,20,672
89,21,603
89,22,608
89,23,742
89,24,689
89,25,681
89,26,676
89,27,690
89,28,638
89,29,647
89,30,712
89,31,751
89,32,700
89,33,687
89,34,730
89,35,685
89,36,613
89,37,605
89,38,703
89,39,711
89,40,693
89,41,691
89,42,668
89,43,595
89,44,591
89,45,678
89,46,694
89,47,703
89,48,680
89,49,649
89,50,664
89,51,628
89,52,721
89,53,696
89,54,729
89,55,710
89,56,671
89,57,662
89,58,620
89,59,705
89,60,695
89,61,759
89,62,718
89,63,720
89,64,736
89,65,652
89,66,617
89,67,689
89,68,689
89,69,700
89,70,698
89,71,662
89,72,623
89,73,586
89,74,706
89,75,685
89,76,684
89,77,680
89,78,668
89,79,633
89,80,657
89,81,711
89,82,702
89,83,692
89,84,682
89,85,663
89,86,591
89,87,597
89,88,686
89,89,707
89,90,716
90,1,683
90,2,758
90,3,705
90,4,698
90,5,689
90,6,660
90,7,633
90,8,584
90,9,691
90,10,753
90,11,747
90,12,688
90,13,653
90,14,643
90,15,630
90,16,690
90,17,669
90,18,687
90,19,674
90,20,655
90,21,600
90,22,636
90,23,743
90,24,689
90,25,677
90,26,671
90,27,679
90,28,649
90,29,666
90,30,719
90,31,754
90,32,702
90,33,690
90,34,734
90,35,677
90,36,616
90,37,623
90,38,704
90,39,722
90,40,695
90,41,691
90,42,659
90,43,606
90,44,606
90,45,674
90,46,687
90,47,709
90,48,673
90,49,649
90,50,676
90,51,650
90,52,729
90,53,693
90,54,737
90,55,710
90,56,664
90,57,677
90,58,637
90,59,713
90,60,694
90,61,766
90,62,723
90,63,726
90,64,735
90,65,652
90,66,632
90,67,688
90,68,686
90,69,708
90,70,701
90,71,662
90,72,632
90,73,604
90,74,714
90,75,687
90,76,682
90,77,677
90,78,658
90,79,645
90,80,675
90,81,724
90,82,704
90,83,693
90,84,676
90,85,654
90,86,600
90,87,605
90,88,686
90,89,715
90,90,725
91,1,689
91,2,763
91,3,709
91,4,701
91,5,689
91,6,659
91,7,637
91,8,598
91,9,702
91,10,748
91,11,742
91,12,685
91,13,648
91,14,644
91,15,635
91,16,687
91,17,664
91,18,684
91,19,664
91,20,652
91,21,600
91,22,654
91,23,738
91,24,692
91,25,670
91,26,662
91,27,662
91,28,635
91,29,662
91,30,720
91,31,757
91,32,709
91,33,693
91,34,741
91,35,672
91,36,619
91,37,624
91,38,708
91,39,731
91,40,701
91,41,686
91,42,653
91,43,604
91,44,608
91,45,670
91,46,678
91,47,712
91,48,670
91,49,652
91,50,671
91,51,634
91,52,722
91,53,683
91,54,733
91,55,709
91,56,651
91,57,670
91,58,644
91,59,709
91,60,687
91,61,770
91,62,732
91,63,730
91,64,727
91,65,651
91,66,645
91,67,692
91,68,689
91,69,711
91,70,693
91,71,662
91,72,637
91,73,611
91,74,718
91,75,692
91,76,677
91,77,671
91,78,645
91,79,650
91,80,674
91,81,723
91,82,698
91,83,692
91,84,675
91,85,649
91,86,601
91,87,609
91,88,680
91,89,718
91,90,718
92,1,708
92,2,783
92,3,737
92,4,723
92,5,717
92,6,672
92,7,655
92,8,633
92,9,720
92,10,747
92,11,747
92,12,702
92,13,662
92,14,647
92,15,646
92,16,695
92,17,680
92,18,694
92,19,675
92,20,656
92,21,609
92,22,664
92,23,734
92,24,701
92,25,681
92,26,665
92,27,653
92,28,644
92,29,667
92,30,720
92,31,768
92,32,737
92,33,720
92,34,752
92,35,684
92,36,632
92,37,651
92,38,729
92,39,745
92,40,724
92,41,703
92,42,667
92,43,616
92,44,620
92,45,680
92,46,685
92,47,716
92,48,678
92,49,660
92,50,670
92,51,642
92,52,733
92,53,695
92,54,731
92,55,712
92,56,653
92,57,664
92,58,650
92,59,715
92,60,692
92,61,782
92,62,750
92,63,748
92,64,726
92,65,666
92,66,669
92,67,717
92,68,713
92,69,732
92,70,702
92,71,675
92,72,647
92,73,633
92,74,728
92,75,706
92,76,687
92,77,683
92,78,651
92,79,651
92,80,676
92,81,727
92,82,701
92,83,707
92,84,681
92,85,650
92,86,603
92,87,623
92,88,682
92,89,719
92,90,719
93,1,706
93,2,792
93,3,755
93,4,747
93,5,732
93,6,694
93,7,677
93,8,671
93,9,732
93,10,743
93,11,750
93,12,730
93,13,687
93,14,643
93,15,643
93,16,710
93,17,702
93,18,714
93,19,698
93,20,677
93,21,640
93,22,664
93,23,739
93,24,718
93,25,714
93,26,700
93,27,684
93,28,663
93,29,688
93,30,727
93,31,765
93,32,749
93,33,731
93,34,740
93,35,702
93,36,651
93,37,677
93,38,743
93,39,754
93,40,738
93,41,725
93,42,687
93,43,637
93,44,644
93,45,706
93,46,712
93,47,709
93,48,706
93,49,678
93,50,665
93,51,663
93,52,748
93,53,725
93,54,730
93,55,732
93,56,680
93,57,659
93,58,669
93,59,728
93,60,716
93,61,771
93,62,764
93,63,758
93,64,716
93,65,691
93,66,700
93,67,739
93,68,736
93,69,737
93,70,721
93,71,677
93,72,649
93,73,647
93,74,730
93,75,714
93,76,714
93,77,709
93,78,671
93,79,652
93,80,671
93,81,721
93,82,717
93,83,721
93,84,712
93,85,676
93,86,632
93,87,656
93,88,714
93,89,715
93,90,725
94,1,663
94,2,743
94,3,717
94,4,705
94,5,698
94,6,668
94,7,655
94,8,631
94,9,691
94,10,703
94,11,709
94,12,707
94,13,666
94,14,596
94,15,602
94,16,669
94,17,670
94,18,680
94,19,676
94,20,661
94,21,623
94,22,634
94,23,697
94,24,687
94,25,683
94,26,682
94,27,664
94,28,633
94,29,651
94,30,691
94,31,724
94,32,705
94,33,683
94,34,691
94,35,663
94,36,641
94,37,638
94,38,703
94,39,707
94,40,693
94,41,693
94,42,656
94,43,617
94,44,615
94,45,664
94,46,672
94,47,663
94,48,673
94,49,641
94,50,630
94,51,633
94,52,704
94,53,688
94,54,676
94,55,692
94,56,660
94,57,632
94,58,641
94,59,688
94,60,683
94,61,722
94,62,715
94,63,708
94,64,677
94,65,665
94,66,656
94,67,690
94,68,685
94,69,686
94,70,676
94,71,640
94,72,622
94,73,610
94,74,679
94,75,674
94,76,673
94,77,671
94,78,637
94,79,625
94,80,631
94,81,671
94,82,684
94,83,678
94,84,683
94,85,659
94,86,616
94,87,625
94,88,673
94,89,673
94,90,681
95,1,611
95,2,672
95,3,661
95,4,645
95,5,621
95,6,610
95,7,593
95,8,575
95,9,608
95,10,616
95,11,624
95,12,630
95,13,603
95,14,550
95,15,546
95,16,591
95,17,597
95,18,603
95,19,605
95,20,599
95,21,570
95,22,561
95,23,618
95,24,617
95,25,616
95,26,605
95,27,602
95,28,576
95,29,586
95,30,605
95,31,653
95,32,635
95,33,619
95,34,624
95,35,614
95,36,579
95,37,573
95,38,629
95,39,633
95,40,620
95,41,626
95,42,605
95,43,504
95,44,548
95,45,599
95,46,604
95,47,601
95,48,615
95,49,583
95,50,562
95,51,570
95,52,629
95,53,611
95,54,604
95,55,622
95,56,599
95,57,574
95,58,579
95,59,608
95,60,610
95,61,646
95,62,646
95,63,636
95,64,622
95,65,610
95,66,587
95,67,617
95,68,610
95,69,608
95,70,607
95,71,581
95,72,567
95,73,556
95,74,608
95,75,604
95,76,601
95,77,599
95,78,581
95,79,567
95,80,568
95,81,599
95,82,613
95,83,609
95,84,612
95,85,619
95,86,562
95,87,556
95,88,596
95,89,596
95,90,604
96,1,559
96,2,608
96,3,591
96,4,577
96,5,559
96,6,540
96,7,547
96,8,531
96,9,555
96,10,567
96,11,573
96,12,572
96,13,551
96,14,509
96,15,507
96,16,539
96,17,545
96,18,549
96,19,545
96,20,535
96,21,528
96,22,522
96,23,553
96,24,553
96,25,550
96,26,534
96,27,534
96,28,525
96,29,538
96,30,542
96,31,590
96,32,575
96,33,561
96,34,566
96,35,563
96,36,537
96,37,531
96,38,578
96,39,575
96,40,566
96,41,566
96,42,544
96,43,514
96,44,486
96,45,542
96,46,549
96,47,550
96,48,563
96,49,533
96,50,521
96,51,524
96,52,564
96,53,555
96,54,552
96,55,557
96,56,539
96,57,527
96,58,533
96,59,557
96,60,558
96,61,592
96,62,588
96,63,580
96,64,568
96,65,563
96,66,536
96,67,558
96,68,545
96,69,543
96,70,538
96,71,519
96,72,521
96,73,506
96,74,550
96,75,546
96,76,538
96,77,540
96,78,528
96,79,524
96,80,523
96,81,543
96,82,560
96,83,555
96,84,561
96,85,551
96,86,515
96,87,506
96,88,538
96,89,543
96,90,546
