Hours,Scenarios,WCMASS
1,1,989
1,2,1011
1,3,991
1,4,937
1,5,940
1,6,1054
1,7,1009
1,8,977
1,9,947
1,10,943
1,11,918
1,12,899
1,13,948
1,14,976
1,15,950
1,16,966
1,17,948
1,18,877
1,19,860
1,20,920
1,21,914
1,22,926
1,23,939
1,24,918
1,25,887
1,26,882
1,27,943
1,28,919
1,29,943
1,30,923
1,31,1010
1,32,984
1,33,951
1,34,954
1,35,1001
1,36,965
1,37,943
1,38,940
1,39,935
1,40,899
1,41,878
1,42,968
1,43,987
1,44,953
1,45,953
1,46,947
1,47,893
1,48,854
1,49,893
1,50,917
1,51,932
1,52,938
1,53,924
1,54,904
1,55,888
1,56,952
1,57,939
1,58,963
1,59,1003
1,60,965
1,61,900
1,62,872
1,63,899
1,64,964
1,65,1002
1,66,1007
1,67,990
1,68,948
1,69,972
1,70,929
1,71,948
1,72,941
1,73,949
1,74,917
1,75,897
1,76,881
1,77,868
1,78,930
1,79,936
1,80,932
1,81,926
1,82,920
1,83,899
1,84,913
1,85,950
1,86,949
1,87,939
1,88,933
1,89,934
1,90,898
2,1,951
2,2,976
2,3,944
2,4,831
2,5,906
2,6,1011
2,7,965
2,8,941
2,9,907
2,10,902
2,11,867
2,12,878
2,13,908
2,14,938
2,15,909
2,16,926
2,17,901
2,18,829
2,19,831
2,20,884
2,21,875
2,22,884
2,23,888
2,24,867
2,25,849
2,26,851
2,27,902
2,28,877
2,29,906
2,30,872
2,31,968
2,32,939
2,33,822
2,34,912
2,35,955
2,36,926
2,37,899
2,38,897
2,39,890
2,40,859
2,41,843
2,42,931
2,43,948
2,44,912
2,45,918
2,46,902
2,47,853
2,48,822
2,49,859
2,50,872
2,51,888
2,52,898
2,53,872
2,54,849
2,55,856
2,56,915
2,57,899
2,58,913
2,59,957
2,60,907
2,61,856
2,62,842
2,63,867
2,64,926
2,65,965
2,66,971
2,67,952
2,68,903
2,69,924
2,70,904
2,71,913
2,72,901
2,73,918
2,74,870
2,75,846
2,76,823
2,77,842
2,78,892
2,79,897
2,80,885
2,81,884
2,82,872
2,83,855
2,84,885
2,85,908
2,86,913
2,87,896
2,88,893
2,89,891
2,90,857
3,1,932
3,2,957
3,3,919
3,4,895
3,5,898
3,6,995
3,7,946
3,8,927
3,9,891
3,10,882
3,11,848
3,12,868
3,13,896
3,14,917
3,15,893
3,16,913
3,17,882
3,18,800
3,19,819
3,20,870
3,21,862
3,22,860
3,23,864
3,24,843
3,25,826
3,26,839
3,27,885
3,28,861
3,29,893
3,30,848
3,31,950
3,32,916
3,33,910
3,34,900
3,35,935
3,36,901
3,37,879
3,38,873
3,39,865
3,40,840
3,41,836
3,42,919
3,43,933
3,44,893
3,45,902
3,46,883
3,47,837
3,48,808
3,49,847
3,50,852
3,51,862
3,52,879
3,53,852
3,54,826
3,55,839
3,56,892
3,57,873
3,58,893
3,59,933
3,60,881
3,61,831
3,62,830
3,63,858
3,64,912
3,65,945
3,66,954
3,67,932
3,68,874
3,69,904
3,70,894
3,71,897
3,72,886
3,73,872
3,74,847
3,75,818
3,76,795
3,77,835
3,78,872
3,79,876
3,80,867
3,81,861
3,82,850
3,83,833
3,84,870
3,85,888
3,86,897
3,87,874
3,88,874
3,89,870
3,90,840
4,1,936
4,2,964
4,3,917
4,4,875
4,5,905
4,6,995
4,7,944
4,8,933
4,9,895
4,10,876
4,11,842
4,12,874
4,13,895
4,14,913
4,15,893
4,16,922
4,17,877
4,18,790
4,19,821
4,20,857
4,21,866
4,22,862
4,23,860
4,24,837
4,25,821
4,26,846
4,27,883
4,28,861
4,29,892
4,30,848
4,31,942
4,32,908
4,33,892
4,34,905
4,35,937
4,36,906
4,37,878
4,38,869
4,39,863
4,40,832
4,41,844
4,42,922
4,43,936
4,44,896
4,45,906
4,46,877
4,47,830
4,48,814
4,49,849
4,50,843
4,51,856
4,52,884
4,53,849
4,54,810
4,55,844
4,56,892
4,57,867
4,58,896
4,59,932
4,60,869
4,61,822
4,62,790
4,63,865
4,64,908
4,65,955
4,66,959
4,67,936
4,68,863
4,69,892
4,70,903
4,71,901
4,72,889
4,73,867
4,74,849
4,75,810
4,76,781
4,77,843
4,78,880
4,79,882
4,80,861
4,81,859
4,82,846
4,83,825
4,84,872
4,85,888
4,86,897
4,87,876
4,88,875
4,89,864
4,90,834
5,1,976
5,2,1000
5,3,929
5,4,872
5,5,948
5,6,1033
5,7,979
5,8,973
5,9,927
5,10,890
5,11,851
5,12,919
5,13,937
5,14,945
5,15,928
5,16,962
5,17,891
5,18,793
5,19,866
5,20,891
5,21,910
5,22,894
5,23,891
5,24,856
5,25,839
5,26,889
5,27,912
5,28,893
5,29,925
5,30,874
5,31,979
5,32,925
5,33,883
5,34,941
5,35,975
5,36,942
5,37,916
5,38,908
5,39,879
5,40,844
5,41,884
5,42,964
5,43,977
5,44,935
5,45,950
5,46,894
5,47,841
5,48,853
5,49,890
5,50,873
5,51,889
5,52,921
5,53,862
5,54,820
5,55,883
5,56,930
5,57,894
5,58,939
5,59,968
5,60,882
5,61,834
5,62,834
5,63,911
5,64,945
5,65,995
5,66,997
5,67,971
5,68,873
5,69,903
5,70,948
5,71,946
5,72,934
5,73,895
5,74,885
5,75,816
5,76,783
5,77,884
5,78,915
5,79,917
5,80,894
5,81,896
5,82,859
5,83,830
5,84,907
5,85,925
5,86,937
5,87,912
5,88,910
5,89,878
5,90,843
6,1,1092
6,2,1109
6,3,964
6,4,883
6,5,1076
6,6,1154
6,7,1103
6,8,1097
6,9,1038
6,10,930
6,11,878
6,12,1052
6,13,1061
6,14,1070
6,15,1051
6,16,1084
6,17,940
6,18,814
6,19,986
6,20,995
6,21,1029
6,22,1014
6,23,999
6,24,899
6,25,863
6,26,999
6,27,1014
6,28,998
6,29,1017
6,30,947
6,31,1097
6,32,966
6,33,895
6,34,1056
6,35,1095
6,36,1061
6,37,1038
6,38,1023
6,39,923
6,40,871
6,41,1019
6,42,1090
6,43,1098
6,44,1066
6,45,1070
6,46,940
6,47,874
6,48,970
6,49,1010
6,50,986
6,51,997
6,52,1036
6,53,903
6,54,844
6,55,986
6,56,1028
6,57,993
6,58,1025
6,59,1060
6,60,911
6,61,869
6,62,831
6,63,1037
6,64,1064
6,65,1117
6,66,1121
6,67,1088
6,68,919
6,69,931
6,70,1081
6,71,1075
6,72,1058
6,73,1019
6,74,979
6,75,853
6,76,810
6,77,999
6,78,1026
6,79,1025
6,80,1005
6,81,998
6,82,897
6,83,854
6,84,1016
6,85,1024
6,86,1041
6,87,1010
6,88,1009
6,89,916
6,90,863
7,1,1289
7,2,1307
7,3,1042
7,4,921
7,5,1295
7,6,1353
7,7,1308
7,8,1299
7,9,1225
7,10,997
7,11,924
7,12,1255
7,13,1287
7,14,1289
7,15,1264
7,16,1279
7,17,1007
7,18,851
7,19,1162
7,20,1158
7,21,1205
7,22,1197
7,23,1181
7,24,956
7,25,892
7,26,1153
7,27,1172
7,28,1153
7,29,1158
7,30,1087
7,31,1301
7,32,1052
7,33,937
7,34,1278
7,35,1292
7,36,1277
7,37,1242
7,38,1221
7,39,985
7,40,914
7,41,1230
7,42,1290
7,43,1298
7,44,1261
7,45,1267
7,46,1013
7,47,911
7,48,1159
7,49,1199
7,50,1167
7,51,1195
7,52,1215
7,53,972
7,54,882
7,55,1148
7,56,1180
7,57,1149
7,58,1182
7,59,1185
7,60,979
7,61,951
7,62,867
7,63,1246
7,64,1289
7,65,1317
7,66,1324
7,67,1283
7,68,1003
7,69,984
7,70,1293
7,71,1281
7,72,1262
7,73,1227
7,74,1159
7,75,928
7,76,851
7,77,1190
7,78,1210
7,79,1215
7,80,1192
7,81,1180
7,82,968
7,83,900
7,84,1177
7,85,1173
7,86,1195
7,87,1157
7,88,1151
7,89,982
7,90,905
8,1,1414
8,2,1435
8,3,1163
8,4,981
8,5,1428
8,6,1462
8,7,1423
8,8,1409
8,9,1341
8,10,1112
8,11,1025
8,12,1382
8,13,1433
8,14,1417
8,15,1392
8,16,1392
8,17,1121
8,18,950
8,19,1299
8,20,1289
8,21,1338
8,22,1333
8,23,1327
8,24,1067
8,25,984
8,26,1302
8,27,1306
8,28,1283
8,29,1283
8,30,1234
8,31,1422
8,32,1186
8,33,1002
8,34,1413
8,35,1407
8,36,1401
8,37,1358
8,38,1352
8,39,1101
8,40,1004
8,41,1358
8,42,1411
8,43,1416
8,44,1374
8,45,1385
8,46,1131
8,47,1007
8,48,1301
8,49,1327
8,50,1308
8,51,1322
8,52,1339
8,53,1090
8,54,974
8,55,1294
8,56,1301
8,57,1291
8,58,1327
8,59,1315
8,60,1095
8,61,1085
8,62,936
8,63,1367
8,64,1438
8,65,1424
8,66,1431
8,67,1399
8,68,1123
8,69,1077
8,70,1409
8,71,1396
8,72,1377
8,73,1358
8,74,1284
8,75,1047
8,76,959
8,77,1325
8,78,1331
8,79,1342
8,80,1320
8,81,1309
8,82,1088
8,83,988
8,84,1323
8,85,1301
8,86,1319
8,87,1285
8,88,1280
8,89,1087
8,90,994
9,1,1438
9,2,1469
9,3,1279
9,4,1076
9,5,1467
9,6,1476
9,7,1428
9,8,1410
9,9,1366
9,10,1224
9,11,1135
9,12,1409
9,13,1469
9,14,1432
9,15,1411
9,16,1410
9,17,1224
9,18,1068
9,19,1344
9,20,1333
9,21,1368
9,22,1372
9,23,1374
9,24,1172
9,25,1084
9,26,1387
9,27,1366
9,28,1334
9,29,1340
9,30,1311
9,31,1449
9,32,1322
9,33,1101
9,34,1449
9,35,1416
9,36,1414
9,37,1380
9,38,1379
9,39,1211
9,40,1107
9,41,1385
9,42,1424
9,43,1432
9,44,1386
9,45,1398
9,46,1231
9,47,1116
9,48,1355
9,49,1357
9,50,1359
9,51,1350
9,52,1370
9,53,1219
9,54,1092
9,55,1369
9,56,1350
9,57,1368
9,58,1394
9,59,1381
9,60,1200
9,61,1207
9,62,1047
9,63,1390
9,64,1476
9,65,1440
9,66,1445
9,67,1430
9,68,1246
9,69,1175
9,70,1420
9,71,1399
9,72,1393
9,73,1388
9,74,1327
9,75,1185
9,76,1081
9,77,1367
9,78,1367
9,79,1371
9,80,1365
9,81,1354
9,82,1195
9,83,1106
9,84,1395
9,85,1352
9,86,1368
9,87,1338
9,88,1340
9,89,1183
9,90,1093
10,1,1451
10,2,1480
10,3,1352
10,4,1172
10,5,1491
10,6,1473
10,7,1427
10,8,1404
10,9,1367
10,10,1282
10,11,1201
10,12,1407
10,13,1492
10,14,1442
10,15,1416
10,16,1407
10,17,1277
10,18,1147
10,19,1373
10,20,1356
10,21,1380
10,22,1388
10,23,1404
10,24,1229
10,25,1147
10,26,1431
10,27,1393
10,28,1361
10,29,1361
10,30,1359
10,31,1456
10,32,1415
10,33,1202
10,34,1459
10,35,1420
10,36,1417
10,37,1390
10,38,1394
10,39,1272
10,40,1180
10,41,1393
10,42,1429
10,43,1438
10,44,1387
10,45,1398
10,46,1274
10,47,1176
10,48,1381
10,49,1370
10,50,1398
10,51,1370
10,52,1383
10,53,1313
10,54,1194
10,55,1403
10,56,1369
10,57,1414
10,58,1435
10,59,1409
10,60,1268
10,61,1267
10,62,1139
10,63,1393
10,64,1494
10,65,1436
10,66,1448
10,67,1439
10,68,1323
10,69,1238
10,70,1419
10,71,1399
10,72,1404
10,73,1402
10,74,1344
10,75,1267
10,76,1159
10,77,1385
10,78,1382
10,79,1392
10,80,1388
10,81,1374
10,82,1251
10,83,1204
10,84,1434
10,85,1381
10,86,1386
10,87,1366
10,88,1361
10,89,1236
10,90,1162
11,1,1474
11,2,1498
11,3,1368
11,4,1229
11,5,1513
11,6,1468
11,7,1426
11,8,1396
11,9,1361
11,10,1289
11,11,1216
11,12,1411
11,13,1511
11,14,1443
11,15,1426
11,16,1404
11,17,1282
11,18,1172
11,19,1401
11,20,1376
11,21,1387
11,22,1405
11,23,1424
11,24,1246
11,25,1163
11,26,1458
11,27,1410
11,28,1376
11,29,1382
11,30,1397
11,31,1463
11,32,1456
11,33,1267
11,34,1471
11,35,1428
11,36,1424
11,37,1404
11,38,1404
11,39,1282
11,40,1204
11,41,1410
11,42,1429
11,43,1437
11,44,1392
11,45,1399
11,46,1270
11,47,1189
11,48,1396
11,49,1394
11,50,1444
11,51,1387
11,52,1389
11,53,1350
11,54,1249
11,55,1426
11,56,1383
11,57,1445
11,58,1456
11,59,1422
11,60,1286
11,61,1285
11,62,1194
11,63,1403
11,64,1518
11,65,1444
11,66,1452
11,67,1445
11,68,1350
11,69,1249
11,70,1427
11,71,1405
11,72,1417
11,73,1422
11,74,1360
11,75,1293
11,76,1179
11,77,1411
11,78,1402
11,79,1411
11,80,1413
11,81,1391
11,82,1262
11,83,1255
11,84,1460
11,85,1388
11,86,1394
11,87,1381
11,88,1377
11,89,1245
11,90,1189
12,1,1473
12,2,1494
12,3,1358
12,4,1265
12,5,1519
12,6,1462
12,7,1410
12,8,1384
12,9,1348
12,10,1273
12,11,1210
12,12,1403
12,13,1508
12,14,1444
12,15,1422
12,16,1391
12,17,1252
12,18,1172
12,19,1415
12,20,1378
12,21,1386
12,22,1408
12,23,1421
12,24,1236
12,25,1159
12,26,1465
12,27,1409
12,28,1378
12,29,1381
12,30,1419
12,31,1453
12,32,1454
12,33,1305
12,34,1473
12,35,1415
12,36,1420
12,37,1401
12,38,1397
12,39,1260
12,40,1205
12,41,1405
12,42,1421
12,43,1428
12,44,1384
12,45,1380
12,46,1248
12,47,1183
12,48,1401
12,49,1396
12,50,1470
12,51,1384
12,52,1377
12,53,1342
12,54,1274
12,55,1431
12,56,1391
12,57,1460
12,58,1457
12,59,1419
12,60,1293
12,61,1273
12,62,1213
12,63,1402
12,64,1521
12,65,1440
12,66,1449
12,67,1426
12,68,1342
12,69,1245
12,70,1420
12,71,1400
12,72,1420
12,73,1423
12,74,1362
12,75,1283
12,76,1185
12,77,1411
12,78,1407
12,79,1410
12,80,1413
12,81,1383
12,82,1252
12,83,1286
12,84,1460
12,85,1393
12,86,1388
12,87,1377
12,88,1369
12,89,1230
12,90,1194
13,1,1460
13,2,1476
13,3,1335
13,4,1280
13,5,1498
13,6,1441
13,7,1387
13,8,1365
13,9,1325
13,10,1239
13,11,1179
13,12,1385
13,13,1495
13,14,1427
13,15,1394
13,16,1366
13,17,1221
13,18,1160
13,19,1417
13,20,1364
13,21,1374
13,22,1405
13,23,1408
13,24,1204
13,25,1142
13,26,1444
13,27,1392
13,28,1357
13,29,1368
13,30,1420
13,31,1433
13,32,1430
13,33,1313
13,34,1456
13,35,1402
13,36,1402
13,37,1389
13,38,1376
13,39,1227
13,40,1188
13,41,1388
13,42,1404
13,43,1402
13,44,1373
13,45,1359
13,46,1211
13,47,1171
13,48,1387
13,49,1385
13,50,1480
13,51,1372
13,52,1360
13,53,1332
13,54,1273
13,55,1414
13,56,1381
13,57,1452
13,58,1445
13,59,1394
13,60,1287
13,61,1254
13,62,1206
13,63,1388
13,64,1502
13,65,1430
13,66,1426
13,67,1394
13,68,1317
13,69,1226
13,70,1395
13,71,1388
13,72,1403
13,73,1412
13,74,1344
13,75,1261
13,76,1171
13,77,1401
13,78,1395
13,79,1400
13,80,1410
13,81,1363
13,82,1232
13,83,1284
13,84,1447
13,85,1384
13,86,1373
13,87,1366
13,88,1345
13,89,1206
13,90,1183
14,1,1463
14,2,1463
14,3,1310
14,4,1271
14,5,1475
14,6,1426
14,7,1385
14,8,1354
14,9,1313
14,10,1206
14,11,1121
14,12,1373
14,13,1487
14,14,1425
14,15,1381
14,16,1348
14,17,1193
14,18,1145
14,19,1428
14,20,1366
14,21,1369
14,22,1418
14,23,1395
14,24,1169
14,25,1118
14,26,1434
14,27,1388
14,28,1350
14,29,1370
14,30,1428
14,31,1411
14,32,1412
14,33,1291
14,34,1453
14,35,1387
14,36,1392
14,37,1383
14,38,1359
14,39,1194
14,40,1164
14,41,1375
14,42,1393
14,43,1387
14,44,1363
14,45,1350
14,46,1180
14,47,1150
14,48,1384
14,49,1392
14,50,1487
14,51,1363
14,52,1350
14,53,1306
14,54,1239
14,55,1404
14,56,1378
14,57,1448
14,58,1434
14,59,1379
14,60,1282
14,61,1239
14,62,1180
14,63,1383
14,64,1489
14,65,1433
14,66,1415
14,67,1387
14,68,1284
14,69,1194
14,70,1387
14,71,1380
14,72,1407
14,73,1410
14,74,1342
14,75,1237
14,76,1127
14,77,1388
14,78,1397
14,79,1405
14,80,1416
14,81,1360
14,82,1206
14,83,1266
14,84,1437
14,85,1383
14,86,1367
14,87,1364
14,88,1339
14,89,1177
14,90,1160
15,1,1455
15,2,1444
15,3,1287
15,4,1248
15,5,1446
15,6,1396
15,7,1355
15,8,1332
15,9,1292
15,10,1174
15,11,1066
15,12,1346
15,13,1469
15,14,1411
15,15,1355
15,16,1319
15,17,1159
15,18,1122
15,19,1429
15,20,1353
15,21,1349
15,22,1414
15,23,1364
15,24,1138
15,25,1094
15,26,1408
15,27,1358
15,28,1329
15,29,1360
15,30,1419
15,31,1382
15,32,1396
15,33,1279
15,34,1431
15,35,1367
15,36,1371
15,37,1368
15,38,1336
15,39,1165
15,40,1142
15,41,1351
15,42,1378
15,43,1361
15,44,1346
15,45,1321
15,46,1152
15,47,1125
15,48,1367
15,49,1384
15,50,1478
15,51,1351
15,52,1333
15,53,1277
15,54,1206
15,55,1383
15,56,1362
15,57,1434
15,58,1407
15,59,1357
15,60,1279
15,61,1234
15,62,1155
15,63,1374
15,64,1465
15,65,1422
15,66,1390
15,67,1375
15,68,1259
15,69,1164
15,70,1363
15,71,1363
15,72,1391
15,73,1395
15,74,1328
15,75,1211
15,76,1084
15,77,1372
15,78,1389
15,79,1391
15,80,1408
15,81,1335
15,82,1185
15,83,1247
15,84,1423
15,85,1370
15,86,1343
15,87,1345
15,88,1312
15,89,1156
15,90,1143
16,1,1468
16,2,1436
16,3,1280
16,4,1239
16,5,1429
16,6,1378
16,7,1335
16,8,1316
16,9,1274
16,10,1159
16,11,1038
16,12,1338
16,13,1474
16,14,1409
16,15,1334
16,16,1295
16,17,1150
16,18,1115
16,19,1420
16,20,1341
16,21,1335
16,22,1401
16,23,1347
16,24,1113
16,25,1091
16,26,1391
16,27,1338
16,28,1307
16,29,1350
16,30,1401
16,31,1362
16,32,1390
16,33,1278
16,34,1423
16,35,1353
16,36,1354
16,37,1359
16,38,1312
16,39,1149
16,40,1133
16,41,1337
16,42,1372
16,43,1339
16,44,1324
16,45,1295
16,46,1135
16,47,1119
16,48,1351
16,49,1383
16,50,1466
16,51,1331
16,52,1309
16,53,1272
16,54,1182
16,55,1364
16,56,1338
16,57,1420
16,58,1391
16,59,1333
16,60,1280
16,61,1246
16,62,1138
16,63,1378
16,64,1461
16,65,1425
16,66,1382
16,67,1378
16,68,1255
16,69,1152
16,70,1345
16,71,1348
16,72,1372
16,73,1376
16,74,1302
16,75,1196
16,76,1055
16,77,1351
16,78,1374
16,79,1373
16,80,1389
16,81,1310
16,82,1175
16,83,1251
16,84,1397
16,85,1357
16,86,1318
16,87,1327
16,88,1285
16,89,1143
16,90,1143
17,1,1510
17,2,1448
17,3,1302
17,4,1249
17,5,1439
17,6,1378
17,7,1336
17,8,1314
17,9,1272
17,10,1161
17,11,1034
17,12,1339
17,13,1499
17,14,1423
17,15,1332
17,16,1280
17,17,1162
17,18,1136
17,19,1414
17,20,1338
17,21,1334
17,22,1399
17,23,1349
17,24,1110
17,25,1119
17,26,1409
17,27,1329
17,28,1302
17,29,1344
17,30,1388
17,31,1357
17,32,1403
17,33,1299
17,34,1431
17,35,1350
17,36,1348
17,37,1364
17,38,1297
17,39,1153
17,40,1153
17,41,1344
17,42,1396
17,43,1338
17,44,1320
17,45,1280
17,46,1142
17,47,1138
17,48,1345
17,49,1380
17,50,1459
17,51,1327
17,52,1291
17,53,1282
17,54,1176
17,55,1367
17,56,1341
17,57,1438
17,58,1388
17,59,1320
17,60,1303
17,61,1262
17,62,1159
17,63,1404
17,64,1483
17,65,1437
17,66,1387
17,67,1401
17,68,1263
17,69,1169
17,70,1334
17,71,1337
17,72,1370
17,73,1364
17,74,1291
17,75,1196
17,76,1051
17,77,1355
17,78,1370
17,79,1370
17,80,1375
17,81,1301
17,82,1188
17,83,1275
17,84,1400
17,85,1357
17,86,1315
17,87,1313
17,88,1272
17,89,1149
17,90,1163
18,1,1565
18,2,1473
18,3,1344
18,4,1307
18,5,1474
18,6,1391
18,7,1355
18,8,1333
18,9,1271
18,10,1178
18,11,1051
18,12,1369
18,13,1543
18,14,1444
18,15,1335
18,16,1269
18,17,1185
18,18,1173
18,19,1405
18,20,1339
18,21,1341
18,22,1388
18,23,1352
18,24,1124
18,25,1171
18,26,1437
18,27,1327
18,28,1301
18,29,1331
18,30,1353
18,31,1383
18,32,1436
18,33,1335
18,34,1447
18,35,1360
18,36,1352
18,37,1375
18,38,1289
18,39,1169
18,40,1187
18,41,1367
18,42,1438
18,43,1345
18,44,1325
18,45,1270
18,46,1158
18,47,1172
18,48,1345
18,49,1372
18,50,1451
18,51,1327
18,52,1281
18,53,1296
18,54,1188
18,55,1363
18,56,1332
18,57,1462
18,58,1389
18,59,1305
18,60,1332
18,61,1277
18,62,1191
18,63,1451
18,64,1519
18,65,1462
18,66,1399
18,67,1429
18,68,1281
18,69,1208
18,70,1345
18,71,1350
18,72,1372
18,73,1361
18,74,1288
18,75,1202
18,76,1069
18,77,1382
18,78,1384
18,79,1359
18,80,1361
18,81,1290
18,82,1223
18,83,1313
18,84,1416
18,85,1370
18,86,1314
18,87,1310
18,88,1260
18,89,1161
18,90,1200
19,1,1609
19,2,1517
19,3,1393
19,4,1352
19,5,1506
19,6,1410
19,7,1362
19,8,1358
19,9,1266
19,10,1194
19,11,1090
19,12,1407
19,13,1558
19,14,1456
19,15,1337
19,16,1260
19,17,1208
19,18,1219
19,19,1396
19,20,1336
19,21,1338
19,22,1370
19,23,1335
19,24,1128
19,25,1216
19,26,1435
19,27,1323
19,28,1291
19,29,1318
19,30,1322
19,31,1471
19,32,1469
19,33,1370
19,34,1464
19,35,1374
19,36,1363
19,37,1400
19,38,1286
19,39,1178
19,40,1210
19,41,1385
19,42,1461
19,43,1361
19,44,1333
19,45,1267
19,46,1162
19,47,1187
19,48,1342
19,49,1357
19,50,1455
19,51,1327
19,52,1272
19,53,1301
19,54,1195
19,55,1356
19,56,1320
19,57,1460
19,58,1375
19,59,1291
19,60,1336
19,61,1324
19,62,1228
19,63,1486
19,64,1536
19,65,1481
19,66,1430
19,67,1421
19,68,1291
19,69,1239
19,70,1359
19,71,1356
19,72,1387
19,73,1352
19,74,1291
19,75,1208
19,76,1113
19,77,1413
19,78,1401
19,79,1356
19,80,1350
19,81,1278
19,82,1243
19,83,1322
19,84,1421
19,85,1378
19,86,1312
19,87,1314
19,88,1250
19,89,1168
19,90,1210
20,1,1584
20,2,1499
20,3,1377
20,4,1393
20,5,1569
20,6,1489
20,7,1433
20,8,1425
20,9,1315
20,10,1257
20,11,1214
20,12,1470
20,13,1563
20,14,1484
20,15,1399
20,16,1306
20,17,1254
20,18,1290
20,19,1441
20,20,1372
20,21,1382
20,22,1397
20,23,1345
20,24,1168
20,25,1257
20,26,1436
20,27,1348
20,28,1323
20,29,1337
20,30,1323
20,31,1480
20,32,1429
20,33,1429
20,34,1525
20,35,1460
20,36,1440
20,37,1463
20,38,1338
20,39,1236
20,40,1283
20,41,1447
20,42,1499
20,43,1431
20,44,1391
20,45,1313
20,46,1216
20,47,1250
20,48,1384
20,49,1393
20,50,1505
20,51,1369
20,52,1314
20,53,1305
20,54,1222
20,55,1377
20,56,1340
20,57,1458
20,58,1386
20,59,1294
20,60,1333
20,61,1319
20,62,1331
20,63,1521
20,64,1562
20,65,1532
20,66,1494
20,67,1418
20,68,1328
20,69,1320
20,70,1431
20,71,1419
20,72,1452
20,73,1401
20,74,1333
20,75,1260
20,76,1202
20,77,1459
20,78,1440
20,79,1398
20,80,1389
20,81,1317
20,82,1274
20,83,1336
20,84,1446
20,85,1402
20,86,1338
20,87,1342
20,88,1271
20,89,1192
20,90,1249
21,1,1501
21,2,1429
21,3,1319
21,4,1373
21,5,1563
21,6,1502
21,7,1455
21,8,1428
21,9,1344
21,10,1294
21,11,1270
21,12,1455
21,13,1504
21,14,1455
21,15,1440
21,16,1355
21,17,1263
21,18,1295
21,19,1480
21,20,1410
21,21,1420
21,22,1439
21,23,1346
21,24,1222
21,25,1252
21,26,1410
21,27,1380
21,28,1377
21,29,1392
21,30,1377
21,31,1419
21,32,1364
21,33,1402
21,34,1513
21,35,1473
21,36,1455
21,37,1448
21,38,1366
21,39,1269
21,40,1327
21,41,1467
21,42,1483
21,43,1454
21,44,1431
21,45,1356
21,46,1259
21,47,1307
21,48,1424
21,49,1442
21,50,1488
21,51,1418
21,52,1349
21,53,1285
21,54,1275
21,55,1415
21,56,1397
21,57,1430
21,58,1439
21,59,1358
21,60,1317
21,61,1257
21,62,1347
21,63,1469
21,64,1519
21,65,1513
21,66,1481
21,67,1391
21,68,1341
21,69,1362
21,70,1454
21,71,1441
21,72,1453
21,73,1432
21,74,1334
21,75,1292
21,76,1256
21,77,1441
21,78,1448
21,79,1453
21,80,1435
21,81,1353
21,82,1273
21,83,1314
21,84,1425
21,85,1394
21,86,1393
21,87,1382
21,88,1327
21,89,1249
21,90,1313
22,1,1370
22,2,1333
22,3,1233
22,4,1270
22,5,1451
22,6,1393
22,7,1351
22,8,1327
22,9,1268
22,10,1230
22,11,1190
22,12,1331
22,13,1373
22,14,1334
22,15,1344
22,16,1278
22,17,1185
22,18,1179
22,19,1359
22,20,1296
22,21,1308
22,22,1340
22,23,1260
22,24,1163
22,25,1155
22,26,1295
22,27,1280
22,28,1292
22,29,1306
22,30,1301
22,31,1323
22,32,1269
22,33,1295
22,34,1394
22,35,1361
22,36,1342
22,37,1327
22,38,1285
22,39,1200
22,40,1206
22,41,1347
22,42,1361
22,43,1344
22,44,1328
22,45,1281
22,46,1189
22,47,1193
22,48,1295
22,49,1327
22,50,1350
22,51,1322
22,52,1264
22,53,1210
22,54,1194
22,55,1316
22,56,1304
22,57,1320
22,58,1355
22,59,1297
22,60,1240
22,61,1164
22,62,1231
22,63,1345
22,64,1395
22,65,1392
22,66,1371
22,67,1302
22,68,1273
22,69,1250
22,70,1328
22,71,1326
22,72,1321
22,73,1326
22,74,1250
22,75,1219
22,76,1162
22,77,1317
22,78,1326
22,79,1343
22,80,1326
22,81,1265
22,82,1196
22,83,1208
22,84,1311
22,85,1298
22,86,1301
22,87,1295
22,88,1260
22,89,1190
22,90,1212
23,1,1210
23,2,1202
23,3,1123
23,4,1144
23,5,1288
23,6,1232
23,7,1197
23,8,1171
23,9,1149
23,10,1122
23,11,1066
23,12,1158
23,13,1210
23,14,1173
23,15,1192
23,16,1157
23,17,1073
23,18,1044
23,19,1181
23,20,1130
23,21,1145
23,22,1183
23,23,1133
23,24,1061
23,25,1042
23,26,1145
23,27,1131
23,28,1149
23,29,1152
23,30,1168
23,31,1191
23,32,1147
23,33,1156
23,34,1232
23,35,1195
23,36,1174
23,37,1167
23,38,1157
23,39,1090
23,40,1064
23,41,1182
23,42,1199
23,43,1180
23,44,1172
23,45,1155
23,46,1077
23,47,1048
23,48,1123
23,49,1157
23,50,1175
23,51,1166
23,52,1134
23,53,1093
23,54,1070
23,55,1172
23,56,1158
23,57,1178
23,58,1215
23,59,1181
23,60,1132
23,61,1049
23,62,1094
23,63,1183
23,64,1234
23,65,1229
23,66,1213
23,67,1174
23,68,1163
23,69,1114
23,70,1161
23,71,1155
23,72,1157
23,73,1155
23,74,1115
23,75,1094
23,76,1038
23,77,1147
23,78,1159
23,79,1169
23,80,1159
23,81,1133
23,82,1082
23,83,1089
23,84,1162
23,85,1153
23,86,1151
23,87,1150
23,88,1139
23,89,1080
23,90,1072
24,1,1072
24,2,1078
24,3,1022
24,4,1021
24,5,1145
24,6,1096
24,7,1059
24,8,1031
24,9,1026
24,10,1008
24,11,961
24,12,1023
24,13,1064
24,14,1032
24,15,1056
24,16,1034
24,17,964
24,18,933
24,19,1019
24,20,995
24,21,1009
24,22,1033
24,23,1007
24,24,960
24,25,947
24,26,1018
24,27,999
24,28,1023
24,29,1016
24,30,1032
24,31,1070
24,32,1034
24,33,1037
24,34,1090
24,35,1053
24,36,1030
24,37,1029
24,38,1023
24,39,978
24,40,946
24,41,1047
24,42,1065
24,43,1038
24,44,1034
24,45,1028
24,46,968
24,47,926
24,48,980
24,49,1008
24,50,1022
24,51,1022
24,52,1017
24,53,984
24,54,961
24,55,1037
24,56,1024
24,57,1046
24,58,1081
24,59,1047
24,60,1016
24,61,950
24,62,974
24,63,1051
24,64,1092
24,65,1090
24,66,1077
24,67,1043
24,68,1053
24,69,998
24,70,1027
24,71,1018
24,72,1020
24,73,1008
24,74,990
24,75,973
24,76,937
24,77,1012
24,78,1022
24,79,1022
24,80,1015
24,81,1011
24,82,979
24,83,985
24,84,1032
24,85,1028
24,86,1019
24,87,1017
24,88,1018
24,89,974
24,90,953
25,1,1011
25,2,991
25,3,937
25,4,940
25,5,1054
25,6,1009
25,7,977
25,8,947
25,9,943
25,10,918
25,11,899
25,12,948
25,13,976
25,14,950
25,15,966
25,16,948
25,17,877
25,18,860
25,19,920
25,20,914
25,21,926
25,22,939
25,23,918
25,24,887
25,25,882
25,26,943
25,27,919
25,28,943
25,29,923
25,30,929
25,31,984
25,32,951
25,33,954
25,34,1001
25,35,965
25,36,943
25,37,940
25,38,935
25,39,899
25,40,878
25,41,968
25,42,987
25,43,953
25,44,953
25,45,947
25,46,893
25,47,854
25,48,893
25,49,917
25,50,932
25,51,938
25,52,924
25,53,904
25,54,888
25,55,952
25,56,939
25,57,963
25,58,1003
25,59,965
25,60,938
25,61,872
25,62,899
25,63,964
25,64,1002
25,65,1007
25,66,990
25,67,948
25,68,972
25,69,929
25,70,948
25,71,941
25,72,949
25,73,917
25,74,897
25,75,881
25,76,868
25,77,930
25,78,936
25,79,932
25,80,926
25,81,920
25,82,899
25,83,913
25,84,950
25,85,949
25,86,939
25,87,933
25,88,934
25,89,898
25,90,878
26,1,976
26,2,944
26,3,831
26,4,906
26,5,1011
26,6,965
26,7,941
26,8,907
26,9,902
26,10,867
26,11,878
26,12,908
26,13,938
26,14,909
26,15,926
26,16,901
26,17,829
26,18,831
26,19,884
26,20,875
26,21,884
26,22,888
26,23,867
26,24,849
26,25,851
26,26,902
26,27,877
26,28,906
26,29,872
26,30,865
26,31,939
26,32,822
26,33,912
26,34,955
26,35,926
26,36,899
26,37,897
26,38,890
26,39,859
26,40,843
26,41,931
26,42,948
26,43,912
26,44,918
26,45,902
26,46,853
26,47,822
26,48,859
26,49,872
26,50,888
26,51,898
26,52,872
26,53,849
26,54,856
26,55,915
26,56,899
26,57,913
26,58,957
26,59,907
26,60,894
26,61,842
26,62,867
26,63,926
26,64,965
26,65,971
26,66,952
26,67,903
26,68,924
26,69,904
26,70,913
26,71,901
26,72,918
26,73,870
26,74,846
26,75,823
26,76,842
26,77,892
26,78,897
26,79,885
26,80,884
26,81,872
26,82,855
26,83,885
26,84,908
26,85,913
26,86,896
26,87,893
26,88,891
26,89,857
26,90,846
27,1,957
27,2,919
27,3,895
27,4,898
27,5,995
27,6,946
27,7,927
27,8,891
27,9,882
27,10,848
27,11,868
27,12,896
27,13,917
27,14,893
27,15,913
27,16,882
27,17,800
27,18,819
27,19,870
27,20,862
27,21,860
27,22,864
27,23,843
27,24,826
27,25,839
27,26,885
27,27,861
27,28,893
27,29,848
27,30,832
27,31,916
27,32,910
27,33,900
27,34,935
27,35,901
27,36,879
27,37,873
27,38,865
27,39,840
27,40,836
27,41,919
27,42,933
27,43,893
27,44,902
27,45,883
27,46,837
27,47,808
27,48,847
27,49,852
27,50,862
27,51,879
27,52,852
27,53,826
27,54,839
27,55,892
27,56,873
27,57,893
27,58,933
27,59,881
27,60,867
27,61,830
27,62,858
27,63,912
27,64,945
27,65,954
27,66,932
27,67,874
27,68,904
27,69,894
27,70,897
27,71,886
27,72,872
27,73,847
27,74,818
27,75,795
27,76,835
27,77,872
27,78,876
27,79,867
27,80,861
27,81,850
27,82,833
27,83,870
27,84,888
27,85,897
27,86,874
27,87,874
27,88,870
27,89,840
27,90,836
28,1,964
28,2,917
28,3,875
28,4,905
28,5,995
28,6,944
28,7,933
28,8,895
28,9,876
28,10,842
28,11,874
28,12,895
28,13,913
28,14,893
28,15,922
28,16,877
28,17,790
28,18,821
28,19,857
28,20,866
28,21,862
28,22,860
28,23,837
28,24,821
28,25,846
28,26,883
28,27,861
28,28,892
28,29,848
28,30,821
28,31,908
28,32,892
28,33,905
28,34,937
28,35,906
28,36,878
28,37,869
28,38,863
28,39,832
28,40,844
28,41,922
28,42,936
28,43,896
28,44,906
28,45,877
28,46,830
28,47,814
28,48,849
28,49,843
28,50,856
28,51,884
28,52,849
28,53,810
28,54,844
28,55,892
28,56,867
28,57,896
28,58,932
28,59,869
28,60,842
28,61,790
28,62,865
28,63,908
28,64,955
28,65,959
28,66,936
28,67,863
28,68,892
28,69,903
28,70,901
28,71,889
28,72,867
28,73,849
28,74,810
28,75,781
28,76,843
28,77,880
28,78,882
28,79,861
28,80,859
28,81,846
28,82,825
28,83,872
28,84,888
28,85,897
28,86,876
28,87,875
28,88,864
28,89,834
28,90,844
29,1,1000
29,2,929
29,3,872
29,4,948
29,5,1033
29,6,979
29,7,973
29,8,927
29,9,890
29,10,851
29,11,919
29,12,937
29,13,945
29,14,928
29,15,962
29,16,891
29,17,793
29,18,866
29,19,891
29,20,910
29,21,894
29,22,891
29,23,856
29,24,839
29,25,889
29,26,912
29,27,893
29,28,925
29,29,874
29,30,830
29,31,925
29,32,883
29,33,941
29,34,975
29,35,942
29,36,916
29,37,908
29,38,879
29,39,844
29,40,884
29,41,964
29,42,977
29,43,935
29,44,950
29,45,894
29,46,841
29,47,853
29,48,890
29,49,873
29,50,889
29,51,921
29,52,862
29,53,820
29,54,883
29,55,930
29,56,894
29,57,939
29,58,968
29,59,882
29,60,845
29,61,834
29,62,911
29,63,945
29,64,995
29,65,997
29,66,971
29,67,873
29,68,903
29,69,948
29,70,946
29,71,934
29,72,895
29,73,885
29,74,816
29,75,783
29,76,884
29,77,915
29,78,917
29,79,894
29,80,896
29,81,859
29,82,830
29,83,907
29,84,925
29,85,937
29,86,912
29,87,910
29,88,878
29,89,843
29,90,886
30,1,1109
30,2,964
30,3,883
30,4,1076
30,5,1154
30,6,1103
30,7,1097
30,8,1038
30,9,930
30,10,878
30,11,1052
30,12,1061
30,13,1070
30,14,1051
30,15,1084
30,16,940
30,17,814
30,18,986
30,19,995
30,20,1029
30,21,1014
30,22,999
30,23,899
30,24,863
30,25,999
30,26,1014
30,27,998
30,28,1017
30,29,947
30,30,859
30,31,966
30,32,895
30,33,1056
30,34,1095
30,35,1061
30,36,1038
30,37,1023
30,38,923
30,39,871
30,40,1019
30,41,1090
30,42,1098
30,43,1066
30,44,1070
30,45,940
30,46,874
30,47,970
30,48,1010
30,49,986
30,50,997
30,51,1036
30,52,903
30,53,844
30,54,986
30,55,1028
30,56,993
30,57,1025
30,58,1060
30,59,911
30,60,866
30,61,831
30,62,1037
30,63,1064
30,64,1117
30,65,1121
30,66,1088
30,67,919
30,68,931
30,69,1081
30,70,1075
30,71,1058
30,72,1019
30,73,979
30,74,853
30,75,810
30,76,999
30,77,1026
30,78,1025
30,79,1005
30,80,998
30,81,897
30,82,854
30,83,1016
30,84,1024
30,85,1041
30,86,1010
30,87,1009
30,88,916
30,89,863
30,90,1009
31,1,1307
31,2,1042
31,3,921
31,4,1295
31,5,1353
31,6,1308
31,7,1299
31,8,1225
31,9,997
31,10,924
31,11,1255
31,12,1287
31,13,1289
31,14,1264
31,15,1279
31,16,1007
31,17,851
31,18,1162
31,19,1158
31,20,1205
31,21,1197
31,22,1181
31,23,956
31,24,892
31,25,1153
31,26,1172
31,27,1153
31,28,1158
31,29,1087
31,30,909
31,31,1052
31,32,937
31,33,1278
31,34,1292
31,35,1277
31,36,1242
31,37,1221
31,38,985
31,39,914
31,40,1230
31,41,1290
31,42,1298
31,43,1261
31,44,1267
31,45,1013
31,46,911
31,47,1159
31,48,1199
31,49,1167
31,50,1195
31,51,1215
31,52,972
31,53,882
31,54,1148
31,55,1180
31,56,1149
31,57,1182
31,58,1185
31,59,979
31,60,903
31,61,867
31,62,1246
31,63,1289
31,64,1317
31,65,1324
31,66,1283
31,67,1003
31,68,984
31,69,1293
31,70,1281
31,71,1262
31,72,1227
31,73,1159
31,74,928
31,75,851
31,76,1190
31,77,1210
31,78,1215
31,79,1192
31,80,1180
31,81,968
31,82,900
31,83,1177
31,84,1173
31,85,1195
31,86,1157
31,87,1151
31,88,982
31,89,905
31,90,1209
32,1,1435
32,2,1163
32,3,981
32,4,1428
32,5,1462
32,6,1423
32,7,1409
32,8,1341
32,9,1112
32,10,1025
32,11,1382
32,12,1433
32,13,1417
32,14,1392
32,15,1392
32,16,1121
32,17,950
32,18,1299
32,19,1289
32,20,1338
32,21,1333
32,22,1327
32,23,1067
32,24,984
32,25,1302
32,26,1306
32,27,1283
32,28,1283
32,29,1234
32,30,1032
32,31,1186
32,32,1002
32,33,1413
32,34,1407
32,35,1401
32,36,1358
32,37,1352
32,38,1101
32,39,1004
32,40,1358
32,41,1411
32,42,1416
32,43,1374
32,44,1385
32,45,1131
32,46,1007
32,47,1301
32,48,1327
32,49,1308
32,50,1322
32,51,1339
32,52,1090
32,53,974
32,54,1294
32,55,1301
32,56,1291
32,57,1327
32,58,1315
32,59,1095
32,60,996
32,61,936
32,62,1367
32,63,1438
32,64,1424
32,65,1431
32,66,1399
32,67,1123
32,68,1077
32,69,1409
32,70,1396
32,71,1377
32,72,1358
32,73,1284
32,74,1047
32,75,959
32,76,1325
32,77,1331
32,78,1342
32,79,1320
32,80,1309
32,81,1088
32,82,988
32,83,1323
32,84,1301
32,85,1319
32,86,1285
32,87,1280
32,88,1087
32,89,994
32,90,1341
33,1,1469
33,2,1279
33,3,1076
33,4,1467
33,5,1476
33,6,1428
33,7,1410
33,8,1366
33,9,1224
33,10,1135
33,11,1409
33,12,1469
33,13,1432
33,14,1411
33,15,1410
33,16,1224
33,17,1068
33,18,1344
33,19,1333
33,20,1368
33,21,1372
33,22,1374
33,23,1172
33,24,1084
33,25,1387
33,26,1366
33,27,1334
33,28,1340
33,29,1311
33,30,1152
33,31,1322
33,32,1101
33,33,1449
33,34,1416
33,35,1414
33,36,1380
33,37,1379
33,38,1211
33,39,1107
33,40,1385
33,41,1424
33,42,1432
33,43,1386
33,44,1398
33,45,1231
33,46,1116
33,47,1355
33,48,1357
33,49,1359
33,50,1350
33,51,1370
33,52,1219
33,53,1092
33,54,1369
33,55,1350
33,56,1368
33,57,1394
33,58,1381
33,59,1200
33,60,1110
33,61,1047
33,62,1390
33,63,1476
33,64,1440
33,65,1445
33,66,1430
33,67,1246
33,68,1175
33,69,1420
33,70,1399
33,71,1393
33,72,1388
33,73,1327
33,74,1185
33,75,1081
33,76,1367
33,77,1367
33,78,1371
33,79,1365
33,80,1354
33,81,1195
33,82,1106
33,83,1395
33,84,1352
33,85,1368
33,86,1338
33,87,1340
33,88,1183
33,89,1093
33,90,1377
34,1,1480
34,2,1352
34,3,1172
34,4,1491
34,5,1473
34,6,1427
34,7,1404
34,8,1367
34,9,1282
34,10,1201
34,11,1407
34,12,1492
34,13,1442
34,14,1416
34,15,1407
34,16,1277
34,17,1147
34,18,1373
34,19,1356
34,20,1380
34,21,1388
34,22,1404
34,23,1229
34,24,1147
34,25,1431
34,26,1393
34,27,1361
34,28,1361
34,29,1359
34,30,1223
34,31,1415
34,32,1202
34,33,1459
34,34,1420
34,35,1417
34,36,1390
34,37,1394
34,38,1272
34,39,1180
34,40,1393
34,41,1429
34,42,1438
34,43,1387
34,44,1398
34,45,1274
34,46,1176
34,47,1381
34,48,1370
34,49,1398
34,50,1370
34,51,1383
34,52,1313
34,53,1194
34,54,1403
34,55,1369
34,56,1414
34,57,1435
34,58,1409
34,59,1268
34,60,1210
34,61,1139
34,62,1393
34,63,1494
34,64,1436
34,65,1448
34,66,1439
34,67,1323
34,68,1238
34,69,1419
34,70,1399
34,71,1404
34,72,1402
34,73,1344
34,74,1267
34,75,1159
34,76,1385
34,77,1382
34,78,1392
34,79,1388
34,80,1374
34,81,1251
34,82,1204
34,83,1434
34,84,1381
34,85,1386
34,86,1366
34,87,1361
34,88,1236
34,89,1162
34,90,1393
35,1,1498
35,2,1368
35,3,1229
35,4,1513
35,5,1468
35,6,1426
35,7,1396
35,8,1361
35,9,1289
35,10,1216
35,11,1411
35,12,1511
35,13,1443
35,14,1426
35,15,1404
35,16,1282
35,17,1172
35,18,1401
35,19,1376
35,20,1387
35,21,1405
35,22,1424
35,23,1246
35,24,1163
35,25,1458
35,26,1410
35,27,1376
35,28,1382
35,29,1397
35,30,1258
35,31,1456
35,32,1267
35,33,1471
35,34,1428
35,35,1424
35,36,1404
35,37,1404
35,38,1282
35,39,1204
35,40,1410
35,41,1429
35,42,1437
35,43,1392
35,44,1399
35,45,1270
35,46,1189
35,47,1396
35,48,1394
35,49,1444
35,50,1387
35,51,1389
35,52,1350
35,53,1249
35,54,1426
35,55,1383
35,56,1445
35,57,1456
35,58,1422
35,59,1286
35,60,1272
35,61,1194
35,62,1403
35,63,1518
35,64,1444
35,65,1452
35,66,1445
35,67,1350
35,68,1249
35,69,1427
35,70,1405
35,71,1417
35,72,1422
35,73,1360
35,74,1293
35,75,1179
35,76,1411
35,77,1402
35,78,1411
35,79,1413
35,80,1391
35,81,1262
35,82,1255
35,83,1460
35,84,1388
35,85,1394
35,86,1381
35,87,1377
35,88,1245
35,89,1189
35,90,1413
36,1,1494
36,2,1358
36,3,1265
36,4,1519
36,5,1462
36,6,1410
36,7,1384
36,8,1348
36,9,1273
36,10,1210
36,11,1403
36,12,1508
36,13,1444
36,14,1422
36,15,1391
36,16,1252
36,17,1172
36,18,1415
36,19,1378
36,20,1386
36,21,1408
36,22,1421
36,23,1236
36,24,1159
36,25,1465
36,26,1409
36,27,1378
36,28,1381
36,29,1419
36,30,1266
36,31,1454
36,32,1305
36,33,1473
36,34,1415
36,35,1420
36,36,1401
36,37,1397
36,38,1260
36,39,1205
36,40,1405
36,41,1421
36,42,1428
36,43,1384
36,44,1380
36,45,1248
36,46,1183
36,47,1401
36,48,1396
36,49,1470
36,50,1384
36,51,1377
36,52,1342
36,53,1274
36,54,1431
36,55,1391
36,56,1460
36,57,1457
36,58,1419
36,59,1293
36,60,1297
36,61,1213
36,62,1402
36,63,1521
36,64,1440
36,65,1449
36,66,1426
36,67,1342
36,68,1245
36,69,1420
36,70,1400
36,71,1420
36,72,1423
36,73,1362
36,74,1283
36,75,1185
36,76,1411
36,77,1407
36,78,1410
36,79,1413
36,80,1383
36,81,1252
36,82,1286
36,83,1460
36,84,1393
36,85,1388
36,86,1377
36,87,1369
36,88,1230
36,89,1194
36,90,1415
37,1,1476
37,2,1335
37,3,1280
37,4,1498
37,5,1441
37,6,1387
37,7,1365
37,8,1325
37,9,1239
37,10,1179
37,11,1385
37,12,1495
37,13,1427
37,14,1394
37,15,1366
37,16,1221
37,17,1160
37,18,1417
37,19,1364
37,20,1374
37,21,1405
37,22,1408
37,23,1204
37,24,1142
37,25,1444
37,26,1392
37,27,1357
37,28,1368
37,29,1420
37,30,1256
37,31,1430
37,32,1313
37,33,1456
37,34,1402
37,35,1402
37,36,1389
37,37,1376
37,38,1227
37,39,1188
37,40,1388
37,41,1404
37,42,1402
37,43,1373
37,44,1359
37,45,1211
37,46,1171
37,47,1387
37,48,1385
37,49,1480
37,50,1372
37,51,1360
37,52,1332
37,53,1273
37,54,1414
37,55,1381
37,56,1452
37,57,1445
37,58,1394
37,59,1287
37,60,1306
37,61,1206
37,62,1388
37,63,1502
37,64,1430
37,65,1426
37,66,1394
37,67,1317
37,68,1226
37,69,1395
37,70,1388
37,71,1403
37,72,1412
37,73,1344
37,74,1261
37,75,1171
37,76,1401
37,77,1395
37,78,1400
37,79,1410
37,80,1363
37,81,1232
37,82,1284
37,83,1447
37,84,1384
37,85,1373
37,86,1366
37,87,1345
37,88,1206
37,89,1183
37,90,1405
38,1,1463
38,2,1310
38,3,1271
38,4,1475
38,5,1426
38,6,1385
38,7,1354
38,8,1313
38,9,1206
38,10,1121
38,11,1373
38,12,1487
38,13,1425
38,14,1381
38,15,1348
38,16,1193
38,17,1145
38,18,1428
38,19,1366
38,20,1369
38,21,1418
38,22,1395
38,23,1169
38,24,1118
38,25,1434
38,26,1388
38,27,1350
38,28,1370
38,29,1428
38,30,1243
38,31,1412
38,32,1291
38,33,1453
38,34,1387
38,35,1392
38,36,1383
38,37,1359
38,38,1194
38,39,1164
38,40,1375
38,41,1393
38,42,1387
38,43,1363
38,44,1350
38,45,1180
38,46,1150
38,47,1384
38,48,1392
38,49,1487
38,50,1363
38,51,1350
38,52,1306
38,53,1239
38,54,1404
38,55,1378
38,56,1448
38,57,1434
38,58,1379
38,59,1282
38,60,1289
38,61,1180
38,62,1383
38,63,1489
38,64,1433
38,65,1415
38,66,1387
38,67,1284
38,68,1194
38,69,1387
38,70,1380
38,71,1407
38,72,1410
38,73,1342
38,74,1237
38,75,1127
38,76,1388
38,77,1397
38,78,1405
38,79,1416
38,80,1360
38,81,1206
38,82,1266
38,83,1437
38,84,1383
38,85,1367
38,86,1364
38,87,1339
38,88,1177
38,89,1160
38,90,1398
39,1,1444
39,2,1287
39,3,1248
39,4,1446
39,5,1396
39,6,1355
39,7,1332
39,8,1292
39,9,1174
39,10,1066
39,11,1346
39,12,1469
39,13,1411
39,14,1355
39,15,1319
39,16,1159
39,17,1122
39,18,1429
39,19,1353
39,20,1349
39,21,1414
39,22,1364
39,23,1138
39,24,1094
39,25,1408
39,26,1358
39,27,1329
39,28,1360
39,29,1419
39,30,1234
39,31,1396
39,32,1279
39,33,1431
39,34,1367
39,35,1371
39,36,1368
39,37,1336
39,38,1165
39,39,1142
39,40,1351
39,41,1378
39,42,1361
39,43,1346
39,44,1321
39,45,1152
39,46,1125
39,47,1367
39,48,1384
39,49,1478
39,50,1351
39,51,1333
39,52,1277
39,53,1206
39,54,1383
39,55,1362
39,56,1434
39,57,1407
39,58,1357
39,59,1279
39,60,1272
39,61,1155
39,62,1374
39,63,1465
39,64,1422
39,65,1390
39,66,1375
39,67,1259
39,68,1164
39,69,1363
39,70,1363
39,71,1391
39,72,1395
39,73,1328
39,74,1211
39,75,1084
39,76,1372
39,77,1389
39,78,1391
39,79,1408
39,80,1335
39,81,1185
39,82,1247
39,83,1423
39,84,1370
39,85,1343
39,86,1345
39,87,1312
39,88,1156
39,89,1143
39,90,1384
40,1,1436
40,2,1280
40,3,1239
40,4,1429
40,5,1378
40,6,1335
40,7,1316
40,8,1274
40,9,1159
40,10,1038
40,11,1338
40,12,1474
40,13,1409
40,14,1334
40,15,1295
40,16,1150
40,17,1115
40,18,1420
40,19,1341
40,20,1335
40,21,1401
40,22,1347
40,23,1113
40,24,1091
40,25,1391
40,26,1338
40,27,1307
40,28,1350
40,29,1401
40,30,1232
40,31,1390
40,32,1278
40,33,1423
40,34,1353
40,35,1354
40,36,1359
40,37,1312
40,38,1149
40,39,1133
40,40,1337
40,41,1372
40,42,1339
40,43,1324
40,44,1295
40,45,1135
40,46,1119
40,47,1351
40,48,1383
40,49,1466
40,50,1331
40,51,1309
40,52,1272
40,53,1182
40,54,1364
40,55,1338
40,56,1420
40,57,1391
40,58,1333
40,59,1280
40,60,1247
40,61,1138
40,62,1378
40,63,1461
40,64,1425
40,65,1382
40,66,1378
40,67,1255
40,68,1152
40,69,1345
40,70,1348
40,71,1372
40,72,1376
40,73,1302
40,74,1196
40,75,1055
40,76,1351
40,77,1374
40,78,1373
40,79,1389
40,80,1310
40,81,1175
40,82,1251
40,83,1397
40,84,1357
40,85,1318
40,86,1327
40,87,1285
40,88,1143
40,89,1143
40,90,1361
41,1,1448
41,2,1302
41,3,1249
41,4,1439
41,5,1378
41,6,1336
41,7,1314
41,8,1272
41,9,1161
41,10,1034
41,11,1339
41,12,1499
41,13,1423
41,14,1332
41,15,1280
41,16,1162
41,17,1136
41,18,1414
41,19,1338
41,20,1334
41,21,1399
41,22,1349
41,23,1110
41,24,1119
41,25,1409
41,26,1329
41,27,1302
41,28,1344
41,29,1388
41,30,1238
41,31,1403
41,32,1299
41,33,1431
41,34,1350
41,35,1348
41,36,1364
41,37,1297
41,38,1153
41,39,1153
41,40,1344
41,41,1396
41,42,1338
41,43,1320
41,44,1280
41,45,1142
41,46,1138
41,47,1345
41,48,1380
41,49,1459
41,50,1327
41,51,1291
41,52,1282
41,53,1176
41,54,1367
41,55,1341
41,56,1438
41,57,1388
41,58,1320
41,59,1303
41,60,1233
41,61,1159
41,62,1404
41,63,1483
41,64,1437
41,65,1387
41,66,1401
41,67,1263
41,68,1169
41,69,1334
41,70,1337
41,71,1370
41,72,1364
41,73,1291
41,74,1196
41,75,1051
41,76,1355
41,77,1370
41,78,1370
41,79,1375
41,80,1301
41,81,1188
41,82,1275
41,83,1400
41,84,1357
41,85,1315
41,86,1313
41,87,1272
41,88,1149
41,89,1163
41,90,1357
42,1,1473
42,2,1344
42,3,1307
42,4,1474
42,5,1391
42,6,1355
42,7,1333
42,8,1271
42,9,1178
42,10,1051
42,11,1369
42,12,1543
42,13,1444
42,14,1335
42,15,1269
42,16,1185
42,17,1173
42,18,1405
42,19,1339
42,20,1341
42,21,1388
42,22,1352
42,23,1124
42,24,1171
42,25,1437
42,26,1327
42,27,1301
42,28,1331
42,29,1353
42,30,1256
42,31,1436
42,32,1335
42,33,1447
42,34,1360
42,35,1352
42,36,1375
42,37,1289
42,38,1169
42,39,1187
42,40,1367
42,41,1438
42,42,1345
42,43,1325
42,44,1270
42,45,1158
42,46,1172
42,47,1345
42,48,1372
42,49,1451
42,50,1327
42,51,1281
42,52,1296
42,53,1188
42,54,1363
42,55,1332
42,56,1462
42,57,1389
42,58,1305
42,59,1332
42,60,1241
42,61,1191
42,62,1451
42,63,1519
42,64,1462
42,65,1399
42,66,1429
42,67,1281
42,68,1208
42,69,1345
42,70,1350
42,71,1372
42,72,1361
42,73,1288
42,74,1202
42,75,1069
42,76,1382
42,77,1384
42,78,1359
42,79,1361
42,80,1290
42,81,1223
42,82,1313
42,83,1416
42,84,1370
42,85,1314
42,86,1310
42,87,1260
42,88,1161
42,89,1200
42,90,1370
43,1,1517
43,2,1393
43,3,1352
43,4,1506
43,5,1410
43,6,1362
43,7,1358
43,8,1266
43,9,1194
43,10,1090
43,11,1407
43,12,1558
43,13,1456
43,14,1337
43,15,1260
43,16,1208
43,17,1219
43,18,1396
43,19,1336
43,20,1338
43,21,1370
43,22,1335
43,23,1128
43,24,1216
43,25,1435
43,26,1323
43,27,1291
43,28,1318
43,29,1322
43,30,1245
43,31,1469
43,32,1370
43,33,1464
43,34,1374
43,35,1363
43,36,1400
43,37,1286
43,38,1178
43,39,1210
43,40,1385
43,41,1461
43,42,1361
43,43,1333
43,44,1267
43,45,1162
43,46,1187
43,47,1342
43,48,1357
43,49,1455
43,50,1327
43,51,1272
43,52,1301
43,53,1195
43,54,1356
43,55,1320
43,56,1460
43,57,1375
43,58,1291
43,59,1336
43,60,1254
43,61,1228
43,62,1486
43,63,1536
43,64,1481
43,65,1430
43,66,1421
43,67,1291
43,68,1239
43,69,1359
43,70,1356
43,71,1387
43,72,1352
43,73,1291
43,74,1208
43,75,1113
43,76,1413
43,77,1401
43,78,1356
43,79,1350
43,80,1278
43,81,1243
43,82,1322
43,83,1421
43,84,1378
43,85,1312
43,86,1314
43,87,1250
43,88,1168
43,89,1210
43,90,1391
44,1,1499
44,2,1377
44,3,1393
44,4,1569
44,5,1489
44,6,1433
44,7,1425
44,8,1315
44,9,1257
44,10,1214
44,11,1470
44,12,1563
44,13,1484
44,14,1399
44,15,1306
44,16,1254
44,17,1290
44,18,1441
44,19,1372
44,20,1382
44,21,1397
44,22,1345
44,23,1168
44,24,1257
44,25,1436
44,26,1348
44,27,1323
44,28,1337
44,29,1323
44,30,1257
44,31,1429
44,32,1429
44,33,1525
44,34,1460
44,35,1440
44,36,1463
44,37,1338
44,38,1236
44,39,1283
44,40,1447
44,41,1499
44,42,1431
44,43,1391
44,44,1313
44,45,1216
44,46,1250
44,47,1384
44,48,1393
44,49,1505
44,50,1369
44,51,1314
44,52,1305
44,53,1222
44,54,1377
44,55,1340
44,56,1458
44,57,1386
44,58,1294
44,59,1333
44,60,1290
44,61,1331
44,62,1521
44,63,1562
44,64,1532
44,65,1494
44,66,1418
44,67,1328
44,68,1320
44,69,1431
44,70,1419
44,71,1452
44,72,1401
44,73,1333
44,74,1260
44,75,1202
44,76,1459
44,77,1440
44,78,1398
44,79,1389
44,80,1317
44,81,1274
44,82,1336
44,83,1446
44,84,1402
44,85,1338
44,86,1342
44,87,1271
44,88,1192
44,89,1249
44,90,1416
45,1,1429
45,2,1319
45,3,1373
45,4,1563
45,5,1502
45,6,1455
45,7,1428
45,8,1344
45,9,1294
45,10,1270
45,11,1455
45,12,1504
45,13,1455
45,14,1440
45,15,1355
45,16,1263
45,17,1295
45,18,1480
45,19,1410
45,20,1420
45,21,1439
45,22,1346
45,23,1222
45,24,1252
45,25,1410
45,26,1380
45,27,1377
45,28,1392
45,29,1377
45,30,1316
45,31,1364
45,32,1402
45,33,1513
45,34,1473
45,35,1455
45,36,1448
45,37,1366
45,38,1269
45,39,1327
45,40,1467
45,41,1483
45,42,1454
45,43,1431
45,44,1356
45,45,1259
45,46,1307
45,47,1424
45,48,1442
45,49,1488
45,50,1418
45,51,1349
45,52,1285
45,53,1275
45,54,1415
45,55,1397
45,56,1430
45,57,1439
45,58,1358
45,59,1317
45,60,1345
45,61,1347
45,62,1469
45,63,1519
45,64,1513
45,65,1481
45,66,1391
45,67,1341
45,68,1362
45,69,1454
45,70,1441
45,71,1453
45,72,1432
45,73,1334
45,74,1292
45,75,1256
45,76,1441
45,77,1448
45,78,1453
45,79,1435
45,80,1353
45,81,1273
45,82,1314
45,83,1425
45,84,1394
45,85,1393
45,86,1382
45,87,1327
45,88,1249
45,89,1313
45,90,1435
46,1,1333
46,2,1233
46,3,1270
46,4,1451
46,5,1393
46,6,1351
46,7,1327
46,8,1268
46,9,1230
46,10,1190
46,11,1331
46,12,1373
46,13,1334
46,14,1344
46,15,1278
46,16,1185
46,17,1179
46,18,1359
46,19,1296
46,20,1308
46,21,1340
46,22,1260
46,23,1163
46,24,1155
46,25,1295
46,26,1280
46,27,1292
46,28,1306
46,29,1301
46,30,1245
46,31,1269
46,32,1295
46,33,1394
46,34,1361
46,35,1342
46,36,1327
46,37,1285
46,38,1200
46,39,1206
46,40,1347
46,41,1361
46,42,1344
46,43,1328
46,44,1281
46,45,1189
46,46,1193
46,47,1295
46,48,1327
46,49,1350
46,50,1322
46,51,1264
46,52,1210
46,53,1194
46,54,1316
46,55,1304
46,56,1320
46,57,1355
46,58,1297
46,59,1240
46,60,1251
46,61,1231
46,62,1345
46,63,1395
46,64,1392
46,65,1371
46,66,1302
46,67,1273
46,68,1250
46,69,1328
46,70,1326
46,71,1321
46,72,1326
46,73,1250
46,74,1219
46,75,1162
46,76,1317
46,77,1326
46,78,1343
46,79,1326
46,80,1265
46,81,1196
46,82,1208
46,83,1311
46,84,1298
46,85,1301
46,86,1295
46,87,1260
46,88,1190
46,89,1212
46,90,1321
47,1,1202
47,2,1123
47,3,1144
47,4,1288
47,5,1232
47,6,1197
47,7,1171
47,8,1149
47,9,1122
47,10,1066
47,11,1158
47,12,1210
47,13,1173
47,14,1192
47,15,1157
47,16,1073
47,17,1044
47,18,1181
47,19,1130
47,20,1145
47,21,1183
47,22,1133
47,23,1061
47,24,1042
47,25,1145
47,26,1131
47,27,1149
47,28,1152
47,29,1168
47,30,1127
47,31,1147
47,32,1156
47,33,1232
47,34,1195
47,35,1174
47,36,1167
47,37,1157
47,38,1090
47,39,1064
47,40,1182
47,41,1199
47,42,1180
47,43,1172
47,44,1155
47,45,1077
47,46,1048
47,47,1123
47,48,1157
47,49,1175
47,50,1166
47,51,1134
47,52,1093
47,53,1070
47,54,1172
47,55,1158
47,56,1178
47,57,1215
47,58,1181
47,59,1132
47,60,1120
47,61,1094
47,62,1183
47,63,1234
47,64,1229
47,65,1213
47,66,1174
47,67,1163
47,68,1114
47,69,1161
47,70,1155
47,71,1157
47,72,1155
47,73,1115
47,74,1094
47,75,1038
47,76,1147
47,77,1159
47,78,1169
47,79,1159
47,80,1133
47,81,1082
47,82,1089
47,83,1162
47,84,1153
47,85,1151
47,86,1150
47,87,1139
47,88,1080
47,89,1072
47,90,1154
48,1,1078
48,2,1022
48,3,1021
48,4,1145
48,5,1096
48,6,1059
48,7,1031
48,8,1026
48,9,1008
48,10,961
48,11,1023
48,12,1064
48,13,1032
48,14,1056
48,15,1034
48,16,964
48,17,933
48,18,1019
48,19,995
48,20,1009
48,21,1033
48,22,1007
48,23,960
48,24,947
48,25,1018
48,26,999
48,27,1023
48,28,1016
48,29,1032
48,30,1004
48,31,1034
48,32,1037
48,33,1090
48,34,1053
48,35,1030
48,36,1029
48,37,1023
48,38,978
48,39,946
48,40,1047
48,41,1065
48,42,1038
48,43,1034
48,44,1028
48,45,968
48,46,926
48,47,980
48,48,1008
48,49,1022
48,50,1022
48,51,1017
48,52,984
48,53,961
48,54,1037
48,55,1024
48,56,1046
48,57,1081
48,58,1047
48,59,1016
48,60,1006
48,61,974
48,62,1051
48,63,1092
48,64,1090
48,65,1077
48,66,1043
48,67,1053
48,68,998
48,69,1027
48,70,1018
48,71,1020
48,72,1008
48,73,990
48,74,973
48,75,937
48,76,1012
48,77,1022
48,78,1022
48,79,1015
48,80,1011
48,81,979
48,82,985
48,83,1032
48,84,1028
48,85,1019
48,86,1017
48,87,1018
48,88,974
48,89,953
48,90,1016
49,1,991
49,2,937
49,3,940
49,4,1054
49,5,1009
49,6,977
49,7,947
49,8,943
49,9,918
49,10,899
49,11,948
49,12,976
49,13,950
49,14,966
49,15,948
49,16,877
49,17,860
49,18,920
49,19,914
49,20,926
49,21,939
49,22,918
49,23,887
49,24,882
49,25,943
49,26,919
49,27,943
49,28,923
49,29,929
49,30,906
49,31,951
49,32,954
49,33,1001
49,34,965
49,35,943
49,36,940
49,37,935
49,38,899
49,39,878
49,40,968
49,41,987
49,42,953
49,43,953
49,44,947
49,45,893
49,46,854
49,47,893
49,48,917
49,49,932
49,50,938
49,51,924
49,52,904
49,53,888
49,54,952
49,55,939
49,56,963
49,57,1003
49,58,965
49,59,938
49,60,923
49,61,899
49,62,964
49,63,1002
49,64,1007
49,65,990
49,66,948
49,67,972
49,68,929
49,69,948
49,70,941
49,71,949
49,72,917
49,73,897
49,74,881
49,75,868
49,76,930
49,77,936
49,78,932
49,79,926
49,80,920
49,81,899
49,82,913
49,83,950
49,84,949
49,85,939
49,86,933
49,87,934
49,88,898
49,89,878
49,90,934
50,1,944
50,2,831
50,3,906
50,4,1011
50,5,965
50,6,941
50,7,907
50,8,902
50,9,867
50,10,878
50,11,908
50,12,938
50,13,909
50,14,926
50,15,901
50,16,829
50,17,831
50,18,884
50,19,875
50,20,884
50,21,888
50,22,867
50,23,849
50,24,851
50,25,902
50,26,877
50,27,906
50,28,872
50,29,865
50,30,854
50,31,822
50,32,912
50,33,955
50,34,926
50,35,899
50,36,897
50,37,890
50,38,859
50,39,843
50,40,931
50,41,948
50,42,912
50,43,918
50,44,902
50,45,853
50,46,822
50,47,859
50,48,872
50,49,888
50,50,898
50,51,872
50,52,849
50,53,856
50,54,915
50,55,899
50,56,913
50,57,957
50,58,907
50,59,894
50,60,888
50,61,867
50,62,926
50,63,965
50,64,971
50,65,952
50,66,903
50,67,924
50,68,904
50,69,913
50,70,901
50,71,918
50,72,870
50,73,846
50,74,823
50,75,842
50,76,892
50,77,897
50,78,885
50,79,884
50,80,872
50,81,855
50,82,885
50,83,908
50,84,913
50,85,896
50,86,893
50,87,891
50,88,857
50,89,846
50,90,892
51,1,919
51,2,895
51,3,898
51,4,995
51,5,946
51,6,927
51,7,891
51,8,882
51,9,848
51,10,868
51,11,896
51,12,917
51,13,893
51,14,913
51,15,882
51,16,800
51,17,819
51,18,870
51,19,862
51,20,860
51,21,864
51,22,843
51,23,826
51,24,839
51,25,885
51,26,861
51,27,893
51,28,848
51,29,832
51,30,823
51,31,910
51,32,900
51,33,935
51,34,901
51,35,879
51,36,873
51,37,865
51,38,840
51,39,836
51,40,919
51,41,933
51,42,893
51,43,902
51,44,883
51,45,837
51,46,808
51,47,847
51,48,852
51,49,862
51,50,879
51,51,852
51,52,826
51,53,839
51,54,892
51,55,873
51,56,893
51,57,933
51,58,881
51,59,867
51,60,878
51,61,858
51,62,912
51,63,945
51,64,954
51,65,932
51,66,874
51,67,904
51,68,894
51,69,897
51,70,886
51,71,872
51,72,847
51,73,818
51,74,795
51,75,835
51,76,872
51,77,876
51,78,867
51,79,861
51,80,850
51,81,833
51,82,870
51,83,888
51,84,897
51,85,874
51,86,874
51,87,870
51,88,840
51,89,836
51,90,872
52,1,917
52,2,875
52,3,905
52,4,995
52,5,944
52,6,933
52,7,895
52,8,876
52,9,842
52,10,874
52,11,895
52,12,913
52,13,893
52,14,922
52,15,877
52,16,790
52,17,821
52,18,857
52,19,866
52,20,862
52,21,860
52,22,837
52,23,821
52,24,846
52,25,883
52,26,861
52,27,892
52,28,848
52,29,821
52,30,806
52,31,892
52,32,905
52,33,937
52,34,906
52,35,878
52,36,869
52,37,863
52,38,832
52,39,844
52,40,922
52,41,936
52,42,896
52,43,906
52,44,877
52,45,830
52,46,814
52,47,849
52,48,843
52,49,856
52,50,884
52,51,849
52,52,810
52,53,844
52,54,892
52,55,867
52,56,896
52,57,932
52,58,869
52,59,842
52,60,883
52,61,865
52,62,908
52,63,955
52,64,959
52,65,936
52,66,863
52,67,892
52,68,903
52,69,901
52,70,889
52,71,867
52,72,849
52,73,810
52,74,781
52,75,843
52,76,880
52,77,882
52,78,861
52,79,859
52,80,846
52,81,825
52,82,872
52,83,888
52,84,897
52,85,876
52,86,875
52,87,864
52,88,834
52,89,844
52,90,875
53,1,929
53,2,872
53,3,948
53,4,1033
53,5,979
53,6,973
53,7,927
53,8,890
53,9,851
53,10,919
53,11,937
53,12,945
53,13,928
53,14,962
53,15,891
53,16,793
53,17,866
53,18,891
53,19,910
53,20,894
53,21,891
53,22,856
53,23,839
53,24,889
53,25,912
53,26,893
53,27,925
53,28,874
53,29,830
53,30,810
53,31,883
53,32,941
53,33,975
53,34,942
53,35,916
53,36,908
53,37,879
53,38,844
53,39,884
53,40,964
53,41,977
53,42,935
53,43,950
53,44,894
53,45,841
53,46,853
53,47,890
53,48,873
53,49,889
53,50,921
53,51,862
53,52,820
53,53,883
53,54,930
53,55,894
53,56,939
53,57,968
53,58,882
53,59,845
53,60,925
53,61,911
53,62,945
53,63,995
53,64,997
53,65,971
53,66,873
53,67,903
53,68,948
53,69,946
53,70,934
53,71,895
53,72,885
53,73,816
53,74,783
53,75,884
53,76,915
53,77,917
53,78,894
53,79,896
53,80,859
53,81,830
53,82,907
53,83,925
53,84,937
53,85,912
53,86,910
53,87,878
53,88,843
53,89,886
53,90,909
54,1,964
54,2,883
54,3,1076
54,4,1154
54,5,1103
54,6,1097
54,7,1038
54,8,930
54,9,878
54,10,1052
54,11,1061
54,12,1070
54,13,1051
54,14,1084
54,15,940
54,16,814
54,17,986
54,18,995
54,19,1029
54,20,1014
54,21,999
54,22,899
54,23,863
54,24,999
54,25,1014
54,26,998
54,27,1017
54,28,947
54,29,859
54,30,826
54,31,895
54,32,1056
54,33,1095
54,34,1061
54,35,1038
54,36,1023
54,37,923
54,38,871
54,39,1019
54,40,1090
54,41,1098
54,42,1066
54,43,1070
54,44,940
54,45,874
54,46,970
54,47,1010
54,48,986
54,49,997
54,50,1036
54,51,903
54,52,844
54,53,986
54,54,1028
54,55,993
54,56,1025
54,57,1060
54,58,911
54,59,866
54,60,1043
54,61,1037
54,62,1064
54,63,1117
54,64,1121
54,65,1088
54,66,919
54,67,931
54,68,1081
54,69,1075
54,70,1058
54,71,1019
54,72,979
54,73,853
54,74,810
54,75,999
54,76,1026
54,77,1025
54,78,1005
54,79,998
54,80,897
54,81,854
54,82,1016
54,83,1024
54,84,1041
54,85,1010
54,86,1009
54,87,916
54,88,863
54,89,1009
54,90,1027
55,1,1042
55,2,921
55,3,1295
55,4,1353
55,5,1308
55,6,1299
55,7,1225
55,8,997
55,9,924
55,10,1255
55,11,1287
55,12,1289
55,13,1264
55,14,1279
55,15,1007
55,16,851
55,17,1162
55,18,1158
55,19,1205
55,20,1197
55,21,1181
55,22,956
55,23,892
55,24,1153
55,25,1172
55,26,1153
55,27,1158
55,28,1087
55,29,909
55,30,851
55,31,937
55,32,1278
55,33,1292
55,34,1277
55,35,1242
55,36,1221
55,37,985
55,38,914
55,39,1230
55,40,1290
55,41,1298
55,42,1261
55,43,1267
55,44,1013
55,45,911
55,46,1159
55,47,1199
55,48,1167
55,49,1195
55,50,1215
55,51,972
55,52,882
55,53,1148
55,54,1180
55,55,1149
55,56,1182
55,57,1185
55,58,979
55,59,903
55,60,1238
55,61,1246
55,62,1289
55,63,1317
55,64,1324
55,65,1283
55,66,1003
55,67,984
55,68,1293
55,69,1281
55,70,1262
55,71,1227
55,72,1159
55,73,928
55,74,851
55,75,1190
55,76,1210
55,77,1215
55,78,1192
55,79,1180
55,80,968
55,81,900
55,82,1177
55,83,1173
55,84,1195
55,85,1157
55,86,1151
55,87,982
55,88,905
55,89,1209
55,90,1229
56,1,1163
56,2,981
56,3,1428
56,4,1462
56,5,1423
56,6,1409
56,7,1341
56,8,1112
56,9,1025
56,10,1382
56,11,1433
56,12,1417
56,13,1392
56,14,1392
56,15,1121
56,16,950
56,17,1299
56,18,1289
56,19,1338
56,20,1333
56,21,1327
56,22,1067
56,23,984
56,24,1302
56,25,1306
56,26,1283
56,27,1283
56,28,1234
56,29,1032
56,30,952
56,31,1002
56,32,1413
56,33,1407
56,34,1401
56,35,1358
56,36,1352
56,37,1101
56,38,1004
56,39,1358
56,40,1411
56,41,1416
56,42,1374
56,43,1385
56,44,1131
56,45,1007
56,46,1301
56,47,1327
56,48,1308
56,49,1322
56,50,1339
56,51,1090
56,52,974
56,53,1294
56,54,1301
56,55,1291
56,56,1327
56,57,1315
56,58,1095
56,59,996
56,60,1366
56,61,1367
56,62,1438
56,63,1424
56,64,1431
56,65,1399
56,66,1123
56,67,1077
56,68,1409
56,69,1396
56,70,1377
56,71,1358
56,72,1284
56,73,1047
56,74,959
56,75,1325
56,76,1331
56,77,1342
56,78,1320
56,79,1309
56,80,1088
56,81,988
56,82,1323
56,83,1301
56,84,1319
56,85,1285
56,86,1280
56,87,1087
56,88,994
56,89,1341
56,90,1366
57,1,1279
57,2,1076
57,3,1467
57,4,1476
57,5,1428
57,6,1410
57,7,1366
57,8,1224
57,9,1135
57,10,1409
57,11,1469
57,12,1432
57,13,1411
57,14,1410
57,15,1224
57,16,1068
57,17,1344
57,18,1333
57,19,1368
57,20,1372
57,21,1374
57,22,1172
57,23,1084
57,24,1387
57,25,1366
57,26,1334
57,27,1340
57,28,1311
57,29,1152
57,30,1075
57,31,1101
57,32,1449
57,33,1416
57,34,1414
57,35,1380
57,36,1379
57,37,1211
57,38,1107
57,39,1385
57,40,1424
57,41,1432
57,42,1386
57,43,1398
57,44,1231
57,45,1116
57,46,1355
57,47,1357
57,48,1359
57,49,1350
57,50,1370
57,51,1219
57,52,1092
57,53,1369
57,54,1350
57,55,1368
57,56,1394
57,57,1381
57,58,1200
57,59,1110
57,60,1385
57,61,1390
57,62,1476
57,63,1440
57,64,1445
57,65,1430
57,66,1246
57,67,1175
57,68,1420
57,69,1399
57,70,1393
57,71,1388
57,72,1327
57,73,1185
57,74,1081
57,75,1367
57,76,1367
57,77,1371
57,78,1365
57,79,1354
57,80,1195
57,81,1106
57,82,1395
57,83,1352
57,84,1368
57,85,1338
57,86,1340
57,87,1183
57,88,1093
57,89,1377
57,90,1410
58,1,1352
58,2,1172
58,3,1491
58,4,1473
58,5,1427
58,6,1404
58,7,1367
58,8,1282
58,9,1201
58,10,1407
58,11,1492
58,12,1442
58,13,1416
58,14,1407
58,15,1277
58,16,1147
58,17,1373
58,18,1356
58,19,1380
58,20,1388
58,21,1404
58,22,1229
58,23,1147
58,24,1431
58,25,1393
58,26,1361
58,27,1361
58,28,1359
58,29,1223
58,30,1164
58,31,1202
58,32,1459
58,33,1420
58,34,1417
58,35,1390
58,36,1394
58,37,1272
58,38,1180
58,39,1393
58,40,1429
58,41,1438
58,42,1387
58,43,1398
58,44,1274
58,45,1176
58,46,1381
58,47,1370
58,48,1398
58,49,1370
58,50,1383
58,51,1313
58,52,1194
58,53,1403
58,54,1369
58,55,1414
58,56,1435
58,57,1409
58,58,1268
58,59,1210
58,60,1361
58,61,1393
58,62,1494
58,63,1436
58,64,1448
58,65,1439
58,66,1323
58,67,1238
58,68,1419
58,69,1399
58,70,1404
58,71,1402
58,72,1344
58,73,1267
58,74,1159
58,75,1385
58,76,1382
58,77,1392
58,78,1388
58,79,1374
58,80,1251
58,81,1204
58,82,1434
58,83,1381
58,84,1386
58,85,1366
58,86,1361
58,87,1236
58,88,1162
58,89,1393
58,90,1428
59,1,1368
59,2,1229
59,3,1513
59,4,1468
59,5,1426
59,6,1396
59,7,1361
59,8,1289
59,9,1216
59,10,1411
59,11,1511
59,12,1443
59,13,1426
59,14,1404
59,15,1282
59,16,1172
59,17,1401
59,18,1376
59,19,1387
59,20,1405
59,21,1424
59,22,1246
59,23,1163
59,24,1458
59,25,1410
59,26,1376
59,27,1382
59,28,1397
59,29,1258
59,30,1214
59,31,1267
59,32,1471
59,33,1428
59,34,1424
59,35,1404
59,36,1404
59,37,1282
59,38,1204
59,39,1410
59,40,1429
59,41,1437
59,42,1392
59,43,1399
59,44,1270
59,45,1189
59,46,1396
59,47,1394
59,48,1444
59,49,1387
59,50,1389
59,51,1350
59,52,1249
59,53,1426
59,54,1383
59,55,1445
59,56,1456
59,57,1422
59,58,1286
59,59,1272
59,60,1380
59,61,1403
59,62,1518
59,63,1444
59,64,1452
59,65,1445
59,66,1350
59,67,1249
59,68,1427
59,69,1405
59,70,1417
59,71,1422
59,72,1360
59,73,1293
59,74,1179
59,75,1411
59,76,1402
59,77,1411
59,78,1413
59,79,1391
59,80,1262
59,81,1255
59,82,1460
59,83,1388
59,84,1394
59,85,1381
59,86,1377
59,87,1245
59,88,1189
59,89,1413
59,90,1451
60,1,1358
60,2,1265
60,3,1519
60,4,1462
60,5,1410
60,6,1384
60,7,1348
60,8,1273
60,9,1210
60,10,1403
60,11,1508
60,12,1444
60,13,1422
60,14,1391
60,15,1252
60,16,1172
60,17,1415
60,18,1378
60,19,1386
60,20,1408
60,21,1421
60,22,1236
60,23,1159
60,24,1465
60,25,1409
60,26,1378
60,27,1381
60,28,1419
60,29,1266
60,30,1233
60,31,1305
60,32,1473
60,33,1415
60,34,1420
60,35,1401
60,36,1397
60,37,1260
60,38,1205
60,39,1405
60,40,1421
60,41,1428
60,42,1384
60,43,1380
60,44,1248
60,45,1183
60,46,1401
60,47,1396
60,48,1470
60,49,1384
60,50,1377
60,51,1342
60,52,1274
60,53,1431
60,54,1391
60,55,1460
60,56,1457
60,57,1419
60,58,1293
60,59,1297
60,60,1381
60,61,1402
60,62,1521
60,63,1440
60,64,1449
60,65,1426
60,66,1342
60,67,1245
60,68,1420
60,69,1400
60,70,1420
60,71,1423
60,72,1362
60,73,1283
60,74,1185
60,75,1411
60,76,1407
60,77,1410
60,78,1413
60,79,1383
60,80,1252
60,81,1286
60,82,1460
60,83,1393
60,84,1388
60,85,1377
60,86,1369
60,87,1230
60,88,1194
60,89,1415
60,90,1458
61,1,1335
61,2,1280
61,3,1498
61,4,1441
61,5,1387
61,6,1365
61,7,1325
61,8,1239
61,9,1179
61,10,1385
61,11,1495
61,12,1427
61,13,1394
61,14,1366
61,15,1221
61,16,1160
61,17,1417
61,18,1364
61,19,1374
61,20,1405
61,21,1408
61,22,1204
61,23,1142
61,24,1444
61,25,1392
61,26,1357
61,27,1368
61,28,1420
61,29,1256
61,30,1243
61,31,1313
61,32,1456
61,33,1402
61,34,1402
61,35,1389
61,36,1376
61,37,1227
61,38,1188
61,39,1388
61,40,1404
61,41,1402
61,42,1373
61,43,1359
61,44,1211
61,45,1171
61,46,1387
61,47,1385
61,48,1480
61,49,1372
61,50,1360
61,51,1332
61,52,1273
61,53,1414
61,54,1381
61,55,1452
61,56,1445
61,57,1394
61,58,1287
61,59,1306
61,60,1372
61,61,1388
61,62,1502
61,63,1430
61,64,1426
61,65,1394
61,66,1317
61,67,1226
61,68,1395
61,69,1388
61,70,1403
61,71,1412
61,72,1344
61,73,1261
61,74,1171
61,75,1401
61,76,1395
61,77,1400
61,78,1410
61,79,1363
61,80,1232
61,81,1284
61,82,1447
61,83,1384
61,84,1373
61,85,1366
61,86,1345
61,87,1206
61,88,1183
61,89,1405
61,90,1447
62,1,1310
62,2,1271
62,3,1475
62,4,1426
62,5,1385
62,6,1354
62,7,1313
62,8,1206
62,9,1121
62,10,1373
62,11,1487
62,12,1425
62,13,1381
62,14,1348
62,15,1193
62,16,1145
62,17,1428
62,18,1366
62,19,1369
62,20,1418
62,21,1395
62,22,1169
62,23,1118
62,24,1434
62,25,1388
62,26,1350
62,27,1370
62,28,1428
62,29,1243
62,30,1238
62,31,1291
62,32,1453
62,33,1387
62,34,1392
62,35,1383
62,36,1359
62,37,1194
62,38,1164
62,39,1375
62,40,1393
62,41,1387
62,42,1363
62,43,1350
62,44,1180
62,45,1150
62,46,1384
62,47,1392
62,48,1487
62,49,1363
62,50,1350
62,51,1306
62,52,1239
62,53,1404
62,54,1378
62,55,1448
62,56,1434
62,57,1379
62,58,1282
62,59,1289
62,60,1369
62,61,1383
62,62,1489
62,63,1433
62,64,1415
62,65,1387
62,66,1284
62,67,1194
62,68,1387
62,69,1380
62,70,1407
62,71,1410
62,72,1342
62,73,1237
62,74,1127
62,75,1388
62,76,1397
62,77,1405
62,78,1416
62,79,1360
62,80,1206
62,81,1266
62,82,1437
62,83,1383
62,84,1367
62,85,1364
62,86,1339
62,87,1177
62,88,1160
62,89,1398
62,90,1446
63,1,1287
63,2,1248
63,3,1446
63,4,1396
63,5,1355
63,6,1332
63,7,1292
63,8,1174
63,9,1066
63,10,1346
63,11,1469
63,12,1411
63,13,1355
63,14,1319
63,15,1159
63,16,1122
63,17,1429
63,18,1353
63,19,1349
63,20,1414
63,21,1364
63,22,1138
63,23,1094
63,24,1408
63,25,1358
63,26,1329
63,27,1360
63,28,1419
63,29,1234
63,30,1226
63,31,1279
63,32,1431
63,33,1367
63,34,1371
63,35,1368
63,36,1336
63,37,1165
63,38,1142
63,39,1351
63,40,1378
63,41,1361
63,42,1346
63,43,1321
63,44,1152
63,45,1125
63,46,1367
63,47,1384
63,48,1478
63,49,1351
63,50,1333
63,51,1277
63,52,1206
63,53,1383
63,54,1362
63,55,1434
63,56,1407
63,57,1357
63,58,1279
63,59,1272
63,60,1344
63,61,1374
63,62,1465
63,63,1422
63,64,1390
63,65,1375
63,66,1259
63,67,1164
63,68,1363
63,69,1363
63,70,1391
63,71,1395
63,72,1328
63,73,1211
63,74,1084
63,75,1372
63,76,1389
63,77,1391
63,78,1408
63,79,1335
63,80,1185
63,81,1247
63,82,1423
63,83,1370
63,84,1343
63,85,1345
63,86,1312
63,87,1156
63,88,1143
63,89,1384
63,90,1428
64,1,1280
64,2,1239
64,3,1429
64,4,1378
64,5,1335
64,6,1316
64,7,1274
64,8,1159
64,9,1038
64,10,1338
64,11,1474
64,12,1409
64,13,1334
64,14,1295
64,15,1150
64,16,1115
64,17,1420
64,18,1341
64,19,1335
64,20,1401
64,21,1347
64,22,1113
64,23,1091
64,24,1391
64,25,1338
64,26,1307
64,27,1350
64,28,1401
64,29,1232
64,30,1228
64,31,1278
64,32,1423
64,33,1353
64,34,1354
64,35,1359
64,36,1312
64,37,1149
64,38,1133
64,39,1337
64,40,1372
64,41,1339
64,42,1324
64,43,1295
64,44,1135
64,45,1119
64,46,1351
64,47,1383
64,48,1466
64,49,1331
64,50,1309
64,51,1272
64,52,1182
64,53,1364
64,54,1338
64,55,1420
64,56,1391
64,57,1333
64,58,1280
64,59,1247
64,60,1378
64,61,1378
64,62,1461
64,63,1425
64,64,1382
64,65,1378
64,66,1255
64,67,1152
64,68,1345
64,69,1348
64,70,1372
64,71,1376
64,72,1302
64,73,1196
64,74,1055
64,75,1351
64,76,1374
64,77,1373
64,78,1389
64,79,1310
64,80,1175
64,81,1251
64,82,1397
64,83,1357
64,84,1318
64,85,1327
64,86,1285
64,87,1143
64,88,1143
64,89,1361
64,90,1422
65,1,1302
65,2,1249
65,3,1439
65,4,1378
65,5,1336
65,6,1314
65,7,1272
65,8,1161
65,9,1034
65,10,1339
65,11,1499
65,12,1423
65,13,1332
65,14,1280
65,15,1162
65,16,1136
65,17,1414
65,18,1338
65,19,1334
65,20,1399
65,21,1349
65,22,1110
65,23,1119
65,24,1409
65,25,1329
65,26,1302
65,27,1344
65,28,1388
65,29,1238
65,30,1251
65,31,1299
65,32,1431
65,33,1350
65,34,1348
65,35,1364
65,36,1297
65,37,1153
65,38,1153
65,39,1344
65,40,1396
65,41,1338
65,42,1320
65,43,1280
65,44,1142
65,45,1138
65,46,1345
65,47,1380
65,48,1459
65,49,1327
65,50,1291
65,51,1282
65,52,1176
65,53,1367
65,54,1341
65,55,1438
65,56,1388
65,57,1320
65,58,1303
65,59,1233
65,60,1394
65,61,1404
65,62,1483
65,63,1437
65,64,1387
65,65,1401
65,66,1263
65,67,1169
65,68,1334
65,69,1337
65,70,1370
65,71,1364
65,72,1291
65,73,1196
65,74,1051
65,75,1355
65,76,1370
65,77,1370
65,78,1375
65,79,1301
65,80,1188
65,81,1275
65,82,1400
65,83,1357
65,84,1315
65,85,1313
65,86,1272
65,87,1149
65,88,1163
65,89,1357
65,90,1450
66,1,1344
66,2,1307
66,3,1474
66,4,1391
66,5,1355
66,6,1333
66,7,1271
66,8,1178
66,9,1051
66,10,1369
66,11,1543
66,12,1444
66,13,1335
66,14,1269
66,15,1185
66,16,1173
66,17,1405
66,18,1339
66,19,1341
66,20,1388
66,21,1352
66,22,1124
66,23,1171
66,24,1437
66,25,1327
66,26,1301
66,27,1331
66,28,1353
66,29,1256
66,30,1287
66,31,1335
66,32,1447
66,33,1360
66,34,1352
66,35,1375
66,36,1289
66,37,1169
66,38,1187
66,39,1367
66,40,1438
66,41,1345
66,42,1325
66,43,1270
66,44,1158
66,45,1172
66,46,1345
66,47,1372
66,48,1451
66,49,1327
66,50,1281
66,51,1296
66,52,1188
66,53,1363
66,54,1332
66,55,1462
66,56,1389
66,57,1305
66,58,1332
66,59,1241
66,60,1426
66,61,1451
66,62,1519
66,63,1462
66,64,1399
66,65,1429
66,66,1281
66,67,1208
66,68,1345
66,69,1350
66,70,1372
66,71,1361
66,72,1288
66,73,1202
66,74,1069
66,75,1382
66,76,1384
66,77,1359
66,78,1361
66,79,1290
66,80,1223
66,81,1313
66,82,1416
66,83,1370
66,84,1314
66,85,1310
66,86,1260
66,87,1161
66,88,1200
66,89,1370
66,90,1481
67,1,1393
67,2,1352
67,3,1506
67,4,1410
67,5,1362
67,6,1358
67,7,1266
67,8,1194
67,9,1090
67,10,1407
67,11,1558
67,12,1456
67,13,1337
67,14,1260
67,15,1208
67,16,1219
67,17,1396
67,18,1336
67,19,1338
67,20,1370
67,21,1335
67,22,1128
67,23,1216
67,24,1435
67,25,1323
67,26,1291
67,27,1318
67,28,1322
67,29,1245
67,30,1307
67,31,1370
67,32,1464
67,33,1374
67,34,1363
67,35,1400
67,36,1286
67,37,1178
67,38,1210
67,39,1385
67,40,1461
67,41,1361
67,42,1333
67,43,1267
67,44,1162
67,45,1187
67,46,1342
67,47,1357
67,48,1455
67,49,1327
67,50,1272
67,51,1301
67,52,1195
67,53,1356
67,54,1320
67,55,1460
67,56,1375
67,57,1291
67,58,1336
67,59,1254
67,60,1460
67,61,1486
67,62,1536
67,63,1481
67,64,1430
67,65,1421
67,66,1291
67,67,1239
67,68,1359
67,69,1356
67,70,1387
67,71,1352
67,72,1291
67,73,1208
67,74,1113
67,75,1413
67,76,1401
67,77,1356
67,78,1350
67,79,1278
67,80,1243
67,81,1322
67,82,1421
67,83,1378
67,84,1312
67,85,1314
67,86,1250
67,87,1168
67,88,1210
67,89,1391
67,90,1479
68,1,1377
68,2,1393
68,3,1569
68,4,1489
68,5,1433
68,6,1425
68,7,1315
68,8,1257
68,9,1214
68,10,1470
68,11,1563
68,12,1484
68,13,1399
68,14,1306
68,15,1254
68,16,1290
68,17,1441
68,18,1372
68,19,1382
68,20,1397
68,21,1345
68,22,1168
68,23,1257
68,24,1436
68,25,1348
68,26,1323
68,27,1337
68,28,1323
68,29,1257
68,30,1329
68,31,1429
68,32,1525
68,33,1460
68,34,1440
68,35,1463
68,36,1338
68,37,1236
68,38,1283
68,39,1447
68,40,1499
68,41,1431
68,42,1391
68,43,1313
68,44,1216
68,45,1250
68,46,1384
68,47,1393
68,48,1505
68,49,1369
68,50,1314
68,51,1305
68,52,1222
68,53,1377
68,54,1340
68,55,1458
68,56,1386
68,57,1294
68,58,1333
68,59,1290
68,60,1464
68,61,1521
68,62,1562
68,63,1532
68,64,1494
68,65,1418
68,66,1328
68,67,1320
68,68,1431
68,69,1419
68,70,1452
68,71,1401
68,72,1333
68,73,1260
68,74,1202
68,75,1459
68,76,1440
68,77,1398
68,78,1389
68,79,1317
68,80,1274
68,81,1336
68,82,1446
68,83,1402
68,84,1338
68,85,1342
68,86,1271
68,87,1192
68,88,1249
68,89,1416
68,90,1484
69,1,1319
69,2,1373
69,3,1563
69,4,1502
69,5,1455
69,6,1428
69,7,1344
69,8,1294
69,9,1270
69,10,1455
69,11,1504
69,12,1455
69,13,1440
69,14,1355
69,15,1263
69,16,1295
69,17,1480
69,18,1410
69,19,1420
69,20,1439
69,21,1346
69,22,1222
69,23,1252
69,24,1410
69,25,1380
69,26,1377
69,27,1392
69,28,1377
69,29,1316
69,30,1337
69,31,1402
69,32,1513
69,33,1473
69,34,1455
69,35,1448
69,36,1366
69,37,1269
69,38,1327
69,39,1467
69,40,1483
69,41,1454
69,42,1431
69,43,1356
69,44,1259
69,45,1307
69,46,1424
69,47,1442
69,48,1488
69,49,1418
69,50,1349
69,51,1285
69,52,1275
69,53,1415
69,54,1397
69,55,1430
69,56,1439
69,57,1358
69,58,1317
69,59,1345
69,60,1468
69,61,1469
69,62,1519
69,63,1513
69,64,1481
69,65,1391
69,66,1341
69,67,1362
69,68,1454
69,69,1441
69,70,1453
69,71,1432
69,72,1334
69,73,1292
69,74,1256
69,75,1441
69,76,1448
69,77,1453
69,78,1435
69,79,1353
69,80,1273
69,81,1314
69,82,1425
69,83,1394
69,84,1393
69,85,1382
69,86,1327
69,87,1249
69,88,1313
69,89,1435
69,90,1458
70,1,1233
70,2,1270
70,3,1451
70,4,1393
70,5,1351
70,6,1327
70,7,1268
70,8,1230
70,9,1190
70,10,1331
70,11,1373
70,12,1334
70,13,1344
70,14,1278
70,15,1185
70,16,1179
70,17,1359
70,18,1296
70,19,1308
70,20,1340
70,21,1260
70,22,1163
70,23,1155
70,24,1295
70,25,1280
70,26,1292
70,27,1306
70,28,1301
70,29,1245
70,30,1230
70,31,1295
70,32,1394
70,33,1361
70,34,1342
70,35,1327
70,36,1285
70,37,1200
70,38,1206
70,39,1347
70,40,1361
70,41,1344
70,42,1328
70,43,1281
70,44,1189
70,45,1193
70,46,1295
70,47,1327
70,48,1350
70,49,1322
70,50,1264
70,51,1210
70,52,1194
70,53,1316
70,54,1304
70,55,1320
70,56,1355
70,57,1297
70,58,1240
70,59,1251
70,60,1351
70,61,1345
70,62,1395
70,63,1392
70,64,1371
70,65,1302
70,66,1273
70,67,1250
70,68,1328
70,69,1326
70,70,1321
70,71,1326
70,72,1250
70,73,1219
70,74,1162
70,75,1317
70,76,1326
70,77,1343
70,78,1326
70,79,1265
70,80,1196
70,81,1208
70,82,1311
70,83,1298
70,84,1301
70,85,1295
70,86,1260
70,87,1190
70,88,1212
70,89,1321
70,90,1339
71,1,1123
71,2,1144
71,3,1288
71,4,1232
71,5,1197
71,6,1171
71,7,1149
71,8,1122
71,9,1066
71,10,1158
71,11,1210
71,12,1173
71,13,1192
71,14,1157
71,15,1073
71,16,1044
71,17,1181
71,18,1130
71,19,1145
71,20,1183
71,21,1133
71,22,1061
71,23,1042
71,24,1145
71,25,1131
71,26,1149
71,27,1152
71,28,1168
71,29,1127
71,30,1097
71,31,1156
71,32,1232
71,33,1195
71,34,1174
71,35,1167
71,36,1157
71,37,1090
71,38,1064
71,39,1182
71,40,1199
71,41,1180
71,42,1172
71,43,1155
71,44,1077
71,45,1048
71,46,1123
71,47,1157
71,48,1175
71,49,1166
71,50,1134
71,51,1093
71,52,1070
71,53,1172
71,54,1158
71,55,1178
71,56,1215
71,57,1181
71,58,1132
71,59,1120
71,60,1188
71,61,1183
71,62,1234
71,63,1229
71,64,1213
71,65,1174
71,66,1163
71,67,1114
71,68,1161
71,69,1155
71,70,1157
71,71,1155
71,72,1115
71,73,1094
71,74,1038
71,75,1147
71,76,1159
71,77,1169
71,78,1159
71,79,1133
71,80,1082
71,81,1089
71,82,1162
71,83,1153
71,84,1151
71,85,1150
71,86,1139
71,87,1080
71,88,1072
71,89,1154
71,90,1171
72,1,1022
72,2,1021
72,3,1145
72,4,1096
72,5,1059
72,6,1031
72,7,1026
72,8,1008
72,9,961
72,10,1023
72,11,1064
72,12,1032
72,13,1056
72,14,1034
72,15,964
72,16,933
72,17,1019
72,18,995
72,19,1009
72,20,1033
72,21,1007
72,22,960
72,23,947
72,24,1018
72,25,999
72,26,1023
72,27,1016
72,28,1032
72,29,1004
72,30,980
72,31,1037
72,32,1090
72,33,1053
72,34,1030
72,35,1029
72,36,1023
72,37,978
72,38,946
72,39,1047
72,40,1065
72,41,1038
72,42,1034
72,43,1028
72,44,968
72,45,926
72,46,980
72,47,1008
72,48,1022
72,49,1022
72,50,1017
72,51,984
72,52,961
72,53,1037
72,54,1024
72,55,1046
72,56,1081
72,57,1047
72,58,1016
72,59,1006
72,60,1049
72,61,1051
72,62,1092
72,63,1090
72,64,1077
72,65,1043
72,66,1053
72,67,998
72,68,1027
72,69,1018
72,70,1020
72,71,1008
72,72,990
72,73,973
72,74,937
72,75,1012
72,76,1022
72,77,1022
72,78,1015
72,79,1011
72,80,979
72,81,985
72,82,1032
72,83,1028
72,84,1019
72,85,1017
72,86,1018
72,87,974
72,88,953
72,89,1016
72,90,1037
73,1,937
73,2,940
73,3,1054
73,4,1009
73,5,977
73,6,947
73,7,943
73,8,918
73,9,899
73,10,948
73,11,976
73,12,950
73,13,966
73,14,948
73,15,877
73,16,860
73,17,920
73,18,914
73,19,926
73,20,939
73,21,918
73,22,887
73,23,882
73,24,943
73,25,919
73,26,943
73,27,923
73,28,929
73,29,906
73,30,902
73,31,954
73,32,1001
73,33,965
73,34,943
73,35,940
73,36,935
73,37,899
73,38,878
73,39,968
73,40,987
73,41,953
73,42,953
73,43,947
73,44,893
73,45,854
73,46,893
73,47,917
73,48,932
73,49,938
73,50,924
73,51,904
73,52,888
73,53,952
73,54,939
73,55,963
73,56,1003
73,57,965
73,58,938
73,59,923
73,60,962
73,61,964
73,62,1002
73,63,1007
73,64,990
73,65,948
73,66,972
73,67,929
73,68,948
73,69,941
73,70,949
73,71,917
73,72,897
73,73,881
73,74,868
73,75,930
73,76,936
73,77,932
73,78,926
73,79,920
73,80,899
73,81,913
73,82,950
73,83,949
73,84,939
73,85,933
73,86,934
73,87,898
73,88,878
73,89,934
73,90,957
74,1,831
74,2,906
74,3,1011
74,4,965
74,5,941
74,6,907
74,7,902
74,8,867
74,9,878
74,10,908
74,11,938
74,12,909
74,13,926
74,14,901
74,15,829
74,16,831
74,17,884
74,18,875
74,19,884
74,20,888
74,21,867
74,22,849
74,23,851
74,24,902
74,25,877
74,26,906
74,27,872
74,28,865
74,29,854
74,30,870
74,31,912
74,32,955
74,33,926
74,34,899
74,35,897
74,36,890
74,37,859
74,38,843
74,39,931
74,40,948
74,41,912
74,42,918
74,43,902
74,44,853
74,45,822
74,46,859
74,47,872
74,48,888
74,49,898
74,50,872
74,51,849
74,52,856
74,53,915
74,54,899
74,55,913
74,56,957
74,57,907
74,58,894
74,59,888
74,60,924
74,61,926
74,62,965
74,63,971
74,64,952
74,65,903
74,66,924
74,67,904
74,68,913
74,69,901
74,70,918
74,71,870
74,72,846
74,73,823
74,74,842
74,75,892
74,76,897
74,77,885
74,78,884
74,79,872
74,80,855
74,81,885
74,82,908
74,83,913
74,84,896
74,85,893
74,86,891
74,87,857
74,88,846
74,89,892
74,90,914
75,1,895
75,2,898
75,3,995
75,4,946
75,5,927
75,6,891
75,7,882
75,8,848
75,9,868
75,10,896
75,11,917
75,12,893
75,13,913
75,14,882
75,15,800
75,16,819
75,17,870
75,18,862
75,19,860
75,20,864
75,21,843
75,22,826
75,23,839
75,24,885
75,25,861
75,26,893
75,27,848
75,28,832
75,29,823
75,30,854
75,31,900
75,32,935
75,33,901
75,34,879
75,35,873
75,36,865
75,37,840
75,38,836
75,39,919
75,40,933
75,41,893
75,42,902
75,43,883
75,44,837
75,45,808
75,46,847
75,47,852
75,48,862
75,49,879
75,50,852
75,51,826
75,52,839
75,53,892
75,54,873
75,55,893
75,56,933
75,57,881
75,58,867
75,59,878
75,60,908
75,61,912
75,62,945
75,63,954
75,64,932
75,65,874
75,66,904
75,67,894
75,68,897
75,69,886
75,70,872
75,71,847
75,72,818
75,73,795
75,74,835
75,75,872
75,76,876
75,77,867
75,78,861
75,79,850
75,80,833
75,81,870
75,82,888
75,83,897
75,84,874
75,85,874
75,86,870
75,87,840
75,88,836
75,89,872
75,90,892
76,1,875
76,2,905
76,3,995
76,4,944
76,5,933
76,6,895
76,7,876
76,8,842
76,9,874
76,10,895
76,11,913
76,12,893
76,13,922
76,14,877
76,15,790
76,16,821
76,17,857
76,18,866
76,19,862
76,20,860
76,21,837
76,22,821
76,23,846
76,24,883
76,25,861
76,26,892
76,27,848
76,28,821
76,29,806
76,30,855
76,31,905
76,32,937
76,33,906
76,34,878
76,35,869
76,36,863
76,37,832
76,38,844
76,39,922
76,40,936
76,41,896
76,42,906
76,43,877
76,44,830
76,45,814
76,46,849
76,47,843
76,48,856
76,49,884
76,50,849
76,51,810
76,52,844
76,53,892
76,54,867
76,55,896
76,56,932
76,57,869
76,58,842
76,59,883
76,60,906
76,61,908
76,62,955
76,63,959
76,64,936
76,65,863
76,66,892
76,67,903
76,68,901
76,69,889
76,70,867
76,71,849
76,72,810
76,73,781
76,74,843
76,75,880
76,76,882
76,77,861
76,78,859
76,79,846
76,80,825
76,81,872
76,82,888
76,83,897
76,84,876
76,85,875
76,86,864
76,87,834
76,88,844
76,89,875
76,90,892
77,1,872
77,2,948
77,3,1033
77,4,979
77,5,973
77,6,927
77,7,890
77,8,851
77,9,919
77,10,937
77,11,945
77,12,928
77,13,962
77,14,891
77,15,793
77,16,866
77,17,891
77,18,910
77,19,894
77,20,891
77,21,856
77,22,839
77,23,889
77,24,912
77,25,893
77,26,925
77,27,874
77,28,830
77,29,810
77,30,895
77,31,941
77,32,975
77,33,942
77,34,916
77,35,908
77,36,879
77,37,844
77,38,884
77,39,964
77,40,977
77,41,935
77,42,950
77,43,894
77,44,841
77,45,853
77,46,890
77,47,873
77,48,889
77,49,921
77,50,862
77,51,820
77,52,883
77,53,930
77,54,894
77,55,939
77,56,968
77,57,882
77,58,845
77,59,925
77,60,952
77,61,945
77,62,995
77,63,997
77,64,971
77,65,873
77,66,903
77,67,948
77,68,946
77,69,934
77,70,895
77,71,885
77,72,816
77,73,783
77,74,884
77,75,915
77,76,917
77,77,894
77,78,896
77,79,859
77,80,830
77,81,907
77,82,925
77,83,937
77,84,912
77,85,910
77,86,878
77,87,843
77,88,886
77,89,909
77,90,926
78,1,883
78,2,1076
78,3,1154
78,4,1103
78,5,1097
78,6,1038
78,7,930
78,8,878
78,9,1052
78,10,1061
78,11,1070
78,12,1051
78,13,1084
78,14,940
78,15,814
78,16,986
78,17,995
78,18,1029
78,19,1014
78,20,999
78,21,899
78,22,863
78,23,999
78,24,1014
78,25,998
78,26,1017
78,27,947
78,28,859
78,29,826
78,30,1007
78,31,1056
78,32,1095
78,33,1061
78,34,1038
78,35,1023
78,36,923
78,37,871
78,38,1019
78,39,1090
78,40,1098
78,41,1066
78,42,1070
78,43,940
78,44,874
78,45,970
78,46,1010
78,47,986
78,48,997
78,49,1036
78,50,903
78,51,844
78,52,986
78,53,1028
78,54,993
78,55,1025
78,56,1060
78,57,911
78,58,866
78,59,1043
78,60,1065
78,61,1064
78,62,1117
78,63,1121
78,64,1088
78,65,919
78,66,931
78,67,1081
78,68,1075
78,69,1058
78,70,1019
78,71,979
78,72,853
78,73,810
78,74,999
78,75,1026
78,76,1025
78,77,1005
78,78,998
78,79,897
78,80,854
78,81,1016
78,82,1024
78,83,1041
78,84,1010
78,85,1009
78,86,916
78,87,863
78,88,1009
78,89,1027
78,90,1050
79,1,921
79,2,1295
79,3,1353
79,4,1308
79,5,1299
79,6,1225
79,7,997
79,8,924
79,9,1255
79,10,1287
79,11,1289
79,12,1264
79,13,1279
79,14,1007
79,15,851
79,16,1162
79,17,1158
79,18,1205
79,19,1197
79,20,1181
79,21,956
79,22,892
79,23,1153
79,24,1172
79,25,1153
79,26,1158
79,27,1087
79,28,909
79,29,851
79,30,1205
79,31,1278
79,32,1292
79,33,1277
79,34,1242
79,35,1221
79,36,985
79,37,914
79,38,1230
79,39,1290
79,40,1298
79,41,1261
79,42,1267
79,43,1013
79,44,911
79,45,1159
79,46,1199
79,47,1167
79,48,1195
79,49,1215
79,50,972
79,51,882
79,52,1148
79,53,1180
79,54,1149
79,55,1182
79,56,1185
79,57,979
79,58,903
79,59,1238
79,60,1252
79,61,1289
79,62,1317
79,63,1324
79,64,1283
79,65,1003
79,66,984
79,67,1293
79,68,1281
79,69,1262
79,70,1227
79,71,1159
79,72,928
79,73,851
79,74,1190
79,75,1210
79,76,1215
79,77,1192
79,78,1180
79,79,968
79,80,900
79,81,1177
79,82,1173
79,83,1195
79,84,1157
79,85,1151
79,86,982
79,87,905
79,88,1209
79,89,1229
79,90,1247
80,1,981
80,2,1428
80,3,1462
80,4,1423
80,5,1409
80,6,1341
80,7,1112
80,8,1025
80,9,1382
80,10,1433
80,11,1417
80,12,1392
80,13,1392
80,14,1121
80,15,950
80,16,1299
80,17,1289
80,18,1338
80,19,1333
80,20,1327
80,21,1067
80,22,984
80,23,1302
80,24,1306
80,25,1283
80,26,1283
80,27,1234
80,28,1032
80,29,952
80,30,1347
80,31,1413
80,32,1407
80,33,1401
80,34,1358
80,35,1352
80,36,1101
80,37,1004
80,38,1358
80,39,1411
80,40,1416
80,41,1374
80,42,1385
80,43,1131
80,44,1007
80,45,1301
80,46,1327
80,47,1308
80,48,1322
80,49,1339
80,50,1090
80,51,974
80,52,1294
80,53,1301
80,54,1291
80,55,1327
80,56,1315
80,57,1095
80,58,996
80,59,1366
80,60,1375
80,61,1438
80,62,1424
80,63,1431
80,64,1399
80,65,1123
80,66,1077
80,67,1409
80,68,1396
80,69,1377
80,70,1358
80,71,1284
80,72,1047
80,73,959
80,74,1325
80,75,1331
80,76,1342
80,77,1320
80,78,1309
80,79,1088
80,80,988
80,81,1323
80,82,1301
80,83,1319
80,84,1285
80,85,1280
80,86,1087
80,87,994
80,88,1341
80,89,1366
80,90,1391
81,1,1076
81,2,1467
81,3,1476
81,4,1428
81,5,1410
81,6,1366
81,7,1224
81,8,1135
81,9,1409
81,10,1469
81,11,1432
81,12,1411
81,13,1410
81,14,1224
81,15,1068
81,16,1344
81,17,1333
81,18,1368
81,19,1372
81,20,1374
81,21,1172
81,22,1084
81,23,1387
81,24,1366
81,25,1334
81,26,1340
81,27,1311
81,28,1152
81,29,1075
81,30,1403
81,31,1449
81,32,1416
81,33,1414
81,34,1380
81,35,1379
81,36,1211
81,37,1107
81,38,1385
81,39,1424
81,40,1432
81,41,1386
81,42,1398
81,43,1231
81,44,1116
81,45,1355
81,46,1357
81,47,1359
81,48,1350
81,49,1370
81,50,1219
81,51,1092
81,52,1369
81,53,1350
81,54,1368
81,55,1394
81,56,1381
81,57,1200
81,58,1110
81,59,1385
81,60,1399
81,61,1476
81,62,1440
81,63,1445
81,64,1430
81,65,1246
81,66,1175
81,67,1420
81,68,1399
81,69,1393
81,70,1388
81,71,1327
81,72,1185
81,73,1081
81,74,1367
81,75,1367
81,76,1371
81,77,1365
81,78,1354
81,79,1195
81,80,1106
81,81,1395
81,82,1352
81,83,1368
81,84,1338
81,85,1340
81,86,1183
81,87,1093
81,88,1377
81,89,1410
81,90,1421
82,1,1172
82,2,1491
82,3,1473
82,4,1427
82,5,1404
82,6,1367
82,7,1282
82,8,1201
82,9,1407
82,10,1492
82,11,1442
82,12,1416
82,13,1407
82,14,1277
82,15,1147
82,16,1373
82,17,1356
82,18,1380
82,19,1388
82,20,1404
82,21,1229
82,22,1147
82,23,1431
82,24,1393
82,25,1361
82,26,1361
82,27,1359
82,28,1223
82,29,1164
82,30,1441
82,31,1459
82,32,1420
82,33,1417
82,34,1390
82,35,1394
82,36,1272
82,37,1180
82,38,1393
82,39,1429
82,40,1438
82,41,1387
82,42,1398
82,43,1274
82,44,1176
82,45,1381
82,46,1370
82,47,1398
82,48,1370
82,49,1383
82,50,1313
82,51,1194
82,52,1403
82,53,1369
82,54,1414
82,55,1435
82,56,1409
82,57,1268
82,58,1210
82,59,1361
82,60,1405
82,61,1494
82,62,1436
82,63,1448
82,64,1439
82,65,1323
82,66,1238
82,67,1419
82,68,1399
82,69,1404
82,70,1402
82,71,1344
82,72,1267
82,73,1159
82,74,1385
82,75,1382
82,76,1392
82,77,1388
82,78,1374
82,79,1251
82,80,1204
82,81,1434
82,82,1381
82,83,1386
82,84,1366
82,85,1361
82,86,1236
82,87,1162
82,88,1393
82,89,1428
82,90,1438
83,1,1229
83,2,1513
83,3,1468
83,4,1426
83,5,1396
83,6,1361
83,7,1289
83,8,1216
83,9,1411
83,10,1511
83,11,1443
83,12,1426
83,13,1404
83,14,1282
83,15,1172
83,16,1401
83,17,1376
83,18,1387
83,19,1405
83,20,1424
83,21,1246
83,22,1163
83,23,1458
83,24,1410
83,25,1376
83,26,1382
83,27,1397
83,28,1258
83,29,1214
83,30,1462
83,31,1471
83,32,1428
83,33,1424
83,34,1404
83,35,1404
83,36,1282
83,37,1204
83,38,1410
83,39,1429
83,40,1437
83,41,1392
83,42,1399
83,43,1270
83,44,1189
83,45,1396
83,46,1394
83,47,1444
83,48,1387
83,49,1389
83,50,1350
83,51,1249
83,52,1426
83,53,1383
83,54,1445
83,55,1456
83,56,1422
83,57,1286
83,58,1272
83,59,1380
83,60,1423
83,61,1518
83,62,1444
83,63,1452
83,64,1445
83,65,1350
83,66,1249
83,67,1427
83,68,1405
83,69,1417
83,70,1422
83,71,1360
83,72,1293
83,73,1179
83,74,1411
83,75,1402
83,76,1411
83,77,1413
83,78,1391
83,79,1262
83,80,1255
83,81,1460
83,82,1388
83,83,1394
83,84,1381
83,85,1377
83,86,1245
83,87,1189
83,88,1413
83,89,1451
83,90,1453
84,1,1265
84,2,1519
84,3,1462
84,4,1410
84,5,1384
84,6,1348
84,7,1273
84,8,1210
84,9,1403
84,10,1508
84,11,1444
84,12,1422
84,13,1391
84,14,1252
84,15,1172
84,16,1415
84,17,1378
84,18,1386
84,19,1408
84,20,1421
84,21,1236
84,22,1159
84,23,1465
84,24,1409
84,25,1378
84,26,1381
84,27,1419
84,28,1266
84,29,1233
84,30,1473
84,31,1473
84,32,1415
84,33,1420
84,34,1401
84,35,1397
84,36,1260
84,37,1205
84,38,1405
84,39,1421
84,40,1428
84,41,1384
84,42,1380
84,43,1248
84,44,1183
84,45,1401
84,46,1396
84,47,1470
84,48,1384
84,49,1377
84,50,1342
84,51,1274
84,52,1431
84,53,1391
84,54,1460
84,55,1457
84,56,1419
84,57,1293
84,58,1297
84,59,1381
84,60,1417
84,61,1521
84,62,1440
84,63,1449
84,64,1426
84,65,1342
84,66,1245
84,67,1420
84,68,1400
84,69,1420
84,70,1423
84,71,1362
84,72,1283
84,73,1185
84,74,1411
84,75,1407
84,76,1410
84,77,1413
84,78,1383
84,79,1252
84,80,1286
84,81,1460
84,82,1393
84,83,1388
84,84,1377
84,85,1369
84,86,1230
84,87,1194
84,88,1415
84,89,1458
84,90,1459
85,1,1280
85,2,1498
85,3,1441
85,4,1387
85,5,1365
85,6,1325
85,7,1239
85,8,1179
85,9,1385
85,10,1495
85,11,1427
85,12,1394
85,13,1366
85,14,1221
85,15,1160
85,16,1417
85,17,1364
85,18,1374
85,19,1405
85,20,1408
85,21,1204
85,22,1142
85,23,1444
85,24,1392
85,25,1357
85,26,1368
85,27,1420
85,28,1256
85,29,1243
85,30,1458
85,31,1456
85,32,1402
85,33,1402
85,34,1389
85,35,1376
85,36,1227
85,37,1188
85,38,1388
85,39,1404
85,40,1402
85,41,1373
85,42,1359
85,43,1211
85,44,1171
85,45,1387
85,46,1385
85,47,1480
85,48,1372
85,49,1360
85,50,1332
85,51,1273
85,52,1414
85,53,1381
85,54,1452
85,55,1445
85,56,1394
85,57,1287
85,58,1306
85,59,1372
85,60,1370
85,61,1502
85,62,1430
85,63,1426
85,64,1394
85,65,1317
85,66,1226
85,67,1395
85,68,1388
85,69,1403
85,70,1412
85,71,1344
85,72,1261
85,73,1171
85,74,1401
85,75,1395
85,76,1400
85,77,1410
85,78,1363
85,79,1232
85,80,1284
85,81,1447
85,82,1384
85,83,1373
85,84,1366
85,85,1345
85,86,1206
85,87,1183
85,88,1405
85,89,1447
85,90,1449
86,1,1271
86,2,1475
86,3,1426
86,4,1385
86,5,1354
86,6,1313
86,7,1206
86,8,1121
86,9,1373
86,10,1487
86,11,1425
86,12,1381
86,13,1348
86,14,1193
86,15,1145
86,16,1428
86,17,1366
86,18,1369
86,19,1418
86,20,1395
86,21,1169
86,22,1118
86,23,1434
86,24,1388
86,25,1350
86,26,1370
86,27,1428
86,28,1243
86,29,1238
86,30,1444
86,31,1453
86,32,1387
86,33,1392
86,34,1383
86,35,1359
86,36,1194
86,37,1164
86,38,1375
86,39,1393
86,40,1387
86,41,1363
86,42,1350
86,43,1180
86,44,1150
86,45,1384
86,46,1392
86,47,1487
86,48,1363
86,49,1350
86,50,1306
86,51,1239
86,52,1404
86,53,1378
86,54,1448
86,55,1434
86,56,1379
86,57,1282
86,58,1289
86,59,1369
86,60,1362
86,61,1489
86,62,1433
86,63,1415
86,64,1387
86,65,1284
86,66,1194
86,67,1387
86,68,1380
86,69,1407
86,70,1410
86,71,1342
86,72,1237
86,73,1127
86,74,1388
86,75,1397
86,76,1405
86,77,1416
86,78,1360
86,79,1206
86,80,1266
86,81,1437
86,82,1383
86,83,1367
86,84,1364
86,85,1339
86,86,1177
86,87,1160
86,88,1398
86,89,1446
86,90,1446
87,1,1248
87,2,1446
87,3,1396
87,4,1355
87,5,1332
87,6,1292
87,7,1174
87,8,1066
87,9,1346
87,10,1469
87,11,1411
87,12,1355
87,13,1319
87,14,1159
87,15,1122
87,16,1429
87,17,1353
87,18,1349
87,19,1414
87,20,1364
87,21,1138
87,22,1094
87,23,1408
87,24,1358
87,25,1329
87,26,1360
87,27,1419
87,28,1234
87,29,1226
87,30,1420
87,31,1431
87,32,1367
87,33,1371
87,34,1368
87,35,1336
87,36,1165
87,37,1142
87,38,1351
87,39,1378
87,40,1361
87,41,1346
87,42,1321
87,43,1152
87,44,1125
87,45,1367
87,46,1384
87,47,1478
87,48,1351
87,49,1333
87,50,1277
87,51,1206
87,52,1383
87,53,1362
87,54,1434
87,55,1407
87,56,1357
87,57,1279
87,58,1272
87,59,1344
87,60,1359
87,61,1465
87,62,1422
87,63,1390
87,64,1375
87,65,1259
87,66,1164
87,67,1363
87,68,1363
87,69,1391
87,70,1395
87,71,1328
87,72,1211
87,73,1084
87,74,1372
87,75,1389
87,76,1391
87,77,1408
87,78,1335
87,79,1185
87,80,1247
87,81,1423
87,82,1370
87,83,1343
87,84,1345
87,85,1312
87,86,1156
87,87,1143
87,88,1384
87,89,1428
87,90,1428
88,1,1239
88,2,1429
88,3,1378
88,4,1335
88,5,1316
88,6,1274
88,7,1159
88,8,1038
88,9,1338
88,10,1474
88,11,1409
88,12,1334
88,13,1295
88,14,1150
88,15,1115
88,16,1420
88,17,1341
88,18,1335
88,19,1401
88,20,1347
88,21,1113
88,22,1091
88,23,1391
88,24,1338
88,25,1307
88,26,1350
88,27,1401
88,28,1232
88,29,1228
88,30,1408
88,31,1423
88,32,1353
88,33,1354
88,34,1359
88,35,1312
88,36,1149
88,37,1133
88,38,1337
88,39,1372
88,40,1339
88,41,1324
88,42,1295
88,43,1135
88,44,1119
88,45,1351
88,46,1383
88,47,1466
88,48,1331
88,49,1309
88,50,1272
88,51,1182
88,52,1364
88,53,1338
88,54,1420
88,55,1391
88,56,1333
88,57,1280
88,58,1247
88,59,1378
88,60,1347
88,61,1461
88,62,1425
88,63,1382
88,64,1378
88,65,1255
88,66,1152
88,67,1345
88,68,1348
88,69,1372
88,70,1376
88,71,1302
88,72,1196
88,73,1055
88,74,1351
88,75,1374
88,76,1373
88,77,1389
88,78,1310
88,79,1175
88,80,1251
88,81,1397
88,82,1357
88,83,1318
88,84,1327
88,85,1285
88,86,1143
88,87,1143
88,88,1361
88,89,1422
88,90,1421
89,1,1249
89,2,1439
89,3,1378
89,4,1336
89,5,1314
89,6,1272
89,7,1161
89,8,1034
89,9,1339
89,10,1499
89,11,1423
89,12,1332
89,13,1280
89,14,1162
89,15,1136
89,16,1414
89,17,1338
89,18,1334
89,19,1399
89,20,1349
89,21,1110
89,22,1119
89,23,1409
89,24,1329
89,25,1302
89,26,1344
89,27,1388
89,28,1238
89,29,1251
89,30,1413
89,31,1431
89,32,1350
89,33,1348
89,34,1364
89,35,1297
89,36,1153
89,37,1153
89,38,1344
89,39,1396
89,40,1338
89,41,1320
89,42,1280
89,43,1142
89,44,1138
89,45,1345
89,46,1380
89,47,1459
89,48,1327
89,49,1291
89,50,1282
89,51,1176
89,52,1367
89,53,1341
89,54,1438
89,55,1388
89,56,1320
89,57,1303
89,58,1233
89,59,1394
89,60,1355
89,61,1483
89,62,1437
89,63,1387
89,64,1401
89,65,1263
89,66,1169
89,67,1334
89,68,1337
89,69,1370
89,70,1364
89,71,1291
89,72,1196
89,73,1051
89,74,1355
89,75,1370
89,76,1370
89,77,1375
89,78,1301
89,79,1188
89,80,1275
89,81,1400
89,82,1357
89,83,1315
89,84,1313
89,85,1272
89,86,1149
89,87,1163
89,88,1357
89,89,1450
89,90,1433
90,1,1307
90,2,1474
90,3,1391
90,4,1355
90,5,1333
90,6,1271
90,7,1178
90,8,1051
90,9,1369
90,10,1543
90,11,1444
90,12,1335
90,13,1269
90,14,1185
90,15,1173
90,16,1405
90,17,1339
90,18,1341
90,19,1388
90,20,1352
90,21,1124
90,22,1171
90,23,1437
90,24,1327
90,25,1301
90,26,1331
90,27,1353
90,28,1256
90,29,1287
90,30,1438
90,31,1447
90,32,1360
90,33,1352
90,34,1375
90,35,1289
90,36,1169
90,37,1187
90,38,1367
90,39,1438
90,40,1345
90,41,1325
90,42,1270
90,43,1158
90,44,1172
90,45,1345
90,46,1372
90,47,1451
90,48,1327
90,49,1281
90,50,1296
90,51,1188
90,52,1363
90,53,1332
90,54,1462
90,55,1389
90,56,1305
90,57,1332
90,58,1241
90,59,1426
90,60,1358
90,61,1519
90,62,1462
90,63,1399
90,64,1429
90,65,1281
90,66,1208
90,67,1345
90,68,1350
90,69,1372
90,70,1361
90,71,1288
90,72,1202
90,73,1069
90,74,1382
90,75,1384
90,76,1359
90,77,1361
90,78,1290
90,79,1223
90,80,1313
90,81,1416
90,82,1370
90,83,1314
90,84,1310
90,85,1260
90,86,1161
90,87,1200
90,88,1370
90,89,1481
90,90,1445
91,1,1352
91,2,1506
91,3,1410
91,4,1362
91,5,1358
91,6,1266
91,7,1194
91,8,1090
91,9,1407
91,10,1558
91,11,1456
91,12,1337
91,13,1260
91,14,1208
91,15,1219
91,16,1396
91,17,1336
91,18,1338
91,19,1370
91,20,1335
91,21,1128
91,22,1216
91,23,1435
91,24,1323
91,25,1291
91,26,1318
91,27,1322
91,28,1245
91,29,1307
91,30,1443
91,31,1464
91,32,1374
91,33,1363
91,34,1400
91,35,1286
91,36,1178
91,37,1210
91,38,1385
91,39,1461
91,40,1361
91,41,1333
91,42,1267
91,43,1162
91,44,1187
91,45,1342
91,46,1357
91,47,1455
91,48,1327
91,49,1272
91,50,1301
91,51,1195
91,52,1356
91,53,1320
91,54,1460
91,55,1375
91,56,1291
91,57,1336
91,58,1254
91,59,1460
91,60,1357
91,61,1536
91,62,1481
91,63,1430
91,64,1421
91,65,1291
91,66,1239
91,67,1359
91,68,1356
91,69,1387
91,70,1352
91,71,1291
91,72,1208
91,73,1113
91,74,1413
91,75,1401
91,76,1356
91,77,1350
91,78,1278
91,79,1243
91,80,1322
91,81,1421
91,82,1378
91,83,1312
91,84,1314
91,85,1250
91,86,1168
91,87,1210
91,88,1391
91,89,1479
91,90,1456
92,1,1393
92,2,1569
92,3,1489
92,4,1433
92,5,1425
92,6,1315
92,7,1257
92,8,1214
92,9,1470
92,10,1563
92,11,1484
92,12,1399
92,13,1306
92,14,1254
92,15,1290
92,16,1441
92,17,1372
92,18,1382
92,19,1397
92,20,1345
92,21,1168
92,22,1257
92,23,1436
92,24,1348
92,25,1323
92,26,1337
92,27,1323
92,28,1257
92,29,1329
92,30,1450
92,31,1525
92,32,1460
92,33,1440
92,34,1463
92,35,1338
92,36,1236
92,37,1283
92,38,1447
92,39,1499
92,40,1431
92,41,1391
92,42,1313
92,43,1216
92,44,1250
92,45,1384
92,46,1393
92,47,1505
92,48,1369
92,49,1314
92,50,1305
92,51,1222
92,52,1377
92,53,1340
92,54,1458
92,55,1386
92,56,1294
92,57,1333
92,58,1290
92,59,1464
92,60,1374
92,61,1562
92,62,1532
92,63,1494
92,64,1418
92,65,1328
92,66,1320
92,67,1431
92,68,1419
92,69,1452
92,70,1401
92,71,1333
92,72,1260
92,73,1202
92,74,1459
92,75,1440
92,76,1398
92,77,1389
92,78,1317
92,79,1274
92,80,1336
92,81,1446
92,82,1402
92,83,1338
92,84,1342
92,85,1271
92,86,1192
92,87,1249
92,88,1416
92,89,1484
92,90,1469
93,1,1373
93,2,1563
93,3,1502
93,4,1455
93,5,1428
93,6,1344
93,7,1294
93,8,1270
93,9,1455
93,10,1504
93,11,1455
93,12,1440
93,13,1355
93,14,1263
93,15,1295
93,16,1480
93,17,1410
93,18,1420
93,19,1439
93,20,1346
93,21,1222
93,22,1252
93,23,1410
93,24,1380
93,25,1377
93,26,1392
93,27,1377
93,28,1316
93,29,1337
93,30,1429
93,31,1513
93,32,1473
93,33,1455
93,34,1448
93,35,1366
93,36,1269
93,37,1327
93,38,1467
93,39,1483
93,40,1454
93,41,1431
93,42,1356
93,43,1259
93,44,1307
93,45,1424
93,46,1442
93,47,1488
93,48,1418
93,49,1349
93,50,1285
93,51,1275
93,52,1415
93,53,1397
93,54,1430
93,55,1439
93,56,1358
93,57,1317
93,58,1345
93,59,1468
93,60,1428
93,61,1519
93,62,1513
93,63,1481
93,64,1391
93,65,1341
93,66,1362
93,67,1454
93,68,1441
93,69,1453
93,70,1432
93,71,1334
93,72,1292
93,73,1256
93,74,1441
93,75,1448
93,76,1453
93,77,1435
93,78,1353
93,79,1273
93,80,1314
93,81,1425
93,82,1394
93,83,1393
93,84,1382
93,85,1327
93,86,1249
93,87,1313
93,88,1435
93,89,1458
93,90,1454
94,1,1270
94,2,1451
94,3,1393
94,4,1351
94,5,1327
94,6,1268
94,7,1230
94,8,1190
94,9,1331
94,10,1373
94,11,1334
94,12,1344
94,13,1278
94,14,1185
94,15,1179
94,16,1359
94,17,1296
94,18,1308
94,19,1340
94,20,1260
94,21,1163
94,22,1155
94,23,1295
94,24,1280
94,25,1292
94,26,1306
94,27,1301
94,28,1245
94,29,1230
94,30,1304
94,31,1394
94,32,1361
94,33,1342
94,34,1327
94,35,1285
94,36,1200
94,37,1206
94,38,1347
94,39,1361
94,40,1344
94,41,1328
94,42,1281
94,43,1189
94,44,1193
94,45,1295
94,46,1327
94,47,1350
94,48,1322
94,49,1264
94,50,1210
94,51,1194
94,52,1316
94,53,1304
94,54,1320
94,55,1355
94,56,1297
94,57,1240
94,58,1251
94,59,1351
94,60,1337
94,61,1395
94,62,1392
94,63,1371
94,64,1302
94,65,1273
94,66,1250
94,67,1328
94,68,1326
94,69,1321
94,70,1326
94,71,1250
94,72,1219
94,73,1162
94,74,1317
94,75,1326
94,76,1343
94,77,1326
94,78,1265
94,79,1196
94,80,1208
94,81,1311
94,82,1298
94,83,1301
94,84,1295
94,85,1260
94,86,1190
94,87,1212
94,88,1321
94,89,1339
94,90,1337
95,1,1144
95,2,1288
95,3,1232
95,4,1197
95,5,1171
95,6,1149
95,7,1122
95,8,1066
95,9,1158
95,10,1210
95,11,1173
95,12,1192
95,13,1157
95,14,1073
95,15,1044
95,16,1181
95,17,1130
95,18,1145
95,19,1183
95,20,1133
95,21,1061
95,22,1042
95,23,1145
95,24,1131
95,25,1149
95,26,1152
95,27,1168
95,28,1127
95,29,1097
95,30,1135
95,31,1232
95,32,1195
95,33,1174
95,34,1167
95,35,1157
95,36,1090
95,37,1064
95,38,1182
95,39,1199
95,40,1180
95,41,1172
95,42,1155
95,43,1077
95,44,1048
95,45,1123
95,46,1157
95,47,1175
95,48,1166
95,49,1134
95,50,1093
95,51,1070
95,52,1172
95,53,1158
95,54,1178
95,55,1215
95,56,1181
95,57,1132
95,58,1120
95,59,1188
95,60,1179
95,61,1234
95,62,1229
95,63,1213
95,64,1174
95,65,1163
95,66,1114
95,67,1161
95,68,1155
95,69,1157
95,70,1155
95,71,1115
95,72,1094
95,73,1038
95,74,1147
95,75,1159
95,76,1169
95,77,1159
95,78,1133
95,79,1082
95,80,1089
95,81,1162
95,82,1153
95,83,1151
95,84,1150
95,85,1139
95,86,1080
95,87,1072
95,88,1154
95,89,1171
95,90,1176
96,1,1021
96,2,1145
96,3,1096
96,4,1059
96,5,1031
96,6,1026
96,7,1008
96,8,961
96,9,1023
96,10,1064
96,11,1032
96,12,1056
96,13,1034
96,14,964
96,15,933
96,16,1019
96,17,995
96,18,1009
96,19,1033
96,20,1007
96,21,960
96,22,947
96,23,1018
96,24,999
96,25,1023
96,26,1016
96,27,1032
96,28,1004
96,29,980
96,30,996
96,31,1090
96,32,1053
96,33,1030
96,34,1029
96,35,1023
96,36,978
96,37,946
96,38,1047
96,39,1065
96,40,1038
96,41,1034
96,42,1028
96,43,968
96,44,926
96,45,980
96,46,1008
96,47,1022
96,48,1022
96,49,1017
96,50,984
96,51,961
96,52,1037
96,53,1024
96,54,1046
96,55,1081
96,56,1047
96,57,1016
96,58,1006
96,59,1049
96,60,1039
96,61,1092
96,62,1090
96,63,1077
96,64,1043
96,65,1053
96,66,998
96,67,1027
96,68,1018
96,69,1020
96,70,1008
96,71,990
96,72,973
96,73,937
96,74,1012
96,75,1022
96,76,1022
96,77,1015
96,78,1011
96,79,979
96,80,985
96,81,1032
96,82,1028
96,83,1019
96,84,1017
96,85,1018
96,86,974
96,87,953
96,88,1016
96,89,1037
96,90,1031
